split,method,PR_AUC,ROC_AUC,t0.5_thr,t0.5_precision,t0.5_recall,t0.5_f1,t0.5_fpr,t0.5_tp,t0.5_fp,t0.5_fn,t0.5_tn,t0.5_n,F1opt_thr,F1opt_precision,F1opt_recall,F1opt_f1,F1opt_fpr,F1opt_tp,F1opt_fp,F1opt_fn,F1opt_tn,F1opt_n,rec80_thr,rec80_precision,rec80_recall,rec80_f1,rec80_fpr,rec80_tp,rec80_fp,rec80_fn,rec80_tn,rec80_n,rec90_thr,rec90_precision,rec90_recall,rec90_f1,rec90_fpr,rec90_tp,rec90_fp,rec90_fn,rec90_tn,rec90_n,fpr1_thr,fpr1_precision,fpr1_recall,fpr1_f1,fpr1_fpr,fpr1_tp,fpr1_fp,fpr1_fn,fpr1_tn,fpr1_n,fpr2_thr,fpr2_precision,fpr2_recall,fpr2_f1,fpr2_fpr,fpr2_tp,fpr2_fp,fpr2_fn,fpr2_tn,fpr2_n
1,ADASYN,0.8055938205947586,0.9660275862068965,0.5,0.5714285714285714,0.8,0.6666666666666666,0.020689655172413793,40,30,10,1420,1500,0.614474,0.6964285714285714,0.78,0.7358490566037736,0.011724137931034483,39,17,11,1433,1500,0.47,0.5526315789473685,0.84,0.6666666666666667,0.023448275862068966,42,34,8,1416,1500,0.35,0.4725274725274725,0.86,0.6099290780141844,0.03310344827586207,43,48,7,1402,1500,0.614474,0.6964285714285714,0.78,0.7358490566037736,0.011724137931034483,39,17,11,1433,1500,0.43,0.525,0.84,0.6461538461538462,0.02620689655172414,42,38,8,1412,1500
1,Baseline,0.8295160069741591,0.9700344827586207,0.5,0.96875,0.62,0.7560975609756097,0.000689655172413793,31,1,19,1449,1500,0.189831,0.6060606060606061,0.8,0.689655172413793,0.01793103448275862,40,26,10,1424,1500,0.189831,0.6060606060606061,0.8,0.689655172413793,0.01793103448275862,40,26,10,1424,1500,0.085,0.41836734693877553,0.82,0.5540540540540541,0.039310344827586205,41,57,9,1393,1500,0.235,0.6785714285714286,0.76,0.7169811320754718,0.012413793103448275,38,18,12,1432,1500,0.15,0.5774647887323944,0.82,0.6776859504132231,0.020689655172413793,41,30,9,1420,1500
1,Borderline-SMOTE,0.8199581256021086,0.9784137931034482,0.5,0.6666666666666666,0.76,0.7102803738317756,0.01310344827586207,38,19,12,1431,1500,0.484181,0.6333333333333333,0.76,0.6909090909090909,0.015172413793103448,38,22,12,1428,1500,0.484181,0.6333333333333333,0.76,0.6909090909090909,0.015172413793103448,38,22,12,1428,1500,0.193404,0.44680851063829785,0.84,0.5833333333333334,0.03586206896551724,42,52,8,1398,1500,0.484181,0.6333333333333333,0.76,0.6909090909090909,0.015172413793103448,38,22,12,1428,1500,0.341082,0.56,0.84,0.6720000000000002,0.022758620689655173,42,33,8,1417,1500
1,Multi WGAN-GP,0.8320542001297243,0.9891310344827586,0.5,0.4782608695652174,0.88,0.619718309859155,0.03310344827586207,44,48,6,1402,1500,0.82,0.8333333333333334,0.6,0.6976744186046512,0.004137931034482759,30,6,20,1444,1500,0.6,0.6190476190476191,0.78,0.6902654867256637,0.016551724137931035,39,24,11,1426,1500,0.348499,0.3949579831932773,0.94,0.5562130177514794,0.0496551724137931,47,72,3,1378,1500,0.765449,0.8,0.64,0.7111111111111111,0.005517241379310344,32,8,18,1442,1500,0.666789,0.6785714285714286,0.76,0.7169811320754718,0.012413793103448275,38,18,12,1432,1500
1,RUS,0.6978399593003892,0.9803448275862068,0.5,0.2608695652173913,0.96,0.4102564102564102,0.09379310344827586,48,136,2,1314,1500,0.823446,0.6101694915254238,0.72,0.6605504587155964,0.015862068965517243,36,23,14,1427,1500,0.741802,0.4367816091954023,0.76,0.5547445255474454,0.03379310344827586,38,49,12,1401,1500,0.670623,0.3684210526315789,0.84,0.5121951219512195,0.0496551724137931,42,72,8,1378,1500,0.882327,0.7272727272727273,0.64,0.6808510638297872,0.008275862068965517,32,12,18,1438,1500,0.823446,0.6101694915254238,0.72,0.6605504587155964,0.015862068965517243,36,23,14,1427,1500
1,SMOTE,0.8156529456775485,0.972344827586207,0.5,0.5,0.78,0.609375,0.02689655172413793,39,39,11,1411,1500,0.595024,0.6551724137931034,0.76,0.7037037037037037,0.013793103448275862,38,20,12,1430,1500,0.581482,0.639344262295082,0.78,0.7027027027027027,0.015172413793103448,39,22,11,1428,1500,0.418184,0.49411764705882355,0.84,0.6222222222222222,0.029655172413793104,42,43,8,1407,1500,0.581482,0.639344262295082,0.78,0.7027027027027027,0.015172413793103448,39,22,11,1428,1500,0.524552,0.5416666666666666,0.78,0.6393442622950819,0.022758620689655173,39,33,11,1417,1500
1,SMOTENC,0.8192996421200665,0.9795586206896553,0.5,0.5555555555555556,0.8,0.6557377049180328,0.022068965517241378,40,32,10,1418,1500,0.563333,0.6129032258064516,0.76,0.6785714285714285,0.016551724137931035,38,24,12,1426,1500,0.472133,0.5194805194805194,0.8,0.6299212598425197,0.025517241379310347,40,37,10,1413,1500,0.301347,0.41904761904761906,0.88,0.5677419354838711,0.04206896551724138,44,61,6,1389,1500,0.563333,0.6129032258064516,0.76,0.6785714285714285,0.016551724137931035,38,24,12,1426,1500,0.472133,0.5194805194805194,0.8,0.6299212598425197,0.025517241379310347,40,37,10,1413,1500
1,Single WGAN-GP,0.7071079472146399,0.971344827586207,0.5,0.5128205128205128,0.8,0.625,0.02620689655172414,40,38,10,1412,1500,0.64,0.6271186440677966,0.74,0.6788990825688074,0.015172413793103448,37,22,13,1428,1500,0.56,0.5333333333333333,0.8,0.64,0.02413793103448276,40,35,10,1415,1500,0.191642,0.25280898876404495,0.9,0.39473684210526316,0.09172413793103448,45,133,5,1317,1500,0.64,0.6271186440677966,0.74,0.6788990825688074,0.015172413793103448,37,22,13,1428,1500,0.528715,0.5263157894736842,0.8,0.6349206349206348,0.02482758620689655,40,36,10,1414,1500
2,ADASYN,0.8277163387802264,0.9772137931034482,0.5,0.6461538461538462,0.84,0.7304347826086957,0.015862068965517243,42,23,8,1427,1500,0.6636,0.7272727272727273,0.8,0.761904761904762,0.010344827586206896,40,15,10,1435,1500,0.549332,0.6774193548387096,0.84,0.75,0.013793103448275862,42,20,8,1430,1500,0.248508,0.34375,0.88,0.49438202247191015,0.057931034482758624,44,84,6,1366,1500,0.6636,0.7272727272727273,0.8,0.761904761904762,0.010344827586206896,40,15,10,1435,1500,0.549332,0.6774193548387096,0.84,0.75,0.013793103448275862,42,20,8,1430,1500
2,Baseline,0.8351836601798329,0.9790551724137931,0.5,0.8085106382978723,0.76,0.7835051546391754,0.006206896551724138,38,9,12,1441,1500,0.356121,0.6779661016949152,0.8,0.7339449541284404,0.01310344827586207,40,19,10,1431,1500,0.358271,0.7017543859649122,0.8,0.7476635514018691,0.011724137931034483,40,17,10,1433,1500,0.194784,0.3739130434782609,0.86,0.5212121212121212,0.0496551724137931,43,72,7,1378,1500,0.381338,0.7142857142857143,0.8,0.7547169811320756,0.011034482758620689,40,16,10,1434,1500,0.288907,0.5833333333333334,0.84,0.6885245901639344,0.020689655172413793,42,30,8,1420,1500
2,Borderline-SMOTE,0.825965749919419,0.9760344827586207,0.5,0.7692307692307693,0.8,0.7843137254901961,0.008275862068965517,40,12,10,1438,1500,0.659637,0.8043478260869565,0.74,0.7708333333333333,0.006206896551724138,37,9,13,1441,1500,0.447445,0.7407407407407407,0.8,0.7692307692307692,0.009655172413793104,40,14,10,1436,1500,0.159458,0.41904761904761906,0.88,0.5677419354838711,0.04206896551724138,44,61,6,1389,1500,0.618746,0.8,0.8,0.8000000000000002,0.006896551724137931,40,10,10,1440,1500,0.377749,0.6896551724137931,0.8,0.7407407407407408,0.012413793103448275,40,18,10,1432,1500
2,Multi WGAN-GP,0.8698657083741552,0.9768,0.5,0.48863636363636365,0.86,0.6231884057971014,0.03103448275862069,43,45,7,1405,1500,0.785535,0.8297872340425532,0.78,0.8041237113402062,0.005517241379310344,39,8,11,1442,1500,0.785535,0.8297872340425532,0.78,0.8041237113402062,0.005517241379310344,39,8,11,1442,1500,0.345189,0.3826086956521739,0.88,0.5333333333333334,0.04896551724137931,44,71,6,1379,1500,0.785535,0.8297872340425532,0.78,0.8041237113402062,0.005517241379310344,39,8,11,1442,1500,0.701041,0.6825396825396826,0.86,0.7610619469026547,0.013793103448275862,43,20,7,1430,1500
2,RUS,0.7088186213865162,0.9753793103448275,0.5,0.23618090452261306,0.94,0.37751004016064255,0.10482758620689656,47,152,3,1298,1500,0.88,0.6666666666666666,0.64,0.6530612244897959,0.011034482758620689,32,16,18,1434,1500,0.825,0.5138888888888888,0.74,0.6065573770491802,0.02413793103448276,37,35,13,1415,1500,0.635,0.30405405405405406,0.9,0.4545454545454546,0.07103448275862069,45,103,5,1347,1500,0.925,0.7837837837837838,0.58,0.6666666666666666,0.005517241379310344,29,8,21,1442,1500,0.86,0.5964912280701754,0.68,0.6355140186915889,0.015862068965517243,34,23,16,1427,1500
2,SMOTE,0.8374316748015019,0.9779034482758622,0.5,0.6307692307692307,0.82,0.7130434782608696,0.016551724137931035,41,24,9,1426,1500,0.741566,0.8,0.72,0.7578947368421052,0.006206896551724138,36,9,14,1441,1500,0.606629,0.6949152542372882,0.82,0.7522935779816514,0.012413793103448275,41,18,9,1432,1500,0.341289,0.4230769230769231,0.88,0.5714285714285714,0.041379310344827586,44,60,6,1390,1500,0.690323,0.782608695652174,0.72,0.7499999999999999,0.006896551724137931,36,10,14,1440,1500,0.464714,0.589041095890411,0.86,0.6991869918699187,0.020689655172413793,43,30,7,1420,1500
2,SMOTENC,0.8358795888713461,0.9777241379310345,0.5,0.6461538461538462,0.84,0.7304347826086957,0.015862068965517243,42,23,8,1427,1500,0.702759,0.76,0.76,0.76,0.008275862068965517,38,12,12,1438,1500,0.626857,0.7407407407407407,0.8,0.7692307692307692,0.009655172413793104,40,14,10,1436,1500,0.24456,0.359375,0.92,0.5168539325842697,0.05655172413793103,46,82,4,1368,1500,0.702759,0.76,0.76,0.76,0.008275862068965517,38,12,12,1438,1500,0.610895,0.7454545454545455,0.82,0.780952380952381,0.009655172413793104,41,14,9,1436,1500
2,Single WGAN-GP,0.8335337398519901,0.977006896551724,0.5,0.47368421052631576,0.9,0.6206896551724138,0.034482758620689655,45,50,5,1400,1500,0.73,0.7166666666666667,0.86,0.7818181818181817,0.011724137931034483,43,17,7,1433,1500,0.599503,0.569620253164557,0.9,0.6976744186046512,0.023448275862068966,45,34,5,1416,1500,0.308333,0.29375,0.94,0.4476190476190477,0.07793103448275862,47,113,3,1337,1500,0.73,0.7166666666666667,0.86,0.7818181818181817,0.011724137931034483,43,17,7,1433,1500,0.651269,0.625,0.9,0.7377049180327869,0.018620689655172412,45,27,5,1423,1500
3,ADASYN,0.8080852241948153,0.9730239922055779,0.5,0.5633802816901409,0.7843137254901961,0.6557377049180328,0.02139406487232574,40,31,11,1418,1500,0.636369,0.6981132075471698,0.7254901960784313,0.7115384615384615,0.011042097998619738,37,16,14,1433,1500,0.531897,0.6060606060606061,0.7843137254901961,0.6837606837606838,0.017943409247757072,40,26,11,1423,1500,0.358736,0.4942528735632184,0.8431372549019608,0.6231884057971014,0.03036576949620428,43,44,8,1405,1500,0.636369,0.6981132075471698,0.7254901960784313,0.7115384615384615,0.011042097998619738,37,16,14,1433,1500,0.425978,0.5454545454545454,0.8235294117647058,0.65625,0.024154589371980676,42,35,9,1414,1500
3,Baseline,0.7882208542517452,0.9720496894409939,0.5,0.7142857142857143,0.6862745098039216,0.7000000000000001,0.00966183574879227,35,14,16,1435,1500,0.380168,0.640625,0.803921568627451,0.7130434782608696,0.015873015873015872,41,23,10,1426,1500,0.453308,0.6610169491525424,0.7647058823529411,0.7090909090909091,0.013802622498274672,39,20,12,1429,1500,0.227742,0.5,0.8627450980392157,0.6330935251798562,0.03036576949620428,44,44,7,1405,1500,0.372044,0.640625,0.803921568627451,0.7130434782608696,0.015873015873015872,41,23,10,1426,1500,0.372044,0.640625,0.803921568627451,0.7130434782608696,0.015873015873015872,41,23,10,1426,1500
3,Borderline-SMOTE,0.7944878464125308,0.9755747709711904,0.5,0.6,0.7647058823529411,0.6724137931034482,0.017943409247757072,39,26,12,1423,1500,0.550385,0.6333333333333333,0.7450980392156863,0.6846846846846847,0.01518288474810214,38,22,13,1427,1500,0.550385,0.6333333333333333,0.7450980392156863,0.6846846846846847,0.01518288474810214,38,22,13,1427,1500,0.24552,0.42574257425742573,0.8431372549019608,0.5657894736842105,0.04002760524499655,43,58,8,1391,1500,0.447547,0.5942028985507246,0.803921568627451,0.6833333333333333,0.01932367149758454,41,28,10,1421,1500,0.3695,0.5443037974683544,0.8431372549019608,0.6615384615384615,0.024844720496894408,43,36,8,1413,1500
3,Multi WGAN-GP,0.7958657117505311,0.9703987875343375,0.5,0.4725274725274725,0.8431372549019608,0.6056338028169014,0.033126293995859216,43,48,8,1401,1500,0.754624,0.7037037037037037,0.7450980392156863,0.7238095238095239,0.011042097998619738,38,16,13,1433,1500,0.77,0.7254901960784313,0.7254901960784313,0.7254901960784313,0.00966183574879227,37,14,14,1435,1500,0.333823,0.3548387096774194,0.8627450980392157,0.5028571428571428,0.05521048999309869,44,80,7,1369,1500,0.721506,0.6779661016949152,0.7843137254901961,0.7272727272727273,0.013112491373360938,40,19,11,1430,1500,0.58207,0.5526315789473685,0.8235294117647058,0.6614173228346457,0.023464458247066944,42,34,9,1415,1500
3,RUS,0.6862758083964932,0.9779834639169677,0.5,0.25380710659898476,0.9803921568627451,0.4032258064516129,0.10144927536231885,50,147,1,1302,1500,0.826849,0.6206896551724138,0.7058823529411765,0.6605504587155964,0.01518288474810214,36,22,15,1427,1500,0.745232,0.43478260869565216,0.7843137254901961,0.5594405594405595,0.035886818495514144,40,52,11,1397,1500,0.68067,0.35772357723577236,0.8627450980392157,0.5057471264367815,0.05452035886818495,44,79,7,1370,1500,0.831339,0.631578947368421,0.7058823529411765,0.6666666666666667,0.014492753623188406,36,21,15,1428,1500,0.826849,0.6206896551724138,0.7058823529411765,0.6605504587155964,0.01518288474810214,36,22,15,1427,1500
3,SMOTE,0.8116834142242749,0.9793637261667951,0.5,0.5121951219512195,0.8235294117647058,0.6315789473684211,0.027605244996549344,42,40,9,1409,1500,0.70691,0.7659574468085106,0.7058823529411765,0.7346938775510204,0.00759144237405107,36,11,15,1438,1500,0.624483,0.6271186440677966,0.7254901960784313,0.6727272727272727,0.01518288474810214,37,22,14,1427,1500,0.532251,0.5333333333333333,0.7843137254901961,0.634920634920635,0.024154589371980676,40,35,11,1414,1500,0.624483,0.6271186440677966,0.7254901960784313,0.6727272727272727,0.01518288474810214,37,22,14,1427,1500,0.532251,0.5333333333333333,0.7843137254901961,0.634920634920635,0.024154589371980676,40,35,11,1414,1500
3,SMOTENC,0.7821013689951761,0.9758724745937022,0.5,0.5063291139240507,0.7843137254901961,0.6153846153846154,0.026915113871635612,40,39,11,1410,1500,0.618071,0.6491228070175439,0.7254901960784313,0.6851851851851852,0.013802622498274672,37,20,14,1429,1500,0.618071,0.6491228070175439,0.7254901960784313,0.6851851851851852,0.013802622498274672,37,20,14,1429,1500,0.461373,0.47126436781609193,0.803921568627451,0.5942028985507246,0.031746031746031744,41,46,10,1403,1500,0.618071,0.6491228070175439,0.7254901960784313,0.6851851851851852,0.013802622498274672,37,20,14,1429,1500,0.546738,0.5714285714285714,0.7843137254901961,0.6611570247933883,0.020703933747412008,40,30,11,1419,1500
3,Single WGAN-GP,0.7345736932112983,0.9677397529059933,0.5,0.5128205128205128,0.7843137254901961,0.6201550387596899,0.026224982746721876,40,38,11,1411,1500,0.654103,0.6545454545454545,0.7058823529411765,0.679245283018868,0.013112491373360938,36,19,15,1430,1500,0.672081,0.6923076923076923,0.7058823529411765,0.6990291262135924,0.011042097998619738,36,16,15,1433,1500,0.269741,0.32116788321167883,0.8627450980392157,0.46808510638297873,0.06418219461697723,44,93,7,1356,1500,0.691838,0.6862745098039216,0.6862745098039216,0.6862745098039216,0.011042097998619738,35,16,16,1433,1500,0.555312,0.5571428571428572,0.7647058823529411,0.6446280991735537,0.02139406487232574,39,31,12,1418,1500
4,ADASYN,0.8045096354459439,0.9775685295367615,0.5,0.5733333333333334,0.8269230769230769,0.6771653543307086,0.022099447513812154,43,32,9,1416,1500,0.747739,0.8181818181818182,0.6923076923076923,0.7500000000000001,0.0055248618784530384,36,8,16,1440,1500,0.484122,0.5714285714285714,0.8461538461538461,0.6821705426356589,0.022790055248618785,44,33,8,1415,1500,0.318219,0.3983050847457627,0.9038461538461539,0.5529411764705883,0.04903314917127072,47,71,5,1377,1500,0.747739,0.8181818181818182,0.6923076923076923,0.7500000000000001,0.0055248618784530384,36,8,16,1440,1500,0.585638,0.7068965517241379,0.7884615384615384,0.7454545454545455,0.011740331491712707,41,17,11,1431,1500
4,Baseline,0.8692924134604272,0.9670434020399491,0.5,0.9411764705882353,0.6153846153846154,0.744186046511628,0.0013812154696132596,32,2,20,1446,1500,0.35,0.8888888888888888,0.7692307692307693,0.8247422680412372,0.003453038674033149,40,5,12,1443,1500,0.22,0.7213114754098361,0.8461538461538461,0.7787610619469026,0.011740331491712707,44,17,8,1431,1500,0.09,0.4444444444444444,0.9230769230769231,0.6,0.04143646408839779,48,60,4,1388,1500,0.275,0.8113207547169812,0.8269230769230769,0.819047619047619,0.006906077348066298,43,10,9,1438,1500,0.195,0.676923076923077,0.8461538461538461,0.7521367521367521,0.014502762430939226,44,21,8,1427,1500
4,Borderline-SMOTE,0.8541891730073673,0.983299245643859,0.5,0.8260869565217391,0.7307692307692307,0.7755102040816326,0.0055248618784530384,38,8,14,1440,1500,0.53,0.8222222222222222,0.7115384615384616,0.7628865979381444,0.0055248618784530384,37,8,15,1440,1500,0.32,0.6285714285714286,0.8461538461538461,0.721311475409836,0.017955801104972375,44,26,8,1422,1500,0.105,0.41025641025641024,0.9230769230769231,0.5680473372781064,0.04765193370165746,48,69,4,1379,1500,0.48,0.8297872340425532,0.75,0.787878787878788,0.0055248618784530384,39,8,13,1440,1500,0.334836,0.6285714285714286,0.8461538461538461,0.721311475409836,0.017955801104972375,44,26,8,1422,1500
4,Multi WGAN-GP,0.8337899174771077,0.981758659158521,0.5,0.5875,0.9038461538461539,0.7121212121212122,0.022790055248618785,47,33,5,1415,1500,0.77,0.7916666666666666,0.7307692307692307,0.76,0.006906077348066298,38,10,14,1438,1500,0.645121,0.6825396825396826,0.8269230769230769,0.7478260869565218,0.013812154696132596,43,20,9,1428,1500,0.340829,0.4528301886792453,0.9230769230769231,0.6075949367088607,0.04005524861878453,48,58,4,1390,1500,0.76,0.7647058823529411,0.75,0.7572815533980582,0.008287292817679558,39,12,13,1436,1500,0.592984,0.6285714285714286,0.8461538461538461,0.721311475409836,0.017955801104972375,44,26,8,1422,1500
4,RUS,0.6588919633957403,0.9730662983425413,0.5,0.25,0.9423076923076923,0.3951612903225806,0.10151933701657459,49,147,3,1301,1500,0.902738,0.7,0.5384615384615384,0.608695652173913,0.008287292817679558,28,12,24,1436,1500,0.7125,0.411214953271028,0.8461538461538461,0.5534591194968553,0.04350828729281768,44,63,8,1385,1500,0.610886,0.31333333333333335,0.9038461538461539,0.46534653465346537,0.07113259668508287,47,103,5,1345,1500,0.902738,0.7,0.5384615384615384,0.608695652173913,0.008287292817679558,28,12,24,1436,1500,0.828745,0.5757575757575758,0.7307692307692307,0.6440677966101696,0.019337016574585635,38,28,14,1420,1500
4,SMOTE,0.8096809916036114,0.9809418827029325,0.5,0.5774647887323944,0.7884615384615384,0.6666666666666667,0.020718232044198894,41,30,11,1418,1500,0.65469,0.7916666666666666,0.7307692307692307,0.76,0.006906077348066298,38,10,14,1438,1500,0.491617,0.5694444444444444,0.7884615384615384,0.661290322580645,0.021408839779005526,41,31,11,1417,1500,0.301806,0.3983050847457627,0.9038461538461539,0.5529411764705883,0.04903314917127072,47,71,5,1377,1500,0.679202,0.8085106382978723,0.7307692307692307,0.7676767676767676,0.006215469613259668,38,9,14,1439,1500,0.585736,0.6964285714285714,0.75,0.7222222222222223,0.011740331491712707,39,17,13,1431,1500
4,SMOTENC,0.811735024959347,0.9783388227794305,0.5,0.5797101449275363,0.7692307692307693,0.6611570247933884,0.020027624309392266,40,29,12,1419,1500,0.780643,0.8918918918918919,0.6346153846153846,0.7415730337078652,0.0027624309392265192,33,4,19,1444,1500,0.508329,0.582089552238806,0.75,0.6554621848739495,0.019337016574585635,39,28,13,1420,1500,0.352023,0.4392523364485981,0.9038461538461539,0.5911949685534591,0.04143646408839779,47,60,5,1388,1500,0.728333,0.8809523809523809,0.7115384615384616,0.7872340425531914,0.003453038674033149,37,5,15,1443,1500,0.54934,0.6785714285714286,0.7307692307692307,0.7037037037037038,0.012430939226519336,38,18,14,1430,1500
4,Single WGAN-GP,0.7612062156990109,0.975463504037399,0.5,0.42201834862385323,0.8846153846153846,0.5714285714285714,0.04350828729281768,46,63,6,1385,1500,0.735,0.7169811320754716,0.7307692307692307,0.7238095238095238,0.010359116022099447,38,15,14,1433,1500,0.555,0.5056179775280899,0.8653846153846154,0.6382978723404256,0.03038674033149171,45,44,7,1404,1500,0.406265,0.33093525179856115,0.8846153846153846,0.4816753926701571,0.06422651933701658,46,93,6,1355,1500,0.789,0.775,0.5961538461538461,0.6739130434782609,0.006215469613259668,31,9,21,1439,1500,0.675147,0.6417910447761194,0.8269230769230769,0.722689075630252,0.016574585635359115,43,24,9,1424,1500
5,ADASYN,0.7781094685784427,0.9639821504462388,0.5,0.5909090909090909,0.75,0.6610169491525425,0.018646408839779006,39,27,13,1421,1500,0.589747,0.7115384615384616,0.7115384615384616,0.7115384615384616,0.010359116022099447,37,15,15,1433,1500,0.589747,0.7115384615384616,0.7115384615384616,0.7115384615384616,0.010359116022099447,37,15,15,1433,1500,0.304598,0.3893805309734513,0.8461538461538461,0.5333333333333333,0.04765193370165746,44,69,8,1379,1500,0.730198,0.8378378378378378,0.5961538461538461,0.6966292134831461,0.004143646408839779,31,6,21,1442,1500,0.542078,0.6440677966101694,0.7307692307692307,0.6846846846846847,0.014502762430939226,38,21,14,1427,1500
5,Baseline,0.7914734677721192,0.9559007118572037,0.5,0.782608695652174,0.6923076923076923,0.7346938775510203,0.006906077348066298,36,10,16,1438,1500,0.413351,0.7307692307692307,0.7307692307692307,0.7307692307692306,0.009668508287292817,38,14,14,1434,1500,0.426448,0.7307692307692307,0.7307692307692307,0.7307692307692306,0.009668508287292817,38,14,14,1434,1500,0.183403,0.44660194174757284,0.8846153846153846,0.5935483870967742,0.0393646408839779,46,57,6,1391,1500,0.413351,0.7307692307692307,0.7307692307692307,0.7307692307692306,0.009668508287292817,38,14,14,1434,1500,0.413351,0.7307692307692307,0.7307692307692307,0.7307692307692306,0.009668508287292817,38,14,14,1434,1500
5,Borderline-SMOTE,0.7659259419482303,0.9487754993625159,0.5,0.7307692307692307,0.7307692307692307,0.7307692307692306,0.009668508287292817,38,14,14,1434,1500,0.551575,0.7755102040816326,0.7307692307692307,0.7524752475247524,0.007596685082872928,38,11,14,1437,1500,0.506333,0.7450980392156863,0.7307692307692307,0.7378640776699028,0.008977900552486187,38,13,14,1435,1500,0.121409,0.35658914728682173,0.8846153846153846,0.5082872928176796,0.057320441988950276,46,83,6,1365,1500,0.536185,0.7755102040816326,0.7307692307692307,0.7524752475247524,0.007596685082872928,38,11,14,1437,1500,0.384536,0.5846153846153846,0.7307692307692307,0.6495726495726495,0.018646408839779006,38,27,14,1421,1500
5,Multi WGAN-GP,0.7746422947472267,0.9519762005949851,0.5,0.3548387096774194,0.8461538461538461,0.5,0.055248618784530384,44,80,8,1368,1500,0.791116,0.72,0.6923076923076923,0.7058823529411765,0.009668508287292817,36,14,16,1434,1500,0.702457,0.6029411764705882,0.7884615384615384,0.6833333333333333,0.018646408839779006,41,27,11,1421,1500,0.517146,0.3805309734513274,0.8269230769230769,0.5212121212121211,0.04834254143646409,43,70,9,1378,1500,0.797567,0.7346938775510204,0.6923076923076923,0.7128712871287128,0.008977900552486187,36,13,16,1435,1500,0.752866,0.6557377049180327,0.7692307692307693,0.7079646017699115,0.014502762430939226,40,21,12,1427,1500
5,RUS,0.6470639131808746,0.9397444751381215,0.5,0.21120689655172414,0.9423076923076923,0.34507042253521125,0.12638121546961326,49,183,3,1265,1500,0.825917,0.5,0.6538461538461539,0.5666666666666668,0.023480662983425413,34,34,18,1414,1500,0.755022,0.39361702127659576,0.7115384615384616,0.5068493150684932,0.0393646408839779,37,57,15,1391,1500,0.639549,0.27564102564102566,0.8269230769230769,0.41346153846153844,0.07803867403314917,43,113,9,1335,1500,0.905407,0.6304347826086957,0.5576923076923077,0.5918367346938777,0.011740331491712707,29,17,23,1431,1500,0.841161,0.53125,0.6538461538461539,0.5862068965517242,0.020718232044198894,34,30,18,1418,1500
5,SMOTE,0.7821199269300158,0.9654164895877604,0.5,0.5352112676056338,0.7307692307692307,0.6178861788617886,0.022790055248618785,38,33,14,1415,1500,0.670352,0.7708333333333334,0.7115384615384616,0.74,0.007596685082872928,37,11,15,1437,1500,0.614799,0.74,0.7115384615384616,0.7254901960784313,0.008977900552486187,37,13,15,1435,1500,0.498775,0.5352112676056338,0.7307692307692307,0.6178861788617886,0.022790055248618785,38,33,14,1415,1500,0.670352,0.7708333333333334,0.7115384615384616,0.74,0.007596685082872928,37,11,15,1437,1500,0.614799,0.74,0.7115384615384616,0.7254901960784313,0.008977900552486187,37,13,15,1435,1500
5,SMOTENC,0.7883358364087323,0.9652504781130472,0.5,0.6190476190476191,0.75,0.6782608695652174,0.016574585635359115,39,24,13,1424,1500,0.674519,0.8043478260869565,0.7115384615384616,0.7551020408163265,0.006215469613259668,37,9,15,1439,1500,0.562192,0.6842105263157895,0.75,0.7155963302752295,0.012430939226519336,39,18,13,1430,1500,0.314839,0.42718446601941745,0.8461538461538461,0.567741935483871,0.04074585635359116,44,59,8,1389,1500,0.639381,0.8043478260869565,0.7115384615384616,0.7551020408163265,0.006215469613259668,37,9,15,1439,1500,0.562192,0.6842105263157895,0.75,0.7155963302752295,0.012430939226519336,39,18,13,1430,1500
5,Single WGAN-GP,0.7294130586820005,0.9447646621334467,0.5,0.45161290322580644,0.8076923076923077,0.5793103448275861,0.03522099447513812,42,51,10,1397,1500,0.703124,0.6481481481481481,0.6730769230769231,0.6603773584905661,0.013121546961325966,35,19,17,1429,1500,0.607053,0.5522388059701493,0.7115384615384616,0.6218487394957983,0.020718232044198894,37,30,15,1418,1500,0.353822,0.3308270676691729,0.8461538461538461,0.4756756756756757,0.06146408839779006,44,89,8,1359,1500,0.805933,0.7837837837837838,0.5576923076923077,0.651685393258427,0.0055248618784530384,29,8,23,1440,1500,0.659588,0.5806451612903226,0.6923076923076923,0.631578947368421,0.017955801104972375,36,26,16,1422,1500
6,ADASYN,0.7989847401026176,0.9566570589588492,0.5,0.5753424657534246,0.8235294117647058,0.6774193548387097,0.02139406487232574,42,31,9,1418,1500,0.719008,0.7777777777777778,0.6862745098039216,0.7291666666666667,0.006901311249137336,35,10,16,1439,1500,0.629409,0.6666666666666666,0.7843137254901961,0.7207207207207207,0.013802622498274672,40,20,11,1429,1500,0.281599,0.37719298245614036,0.8431372549019608,0.5212121212121212,0.04899930986887509,43,71,8,1378,1500,0.719008,0.7777777777777778,0.6862745098039216,0.7291666666666667,0.006901311249137336,35,10,16,1439,1500,0.584901,0.6349206349206349,0.7843137254901961,0.7017543859649124,0.015873015873015872,40,23,11,1426,1500
6,Baseline,0.8167993081382602,0.9600400546692107,0.5,0.9629629629629629,0.5098039215686274,0.6666666666666666,0.0006901311249137336,26,1,25,1448,1500,0.325,0.8536585365853658,0.6862745098039216,0.7608695652173912,0.004140786749482402,35,6,16,1443,1500,0.28,0.8297872340425532,0.7647058823529411,0.7959183673469387,0.005521048999309869,39,8,12,1441,1500,0.115,0.5238095238095238,0.8627450980392157,0.6518518518518519,0.027605244996549344,44,40,7,1409,1500,0.275,0.8297872340425532,0.7647058823529411,0.7959183673469387,0.005521048999309869,39,8,12,1441,1500,0.23,0.7272727272727273,0.7843137254901961,0.7547169811320754,0.010351966873706004,40,15,11,1434,1500
6,Borderline-SMOTE,0.8013796477639125,0.9534567450168474,0.5,0.8181818181818182,0.7058823529411765,0.7578947368421053,0.005521048999309869,36,8,15,1441,1500,0.565,0.868421052631579,0.6470588235294118,0.7415730337078651,0.003450655624568668,33,5,18,1444,1500,0.485,0.8085106382978723,0.7450980392156863,0.7755102040816325,0.006211180124223602,38,9,13,1440,1500,0.065,0.3006535947712418,0.9019607843137255,0.45098039215686275,0.0738440303657695,46,107,5,1342,1500,0.47,0.7959183673469388,0.7647058823529411,0.7799999999999999,0.006901311249137336,39,10,12,1439,1500,0.35,0.6774193548387096,0.8235294117647058,0.743362831858407,0.013802622498274672,42,20,9,1429,1500
6,Multi WGAN-GP,0.7651931955275861,0.9655340397028376,0.5,0.5180722891566265,0.8431372549019608,0.6417910447761195,0.027605244996549344,43,40,8,1409,1500,0.84,0.8378378378378378,0.6078431372549019,0.7045454545454545,0.004140786749482402,31,6,20,1443,1500,0.777273,0.7906976744186046,0.6666666666666666,0.7234042553191489,0.006211180124223602,34,9,17,1440,1500,0.508992,0.524390243902439,0.8431372549019608,0.6466165413533834,0.026915113871635612,43,39,8,1410,1500,0.794714,0.7857142857142857,0.6470588235294118,0.7096774193548386,0.006211180124223602,33,9,18,1440,1500,0.702778,0.6851851851851852,0.7254901960784313,0.7047619047619048,0.011732229123533472,37,17,14,1432,1500
6,RUS,0.7289189465314929,0.9546407935154739,0.5,0.2727272727272727,0.8823529411764706,0.41666666666666663,0.08281573498964803,45,120,6,1329,1500,0.86,0.8181818181818182,0.5294117647058824,0.6428571428571428,0.004140786749482402,27,6,24,1443,1500,0.72,0.5324675324675324,0.803921568627451,0.640625,0.024844720496894408,41,36,10,1413,1500,0.65,0.41509433962264153,0.8627450980392157,0.5605095541401274,0.04278812974465148,44,62,7,1387,1500,0.84,0.8235294117647058,0.5490196078431373,0.6588235294117647,0.004140786749482402,28,6,23,1443,1500,0.79,0.6481481481481481,0.6862745098039216,0.6666666666666666,0.013112491373360938,35,19,16,1430,1500
6,SMOTE,0.7923878195001084,0.9568059107701051,0.5,0.5694444444444444,0.803921568627451,0.6666666666666666,0.02139406487232574,41,31,10,1418,1500,0.737258,0.8648648648648649,0.6274509803921569,0.7272727272727273,0.003450655624568668,32,5,19,1444,1500,0.620874,0.7307692307692307,0.7450980392156863,0.7378640776699028,0.00966183574879227,38,14,13,1435,1500,0.294879,0.3739130434782609,0.8431372549019608,0.5180722891566265,0.049689440993788817,43,72,8,1377,1500,0.699266,0.8292682926829268,0.6666666666666666,0.7391304347826086,0.004830917874396135,34,7,17,1442,1500,0.591669,0.7037037037037037,0.7450980392156863,0.7238095238095239,0.011042097998619738,38,16,13,1433,1500
6,SMOTENC,0.7888952873118515,0.9616097646788183,0.5,0.5540540540540541,0.803921568627451,0.6559999999999999,0.022774327122153208,41,33,10,1416,1500,0.69871,0.7857142857142857,0.6470588235294118,0.7096774193548386,0.006211180124223602,33,9,18,1440,1500,0.644544,0.6862745098039216,0.6862745098039216,0.6862745098039216,0.011042097998619738,35,16,16,1433,1500,0.295845,0.36363636363636365,0.8627450980392157,0.5116279069767442,0.05314009661835749,44,77,7,1372,1500,0.69871,0.7857142857142857,0.6470588235294118,0.7096774193548386,0.006211180124223602,33,9,18,1440,1500,0.643022,0.6862745098039216,0.6862745098039216,0.6862745098039216,0.011042097998619738,35,16,16,1433,1500
6,Single WGAN-GP,0.7004259094545868,0.9526245280720984,0.5,0.3706896551724138,0.8431372549019608,0.5149700598802395,0.05037957211870255,43,73,8,1376,1500,0.807096,0.7045454545454546,0.6078431372549019,0.6526315789473683,0.008971704623878536,31,13,20,1436,1500,0.74424,0.6111111111111112,0.6470588235294118,0.6285714285714287,0.014492753623188406,33,21,18,1428,1500,0.475511,0.34959349593495936,0.8431372549019608,0.49425287356321834,0.05521048999309869,43,80,8,1369,1500,0.807096,0.7045454545454546,0.6078431372549019,0.6526315789473683,0.008971704623878536,31,13,20,1436,1500,0.700461,0.5538461538461539,0.7058823529411765,0.6206896551724139,0.020013802622498276,36,29,15,1420,1500
7,ADASYN,0.7885695595851882,0.9767249895127132,0.5,0.5058823529411764,0.8431372549019608,0.6323529411764706,0.028985507246376812,43,42,8,1407,1500,0.619117,0.65,0.7647058823529411,0.7027027027027027,0.014492753623188406,39,21,12,1428,1500,0.390316,0.3826086956521739,0.8627450980392157,0.5301204819277109,0.04899930986887509,44,71,7,1378,1500,0.195246,0.281437125748503,0.9215686274509803,0.43119266055045874,0.08281573498964803,47,120,4,1329,1500,0.694389,0.7608695652173914,0.6862745098039216,0.7216494845360826,0.00759144237405107,35,11,16,1438,1500,0.581596,0.6086956521739131,0.8235294117647058,0.7,0.018633540372670808,42,27,9,1422,1500
7,Baseline,0.8270211702308172,0.9833015331736559,0.5,0.9117647058823529,0.6078431372549019,0.7294117647058823,0.002070393374741201,31,3,20,1446,1500,0.325,0.8444444444444444,0.7450980392156863,0.7916666666666666,0.004830917874396135,38,7,13,1442,1500,0.115,0.47368421052631576,0.8823529411764706,0.6164383561643835,0.03450655624568668,45,50,6,1399,1500,0.05,0.3197278911564626,0.9215686274509803,0.4747474747474748,0.06901311249137336,47,100,4,1349,1500,0.22,0.6935483870967742,0.8431372549019608,0.7610619469026549,0.013112491373360938,43,19,8,1430,1500,0.16,0.5375,0.8431372549019608,0.6564885496183206,0.025534851621808144,43,37,8,1412,1500
7,Borderline-SMOTE,0.8173273717999496,0.978145847711065,0.5,0.5733333333333334,0.8431372549019608,0.6825396825396826,0.022084195997239476,43,32,8,1417,1500,0.550992,0.640625,0.803921568627451,0.7130434782608696,0.015873015873015872,41,23,10,1426,1500,0.227488,0.371900826446281,0.8823529411764706,0.5232558139534884,0.05244996549344375,45,76,6,1373,1500,0.150206,0.31333333333333335,0.9215686274509803,0.4676616915422886,0.07108350586611456,47,103,4,1346,1500,0.550992,0.640625,0.803921568627451,0.7130434782608696,0.015873015873015872,41,23,10,1426,1500,0.450125,0.5365853658536586,0.8627450980392157,0.6616541353383459,0.026224982746721876,44,38,7,1411,1500
7,Multi WGAN-GP,0.8192016126381985,0.9829497016197783,0.5,0.4444444444444444,0.8627450980392157,0.5866666666666667,0.03795721187025535,44,55,7,1394,1500,0.747056,0.6666666666666666,0.7450980392156863,0.7037037037037038,0.013112491373360938,38,19,13,1430,1500,0.627351,0.5384615384615384,0.8235294117647058,0.6511627906976744,0.024844720496894408,42,36,9,1413,1500,0.341797,0.3333333333333333,0.9019607843137255,0.48677248677248675,0.06349206349206349,46,92,5,1357,1500,0.666577,0.5915492957746479,0.8235294117647058,0.6885245901639344,0.020013802622498276,42,29,9,1420,1500,0.595353,0.525,0.8235294117647058,0.6412213740458015,0.026224982746721876,42,38,9,1411,1500
7,RUS,0.7320246184633178,0.9759198365336472,0.5,0.25668449197860965,0.9411764705882353,0.4033613445378152,0.09592822636300898,48,139,3,1310,1500,0.87,0.6538461538461539,0.6666666666666666,0.6601941747572816,0.012422360248447204,34,18,17,1431,1500,0.67,0.3706896551724138,0.8431372549019608,0.5149700598802395,0.05037957211870255,43,73,8,1376,1500,0.48,0.24615384615384617,0.9411764705882353,0.3902439024390244,0.10144927536231885,48,147,3,1302,1500,0.82,0.6129032258064516,0.7450980392156863,0.672566371681416,0.016563146997929608,38,24,13,1425,1500,0.76,0.5128205128205128,0.7843137254901961,0.6201550387596899,0.026224982746721876,40,38,11,1411,1500
7,SMOTE,0.7970782512282903,0.9756694948510805,0.5,0.45454545454545453,0.8823529411764706,0.6,0.037267080745341616,45,54,6,1395,1500,0.653697,0.6491228070175439,0.7254901960784313,0.6851851851851852,0.013802622498274672,37,20,14,1429,1500,0.38303,0.37398373983739835,0.9019607843137255,0.5287356321839081,0.05314009661835749,46,77,5,1372,1500,0.295507,0.32167832167832167,0.9019607843137255,0.47422680412371143,0.06694271911663216,46,97,5,1352,1500,0.653697,0.6491228070175439,0.7254901960784313,0.6851851851851852,0.013802622498274672,37,20,14,1429,1500,0.541841,0.4777777777777778,0.8431372549019608,0.6099290780141844,0.03243616287094548,43,47,8,1402,1500
7,SMOTENC,0.7572910430658031,0.9664812785017388,0.5,0.38235294117647056,0.7647058823529411,0.5098039215686274,0.043478260869565216,39,63,12,1386,1500,0.736528,0.7291666666666666,0.6862745098039216,0.7070707070707071,0.008971704623878536,35,13,16,1436,1500,0.487884,0.375,0.7647058823529411,0.5032258064516129,0.04485852311939269,39,65,12,1384,1500,0.217673,0.29375,0.9215686274509803,0.44549763033175355,0.0779848171152519,47,113,4,1336,1500,0.736528,0.7291666666666666,0.6862745098039216,0.7070707070707071,0.008971704623878536,35,13,16,1436,1500,0.575169,0.42528735632183906,0.7254901960784313,0.5362318840579711,0.03450655624568668,37,50,14,1399,1500
7,Single WGAN-GP,0.7905549889679688,0.9762243061475798,0.5,0.4725274725274725,0.8431372549019608,0.6056338028169014,0.033126293995859216,43,48,8,1401,1500,0.745,0.74,0.7254901960784313,0.7326732673267328,0.008971704623878536,37,13,14,1436,1500,0.557141,0.5675675675675675,0.8235294117647058,0.6719999999999999,0.022084195997239476,42,32,9,1417,1500,0.171114,0.2,0.9215686274509803,0.3286713286713287,0.12974465148378192,47,188,4,1261,1500,0.63025,0.6212121212121212,0.803921568627451,0.7008547008547008,0.01725327812284334,41,25,10,1424,1500,0.545625,0.5375,0.8431372549019608,0.6564885496183206,0.025534851621808144,43,37,8,1412,1500
8,ADASYN,0.7641253277556609,0.9673473254035914,0.5,0.5774647887323944,0.803921568627451,0.6721311475409837,0.020703933747412008,41,30,10,1419,1500,0.575571,0.6607142857142857,0.7254901960784313,0.6915887850467289,0.013112491373360938,37,19,14,1430,1500,0.581847,0.6607142857142857,0.7254901960784313,0.6915887850467289,0.013112491373360938,37,19,14,1430,1500,0.205732,0.27672955974842767,0.8627450980392157,0.41904761904761906,0.07936507936507936,44,115,7,1334,1500,0.653911,0.6818181818181818,0.5882352941176471,0.631578947368421,0.00966183574879227,30,14,21,1435,1500,0.55524,0.6379310344827587,0.7254901960784313,0.6788990825688075,0.014492753623188406,37,21,14,1428,1500
8,Baseline,0.7990184499770426,0.9648912705178689,0.5,1.0,0.5490196078431373,0.7088607594936709,0.0,28,0,23,1449,1500,0.375,0.8,0.6274509803921569,0.7032967032967032,0.005521048999309869,32,8,19,1441,1500,0.215,0.6727272727272727,0.7254901960784313,0.6981132075471698,0.012422360248447204,37,18,14,1431,1500,0.034385,0.2839506172839506,0.9019607843137255,0.43192488262910794,0.0800552104899931,46,116,5,1333,1500,0.24,0.7608695652173914,0.6862745098039216,0.7216494845360826,0.00759144237405107,35,11,16,1438,1500,0.165,0.609375,0.7647058823529411,0.6782608695652174,0.01725327812284334,39,25,12,1424,1500
8,Borderline-SMOTE,0.7989325245337715,0.9728345444457978,0.5,0.8095238095238095,0.6666666666666666,0.7311827956989246,0.005521048999309869,34,8,17,1441,1500,0.47,0.7906976744186046,0.6666666666666666,0.7234042553191489,0.006211180124223602,34,9,17,1440,1500,0.36,0.75,0.7647058823529411,0.7572815533980582,0.008971704623878536,39,13,12,1436,1500,0.085,0.31690140845070425,0.8823529411764706,0.4663212435233161,0.06694271911663216,45,97,6,1352,1500,0.41,0.7659574468085106,0.7058823529411765,0.7346938775510204,0.00759144237405107,36,11,15,1438,1500,0.33,0.6842105263157895,0.7647058823529411,0.7222222222222222,0.012422360248447204,39,18,12,1431,1500
8,Multi WGAN-GP,0.7999479199532687,0.9810416920391345,0.5,0.4838709677419355,0.8823529411764706,0.625,0.033126293995859216,45,48,6,1401,1500,0.767694,0.7391304347826086,0.6666666666666666,0.7010309278350515,0.008281573498964804,34,12,17,1437,1500,0.681899,0.640625,0.803921568627451,0.7130434782608696,0.015873015873015872,41,23,10,1426,1500,0.518501,0.5056179775280899,0.8823529411764706,0.6428571428571428,0.03036576949620428,45,44,6,1405,1500,0.767694,0.7391304347826086,0.6666666666666666,0.7010309278350515,0.008281573498964804,34,12,17,1437,1500,0.681899,0.640625,0.803921568627451,0.7130434782608696,0.015873015873015872,41,23,10,1426,1500
8,RUS,0.6127744302124505,0.9684840119622729,0.5,0.24623115577889448,0.9607843137254902,0.392,0.10351966873706005,49,150,2,1299,1500,0.830656,0.6,0.5882352941176471,0.5940594059405941,0.013802622498274672,30,20,21,1429,1500,0.698911,0.36893203883495146,0.7450980392156863,0.4935064935064935,0.04485852311939269,38,65,13,1384,1500,0.64327,0.3088235294117647,0.8235294117647058,0.44919786096256686,0.06487232574189096,42,94,9,1355,1500,0.888357,0.631578947368421,0.47058823529411764,0.5393258426966293,0.00966183574879227,24,14,27,1435,1500,0.830656,0.6,0.5882352941176471,0.5940594059405941,0.013802622498274672,30,20,21,1429,1500
8,SMOTE,0.7652761606858052,0.9715422400844396,0.5,0.5652173913043478,0.7647058823529411,0.65,0.020703933747412008,39,30,12,1419,1500,0.769131,0.9310344827586207,0.5294117647058824,0.6749999999999999,0.0013802622498274672,27,2,24,1447,1500,0.552538,0.6491228070175439,0.7254901960784313,0.6851851851851852,0.013802622498274672,37,20,14,1429,1500,0.225275,0.3333333333333333,0.8627450980392157,0.4808743169398907,0.06073153899240856,44,88,7,1361,1500,0.627727,0.6808510638297872,0.6274509803921569,0.6530612244897959,0.010351966873706004,32,15,19,1434,1500,0.521413,0.609375,0.7647058823529411,0.6782608695652174,0.01725327812284334,39,25,12,1424,1500
8,SMOTENC,0.7731624119969922,0.9644108851269977,0.5,0.5873015873015873,0.7254901960784313,0.6491228070175439,0.017943409247757072,37,26,14,1423,1500,0.561286,0.660377358490566,0.6862745098039216,0.6730769230769231,0.012422360248447204,35,18,16,1431,1500,0.51971,0.6101694915254238,0.7058823529411765,0.6545454545454547,0.015873015873015872,36,23,15,1426,1500,0.298241,0.39814814814814814,0.8431372549019608,0.5408805031446541,0.04485852311939269,43,65,8,1384,1500,0.58125,0.660377358490566,0.6862745098039216,0.6730769230769231,0.012422360248447204,35,18,16,1431,1500,0.480473,0.5757575757575758,0.7450980392156863,0.6495726495726497,0.01932367149758454,38,28,13,1421,1500
8,Single WGAN-GP,0.7593988561783749,0.958104981122884,0.5,0.43137254901960786,0.8627450980392157,0.5751633986928105,0.04002760524499655,44,58,7,1391,1500,0.75344,0.8,0.7058823529411765,0.7500000000000001,0.006211180124223602,36,9,15,1440,1500,0.587953,0.52,0.7647058823529411,0.6190476190476191,0.024844720496894408,39,36,12,1413,1500,0.367348,0.2802547770700637,0.8627450980392157,0.4230769230769231,0.0779848171152519,44,113,7,1336,1500,0.75344,0.8,0.7058823529411765,0.7500000000000001,0.006211180124223602,36,9,15,1440,1500,0.682766,0.6785714285714286,0.7450980392156863,0.7102803738317757,0.012422360248447204,38,18,13,1431,1500
9,ADASYN,0.7526844742621654,0.94777331222344,0.5,0.5194805194805194,0.7843137254901961,0.6249999999999999,0.025534851621808144,40,37,11,1412,1500,0.77389,0.75,0.5882352941176471,0.6593406593406592,0.006901311249137336,30,10,21,1439,1500,0.345254,0.37272727272727274,0.803921568627451,0.5093167701863354,0.047619047619047616,41,69,10,1380,1500,0.19381,0.2654320987654321,0.8431372549019608,0.403755868544601,0.0821256038647343,43,119,8,1330,1500,0.630376,0.6785714285714286,0.7450980392156863,0.7102803738317757,0.012422360248447204,38,18,13,1431,1500,0.594704,0.639344262295082,0.7647058823529411,0.6964285714285714,0.01518288474810214,39,22,12,1427,1500
9,Baseline,0.7478093278702711,0.9429829902975684,0.5,0.76,0.7450980392156863,0.7524752475247525,0.008281573498964804,38,12,13,1437,1500,0.585293,0.7948717948717948,0.6078431372549019,0.6888888888888889,0.005521048999309869,31,8,20,1441,1500,0.338786,0.5882352941176471,0.7843137254901961,0.6722689075630252,0.01932367149758454,40,28,11,1421,1500,0.140338,0.30935251798561153,0.8431372549019608,0.45263157894736844,0.06625258799171843,43,96,8,1353,1500,0.520388,0.7872340425531915,0.7254901960784313,0.7551020408163265,0.006901311249137336,37,10,14,1439,1500,0.330098,0.5633802816901409,0.7843137254901961,0.6557377049180328,0.02139406487232574,40,31,11,1418,1500
9,Borderline-SMOTE,0.7807523436986598,0.9396744204928348,0.5,0.6610169491525424,0.7647058823529411,0.7090909090909091,0.013802622498274672,39,20,12,1429,1500,0.683655,0.813953488372093,0.6862745098039216,0.7446808510638299,0.005521048999309869,35,8,16,1441,1500,0.206202,0.4019607843137255,0.803921568627451,0.5359477124183005,0.04209799861973775,41,61,10,1388,1500,0.114663,0.2838709677419355,0.8627450980392157,0.42718446601941745,0.07660455486542443,44,111,7,1338,1500,0.567839,0.6851851851851852,0.7254901960784313,0.7047619047619048,0.011732229123533472,37,17,14,1432,1500,0.392579,0.6,0.7647058823529411,0.6724137931034482,0.017943409247757072,39,26,12,1423,1500
9,Multi WGAN-GP,0.7528969451687789,0.9602227364375702,0.5,0.4725274725274725,0.8431372549019608,0.6056338028169014,0.033126293995859216,43,48,8,1401,1500,0.792536,0.7380952380952381,0.6078431372549019,0.6666666666666666,0.00759144237405107,31,11,20,1438,1500,0.565077,0.5121951219512195,0.8235294117647058,0.6315789473684211,0.027605244996549344,42,40,9,1409,1500,0.43722,0.39814814814814814,0.8431372549019608,0.5408805031446541,0.04485852311939269,43,65,8,1384,1500,0.760006,0.7446808510638298,0.6862745098039216,0.7142857142857144,0.008281573498964804,35,12,16,1437,1500,0.688607,0.6271186440677966,0.7254901960784313,0.6727272727272727,0.01518288474810214,37,22,14,1427,1500
9,RUS,0.6638680080736206,0.9485581672282439,0.5,0.2315270935960591,0.9215686274509803,0.3700787401574803,0.10766045548654245,47,156,4,1293,1500,0.850154,0.5737704918032787,0.6862745098039216,0.625,0.017943409247757072,35,26,16,1423,1500,0.713333,0.36036036036036034,0.7843137254901961,0.4938271604938272,0.04899930986887509,40,71,11,1378,1500,0.632272,0.2905405405405405,0.8431372549019608,0.4321608040201005,0.07246376811594203,43,105,8,1344,1500,0.855,0.5932203389830508,0.6862745098039216,0.6363636363636364,0.016563146997929608,35,24,16,1425,1500,0.804499,0.48717948717948717,0.7450980392156863,0.5891472868217054,0.027605244996549344,38,40,13,1409,1500
9,SMOTE,0.7622910391789176,0.9609061015710632,0.5,0.547945205479452,0.7843137254901961,0.6451612903225806,0.022774327122153208,40,33,11,1416,1500,0.78627,0.8108108108108109,0.5882352941176471,0.6818181818181819,0.004830917874396135,30,7,21,1442,1500,0.401893,0.4606741573033708,0.803921568627451,0.5857142857142857,0.033126293995859216,41,48,10,1401,1500,0.226042,0.28187919463087246,0.8235294117647058,0.41999999999999993,0.0738440303657695,42,107,9,1342,1500,0.72781,0.7291666666666666,0.6862745098039216,0.7070707070707071,0.008971704623878536,35,13,16,1436,1500,0.551832,0.5882352941176471,0.7843137254901961,0.6722689075630252,0.01932367149758454,40,28,11,1421,1500
9,SMOTENC,0.7514424854726254,0.9335038363171355,0.5,0.5909090909090909,0.7647058823529411,0.6666666666666667,0.018633540372670808,39,27,12,1422,1500,0.725,0.7948717948717948,0.6078431372549019,0.6888888888888889,0.005521048999309869,31,8,20,1441,1500,0.365,0.4606741573033708,0.803921568627451,0.5857142857142857,0.033126293995859216,41,48,10,1401,1500,0.205,0.3253968253968254,0.803921568627451,0.46327683615819215,0.05866114561766736,41,85,10,1364,1500,0.555,0.6724137931034483,0.7647058823529411,0.7155963302752292,0.013112491373360938,39,19,12,1430,1500,0.494344,0.582089552238806,0.7647058823529411,0.6610169491525423,0.01932367149758454,39,28,12,1421,1500
9,Single WGAN-GP,0.7206708447614042,0.9390316513078661,0.5,0.3904761904761905,0.803921568627451,0.5256410256410257,0.04416839199447895,41,64,10,1385,1500,0.749196,0.6545454545454545,0.7058823529411765,0.679245283018868,0.013112491373360938,36,19,15,1430,1500,0.470484,0.37272727272727274,0.803921568627451,0.5093167701863354,0.047619047619047616,41,69,10,1380,1500,0.361008,0.2733333333333333,0.803921568627451,0.40796019900497515,0.07522429261559696,41,109,10,1340,1500,0.805989,0.7083333333333334,0.6666666666666666,0.6868686868686869,0.00966183574879227,34,14,17,1435,1500,0.709819,0.6065573770491803,0.7254901960784313,0.6607142857142857,0.016563146997929608,37,24,14,1425,1500
10,ADASYN,0.7660598382468575,0.9705747033112762,0.5,0.5492957746478874,0.7647058823529411,0.6393442622950819,0.022084195997239476,39,32,12,1417,1500,0.745,0.8064516129032258,0.49019607843137253,0.6097560975609755,0.004140786749482402,25,6,26,1443,1500,0.35,0.4891304347826087,0.8823529411764706,0.6293706293706294,0.03243616287094548,45,47,6,1402,1500,0.155,0.2874251497005988,0.9411764705882353,0.4403669724770642,0.0821256038647343,48,119,3,1330,1500,0.656375,0.7272727272727273,0.6274509803921569,0.6736842105263158,0.008281573498964804,32,12,19,1437,1500,0.449747,0.5584415584415584,0.8431372549019608,0.671875,0.023464458247066944,43,34,8,1415,1500
10,Baseline,0.8459387999899076,0.9774421846033099,0.5,0.9629629629629629,0.5098039215686274,0.6666666666666666,0.0006901311249137336,26,1,25,1448,1500,0.33,0.8780487804878049,0.7058823529411765,0.782608695652174,0.003450655624568668,36,5,15,1444,1500,0.13,0.5443037974683544,0.8431372549019608,0.6615384615384615,0.024844720496894408,43,36,8,1413,1500,0.03,0.27071823204419887,0.9607843137254902,0.42241379310344823,0.09109730848861283,49,132,2,1317,1500,0.33,0.8780487804878049,0.7058823529411765,0.782608695652174,0.003450655624568668,36,5,15,1444,1500,0.175,0.671875,0.8431372549019608,0.7478260869565218,0.014492753623188406,43,21,8,1428,1500
10,Borderline-SMOTE,0.7972663071919445,0.9746613621293927,0.5,0.6491228070175439,0.7254901960784313,0.6851851851851852,0.013802622498274672,37,20,14,1429,1500,0.821715,1.0,0.4117647058823529,0.5833333333333334,0.0,21,0,30,1449,1500,0.174425,0.4166666666666667,0.8823529411764706,0.5660377358490566,0.043478260869565216,45,63,6,1386,1500,0.0565,0.2413793103448276,0.9607843137254902,0.38582677165354334,0.10628019323671498,49,154,2,1295,1500,0.609981,0.7380952380952381,0.6078431372549019,0.6666666666666666,0.00759144237405107,31,11,20,1438,1500,0.436423,0.639344262295082,0.7647058823529411,0.6964285714285714,0.01518288474810214,39,22,12,1427,1500
10,Multi WGAN-GP,0.7789279710641097,0.9787547869389301,0.5,0.42452830188679247,0.8823529411764706,0.5732484076433121,0.04209799861973775,45,61,6,1388,1500,0.792365,0.75,0.7058823529411765,0.7272727272727272,0.008281573498964804,36,12,15,1437,1500,0.654057,0.525,0.8235294117647058,0.6412213740458015,0.026224982746721876,42,38,9,1411,1500,0.439481,0.36885245901639346,0.8823529411764706,0.5202312138728323,0.05314009661835749,45,77,6,1372,1500,0.792365,0.75,0.7058823529411765,0.7272727272727272,0.008281573498964804,36,12,15,1437,1500,0.717552,0.6,0.7647058823529411,0.6724137931034482,0.017943409247757072,39,26,12,1423,1500
10,RUS,0.7270183101443726,0.9741268488071556,0.5,0.24623115577889448,0.9607843137254902,0.392,0.10351966873706005,49,150,2,1299,1500,0.825271,0.6458333333333334,0.6078431372549019,0.6262626262626263,0.011732229123533472,31,17,20,1432,1500,0.707536,0.41414141414141414,0.803921568627451,0.5466666666666666,0.04002760524499655,41,58,10,1391,1500,0.579006,0.29559748427672955,0.9215686274509803,0.4476190476190476,0.07729468599033816,47,112,4,1337,1500,0.825271,0.6458333333333334,0.6078431372549019,0.6262626262626263,0.011732229123533472,31,17,20,1432,1500,0.799772,0.5833333333333334,0.6862745098039216,0.6306306306306307,0.01725327812284334,35,25,16,1424,1500
10,SMOTE,0.7929980582776954,0.9801147512144954,0.5,0.6086956521739131,0.8235294117647058,0.7,0.018633540372670808,42,27,9,1422,1500,0.788498,0.9230769230769231,0.47058823529411764,0.6233766233766235,0.0013802622498274672,24,2,27,1447,1500,0.375358,0.4787234042553192,0.8823529411764706,0.6206896551724138,0.033816425120772944,45,49,6,1400,1500,0.168772,0.2774566473988439,0.9411764705882353,0.4285714285714285,0.0862663906142167,48,125,3,1324,1500,0.729366,0.875,0.5490196078431373,0.674698795180723,0.0027605244996549345,28,4,23,1445,1500,0.502679,0.6086956521739131,0.8235294117647058,0.7,0.018633540372670808,42,27,9,1422,1500
10,SMOTENC,0.742140216521501,0.9720902853895181,0.5,0.5616438356164384,0.803921568627451,0.6612903225806452,0.022084195997239476,41,32,10,1417,1500,0.757472,0.8,0.47058823529411764,0.5925925925925927,0.004140786749482402,24,6,27,1443,1500,0.396341,0.47126436781609193,0.803921568627451,0.5942028985507246,0.031746031746031744,41,46,10,1403,1500,0.168486,0.294478527607362,0.9411764705882353,0.44859813084112143,0.07936507936507936,48,115,3,1334,1500,0.687804,0.6976744186046512,0.5882352941176471,0.6382978723404256,0.008971704623878536,30,13,21,1436,1500,0.506879,0.5774647887323944,0.803921568627451,0.6721311475409837,0.020703933747412008,41,30,10,1419,1500
10,Single WGAN-GP,0.7536337582987389,0.9694312507611741,0.5,0.45098039215686275,0.9019607843137255,0.6013071895424836,0.03864734299516908,46,56,5,1393,1500,0.783343,0.6976744186046512,0.5882352941176471,0.6382978723404256,0.008971704623878536,30,13,21,1436,1500,0.638657,0.5507246376811594,0.7450980392156863,0.6333333333333334,0.02139406487232574,38,31,13,1418,1500,0.234735,0.21962616822429906,0.9215686274509803,0.35471698113207545,0.11525189786059352,47,167,4,1282,1500,0.733479,0.68,0.6666666666666666,0.6732673267326733,0.011042097998619738,34,16,17,1433,1500,0.638657,0.5507246376811594,0.7450980392156863,0.6333333333333334,0.02139406487232574,38,31,13,1418,1500
11,ADASYN,0.7919375784102421,0.9747724137931033,0.5,0.5857142857142857,0.82,0.6833333333333333,0.02,41,29,9,1421,1500,0.736792,0.7777777777777778,0.7,0.7368421052631577,0.006896551724137931,35,10,15,1440,1500,0.434685,0.4880952380952381,0.82,0.6119402985074627,0.029655172413793104,41,43,9,1407,1500,0.140411,0.24193548387096775,0.9,0.38135593220338976,0.09724137931034482,45,141,5,1309,1500,0.736792,0.7777777777777778,0.7,0.7368421052631577,0.006896551724137931,35,10,15,1440,1500,0.681743,0.7037037037037037,0.76,0.7307692307692308,0.011034482758620689,38,16,12,1434,1500
11,Baseline,0.7886978259243934,0.9712896551724138,0.5,0.8857142857142857,0.62,0.7294117647058823,0.002758620689655172,31,4,19,1446,1500,0.47,0.8888888888888888,0.64,0.7441860465116279,0.002758620689655172,32,4,18,1446,1500,0.135,0.5466666666666666,0.82,0.6559999999999999,0.023448275862068966,41,34,9,1416,1500,0.03,0.2541436464088398,0.92,0.3982683982683983,0.09310344827586207,46,135,4,1315,1500,0.325,0.8043478260869565,0.74,0.7708333333333333,0.006206896551724138,37,9,13,1441,1500,0.195,0.7017543859649122,0.8,0.7476635514018691,0.011724137931034483,40,17,10,1433,1500
11,Borderline-SMOTE,0.8099921839192871,0.9790137931034484,0.5,0.78,0.78,0.78,0.007586206896551724,39,11,11,1439,1500,0.755,0.90625,0.58,0.7073170731707317,0.0020689655172413794,29,3,21,1447,1500,0.18,0.4329896907216495,0.84,0.5714285714285714,0.03793103448275862,42,55,8,1395,1500,0.055,0.2542372881355932,0.9,0.3964757709251101,0.0910344827586207,45,132,5,1318,1500,0.535,0.8444444444444444,0.76,0.8,0.004827586206896552,38,7,12,1443,1500,0.345,0.6949152542372882,0.82,0.7522935779816514,0.012413793103448275,41,18,9,1432,1500
11,Multi WGAN-GP,0.8320871711350919,0.9832137931034483,0.5,0.5324675324675324,0.82,0.6456692913385826,0.02482758620689655,41,36,9,1414,1500,0.787486,0.8222222222222222,0.74,0.7789473684210526,0.005517241379310344,37,8,13,1442,1500,0.558486,0.6029411764705882,0.82,0.6949152542372881,0.018620689655172412,41,27,9,1423,1500,0.232969,0.30128205128205127,0.94,0.45631067961165045,0.07517241379310345,47,109,3,1341,1500,0.759119,0.8297872340425532,0.78,0.8041237113402062,0.005517241379310344,39,8,11,1442,1500,0.647172,0.6779661016949152,0.8,0.7339449541284404,0.01310344827586207,40,19,10,1431,1500
11,RUS,0.7373001903139085,0.9646344827586206,0.5,0.24324324324324326,0.9,0.3829787234042553,0.09655172413793103,45,140,5,1310,1500,0.856194,0.8611111111111112,0.62,0.7209302325581396,0.0034482758620689655,31,5,19,1445,1500,0.681471,0.3611111111111111,0.78,0.49367088607594933,0.04758620689655172,39,69,11,1381,1500,0.459054,0.22388059701492538,0.9,0.3585657370517928,0.10758620689655173,45,156,5,1294,1500,0.845194,0.8,0.64,0.7111111111111111,0.005517241379310344,32,8,18,1442,1500,0.807165,0.6415094339622641,0.68,0.6601941747572816,0.01310344827586207,34,19,16,1431,1500
11,SMOTE,0.782462107486795,0.9713103448275862,0.5,0.6153846153846154,0.8,0.6956521739130435,0.017241379310344827,40,25,10,1425,1500,0.736185,0.7948717948717948,0.62,0.6966292134831461,0.005517241379310344,31,8,19,1442,1500,0.401679,0.5384615384615384,0.84,0.6562499999999999,0.02482758620689655,42,36,8,1414,1500,0.115291,0.24324324324324326,0.9,0.3829787234042553,0.09655172413793103,45,140,5,1310,1500,0.736185,0.7948717948717948,0.62,0.6966292134831461,0.005517241379310344,31,8,19,1442,1500,0.736185,0.7948717948717948,0.62,0.6966292134831461,0.005517241379310344,31,8,19,1442,1500
11,SMOTENC,0.7560131646417937,0.9648827586206896,0.5,0.4827586206896552,0.84,0.6131386861313869,0.03103448275862069,42,45,8,1405,1500,0.815682,0.8157894736842105,0.62,0.7045454545454546,0.004827586206896552,31,7,19,1443,1500,0.373857,0.40384615384615385,0.84,0.5454545454545454,0.04275862068965517,42,62,8,1388,1500,0.245907,0.30201342281879195,0.9,0.4522613065326633,0.07172413793103448,45,104,5,1346,1500,0.781289,0.8,0.64,0.7111111111111111,0.005517241379310344,32,8,18,1442,1500,0.701192,0.6792452830188679,0.72,0.6990291262135921,0.011724137931034483,36,17,14,1433,1500
11,Single WGAN-GP,0.7415345784059559,0.9681241379310344,0.5,0.4,0.88,0.55,0.04551724137931035,44,66,6,1384,1500,0.763322,0.7272727272727273,0.64,0.6808510638297872,0.008275862068965517,32,12,18,1438,1500,0.576737,0.47126436781609193,0.82,0.5985401459854015,0.031724137931034485,41,46,9,1404,1500,0.250946,0.19742489270386265,0.92,0.3250883392226149,0.1289655172413793,46,187,4,1263,1500,0.779351,0.7317073170731707,0.6,0.6593406593406594,0.007586206896551724,30,11,20,1439,1500,0.709773,0.6440677966101694,0.76,0.6972477064220184,0.014482758620689656,38,21,12,1429,1500
12,ADASYN,0.8097420307719816,0.9788833404164896,0.5,0.6349206349206349,0.7692307692307693,0.6956521739130435,0.015883977900552487,40,23,12,1425,1500,0.651363,0.7857142857142857,0.6346153846153846,0.7021276595744681,0.006215469613259668,33,9,19,1439,1500,0.404294,0.5753424657534246,0.8076923076923077,0.672,0.021408839779005526,42,31,10,1417,1500,0.141952,0.2824858757062147,0.9615384615384616,0.4366812227074236,0.08770718232044199,50,127,2,1321,1500,0.651363,0.7857142857142857,0.6346153846153846,0.7021276595744681,0.006215469613259668,33,9,19,1439,1500,0.484476,0.625,0.7692307692307693,0.6896551724137931,0.016574585635359115,40,24,12,1424,1500
12,Baseline,0.8109816411167621,0.9661735019124522,0.5,0.9,0.6923076923076923,0.7826086956521738,0.0027624309392265192,36,4,16,1444,1500,0.415018,0.7708333333333334,0.7115384615384616,0.74,0.007596685082872928,37,11,15,1437,1500,0.44438,0.8604651162790697,0.7115384615384616,0.7789473684210527,0.004143646408839779,37,6,15,1442,1500,0.074546,0.28,0.9423076923076923,0.4317180616740088,0.08701657458563536,49,126,3,1322,1500,0.415018,0.7708333333333334,0.7115384615384616,0.74,0.007596685082872928,37,11,15,1437,1500,0.415018,0.7708333333333334,0.7115384615384616,0.74,0.007596685082872928,37,11,15,1437,1500
12,Borderline-SMOTE,0.7792196320918092,0.9591213344666383,0.5,0.6862745098039216,0.6730769230769231,0.6796116504854369,0.011049723756906077,35,16,17,1432,1500,0.642285,0.8,0.6153846153846154,0.6956521739130435,0.0055248618784530384,32,8,20,1440,1500,0.448231,0.6610169491525424,0.75,0.7027027027027027,0.013812154696132596,39,20,13,1428,1500,0.06371,0.20161290322580644,0.9615384615384616,0.3333333333333333,0.13674033149171272,50,198,2,1250,1500,0.448231,0.6610169491525424,0.75,0.7027027027027027,0.013812154696132596,39,20,13,1428,1500,0.448231,0.6610169491525424,0.75,0.7027027027027027,0.013812154696132596,39,20,13,1428,1500
12,Multi WGAN-GP,0.7608134617234402,0.9678867403314917,0.5,0.4574468085106383,0.8269230769230769,0.589041095890411,0.03522099447513812,43,51,9,1397,1500,0.77,0.7291666666666666,0.6730769230769231,0.7,0.008977900552486187,35,13,17,1435,1500,0.645755,0.6507936507936508,0.7884615384615384,0.7130434782608696,0.015193370165745856,41,22,11,1426,1500,0.280081,0.34328358208955223,0.8846153846153846,0.49462365591397855,0.06077348066298342,46,88,6,1360,1500,0.75,0.7058823529411765,0.6923076923076923,0.6990291262135924,0.010359116022099447,36,15,16,1433,1500,0.553179,0.5058823529411764,0.8269230769230769,0.6277372262773723,0.029005524861878452,43,42,9,1406,1500
12,RUS,0.6690956105582926,0.9654563323416915,0.5,0.23300970873786409,0.9230769230769231,0.37209302325581395,0.10911602209944751,48,158,4,1290,1500,0.831315,0.6428571428571429,0.6923076923076923,0.6666666666666666,0.013812154696132596,36,20,16,1428,1500,0.788573,0.5507246376811594,0.7307692307692307,0.628099173553719,0.021408839779005526,38,31,14,1417,1500,0.473538,0.22325581395348837,0.9230769230769231,0.3595505617977528,0.11533149171270718,48,167,4,1281,1500,0.860686,0.6938775510204082,0.6538461538461539,0.6732673267326732,0.010359116022099447,34,15,18,1433,1500,0.810274,0.6129032258064516,0.7307692307692307,0.6666666666666667,0.016574585635359115,38,24,14,1424,1500
12,SMOTE,0.8168854556180164,0.9760146621334467,0.5,0.6610169491525424,0.75,0.7027027027027027,0.013812154696132596,39,20,13,1428,1500,0.691351,0.8648648648648649,0.6153846153846154,0.7191011235955056,0.003453038674033149,32,5,20,1443,1500,0.480282,0.6451612903225806,0.7692307692307693,0.7017543859649122,0.015193370165745856,40,22,12,1426,1500,0.174641,0.3356164383561644,0.9423076923076923,0.494949494949495,0.06698895027624309,49,97,3,1351,1500,0.650898,0.8095238095238095,0.6538461538461539,0.7234042553191489,0.0055248618784530384,34,8,18,1440,1500,0.384527,0.5733333333333334,0.8269230769230769,0.6771653543307086,0.022099447513812154,43,32,9,1416,1500
12,SMOTENC,0.810981214558075,0.9748459413514662,0.5,0.6507936507936508,0.7884615384615384,0.7130434782608696,0.015193370165745856,41,22,11,1426,1500,0.601339,0.75,0.6923076923076923,0.7199999999999999,0.008287292817679558,36,12,16,1436,1500,0.482585,0.6307692307692307,0.7884615384615384,0.7008547008547009,0.016574585635359115,41,24,11,1424,1500,0.159528,0.3037974683544304,0.9230769230769231,0.45714285714285713,0.07596685082872928,48,110,4,1338,1500,0.569101,0.7307692307692307,0.7307692307692307,0.7307692307692306,0.009668508287292817,38,14,14,1434,1500,0.476967,0.6307692307692307,0.7884615384615384,0.7008547008547009,0.016574585635359115,41,24,11,1424,1500
12,Single WGAN-GP,0.7965552738560756,0.9643938589035275,0.5,0.5113636363636364,0.8653846153846154,0.6428571428571429,0.029696132596685083,45,43,7,1405,1500,0.641625,0.640625,0.7884615384615384,0.7068965517241379,0.015883977900552487,41,23,11,1425,1500,0.650289,0.640625,0.7884615384615384,0.7068965517241379,0.015883977900552487,41,23,11,1425,1500,0.392744,0.39655172413793105,0.8846153846153846,0.5476190476190476,0.04834254143646409,46,70,6,1378,1500,0.641625,0.640625,0.7884615384615384,0.7068965517241379,0.015883977900552487,41,23,11,1425,1500,0.564459,0.5526315789473685,0.8076923076923077,0.6562500000000001,0.023480662983425413,42,34,10,1414,1500
13,ADASYN,0.7871847734523426,0.973998294970162,0.5,0.6029411764705882,0.803921568627451,0.6890756302521008,0.018633540372670808,41,27,10,1422,1500,0.685,0.72,0.7058823529411765,0.712871287128713,0.00966183574879227,36,14,15,1435,1500,0.48,0.5942028985507246,0.803921568627451,0.6833333333333333,0.01932367149758454,41,28,10,1421,1500,0.152052,0.32167832167832167,0.9019607843137255,0.47422680412371143,0.06694271911663216,46,97,5,1352,1500,0.66,0.7254901960784313,0.7254901960784313,0.7254901960784313,0.00966183574879227,37,14,14,1435,1500,0.48,0.5942028985507246,0.803921568627451,0.6833333333333333,0.01932367149758454,41,28,10,1421,1500
13,Baseline,0.8258977068927889,0.9770091611523837,0.5,0.9459459459459459,0.6862745098039216,0.7954545454545455,0.0013802622498274672,35,2,16,1447,1500,0.446619,0.9210526315789473,0.6862745098039216,0.7865168539325842,0.002070393374741201,35,3,16,1446,1500,0.290296,0.6212121212121212,0.803921568627451,0.7008547008547008,0.01725327812284334,41,25,10,1424,1500,0.160289,0.38016528925619836,0.9019607843137255,0.5348837209302326,0.051759834368530024,46,75,5,1374,1500,0.446619,0.9210526315789473,0.6862745098039216,0.7865168539325842,0.002070393374741201,35,3,16,1446,1500,0.314499,0.6612903225806451,0.803921568627451,0.7256637168141592,0.014492753623188406,41,21,10,1428,1500
13,Borderline-SMOTE,0.8349868218252545,0.9757642187309707,0.5,0.7169811320754716,0.7450980392156863,0.7307692307692308,0.010351966873706004,38,15,13,1434,1500,0.685,0.9166666666666666,0.6470588235294118,0.7586206896551724,0.002070393374741201,33,3,18,1446,1500,0.34,0.6515151515151515,0.8431372549019608,0.7350427350427351,0.015873015873015872,43,23,8,1426,1500,0.03,0.19665271966527198,0.9215686274509803,0.3241379310344828,0.13250517598343686,47,192,4,1257,1500,0.59,0.8181818181818182,0.7058823529411765,0.7578947368421053,0.005521048999309869,36,8,15,1441,1500,0.435,0.7142857142857143,0.7843137254901961,0.7476635514018691,0.011042097998619738,40,16,11,1433,1500
13,Multi WGAN-GP,0.7878725735503517,0.9759198365336473,0.5,0.44329896907216493,0.8431372549019608,0.5810810810810811,0.037267080745341616,43,54,8,1395,1500,0.831667,0.8372093023255814,0.7058823529411765,0.7659574468085107,0.004830917874396135,36,7,15,1442,1500,0.65,0.6212121212121212,0.803921568627451,0.7008547008547008,0.01725327812284334,41,25,10,1424,1500,0.185022,0.21800947867298578,0.9019607843137255,0.35114503816793896,0.11387163561076605,46,165,5,1284,1500,0.811819,0.8,0.7058823529411765,0.7500000000000001,0.006211180124223602,36,9,15,1440,1500,0.778561,0.74,0.7254901960784313,0.7326732673267328,0.008971704623878536,37,13,14,1436,1500
13,RUS,0.73355153762146,0.9814341195415365,0.5,0.27071823204419887,0.9607843137254902,0.42241379310344823,0.09109730848861283,49,132,2,1317,1500,0.88,0.717391304347826,0.6470588235294118,0.6804123711340206,0.008971704623878536,33,13,18,1436,1500,0.732937,0.4,0.8627450980392157,0.5465838509316772,0.045548654244306416,44,66,7,1383,1500,0.669787,0.3381294964028777,0.9215686274509803,0.49473684210526314,0.06349206349206349,47,92,4,1357,1500,0.88,0.717391304347826,0.6470588235294118,0.6804123711340206,0.008971704623878536,33,13,18,1436,1500,0.841111,0.6166666666666667,0.7254901960784313,0.6666666666666666,0.015873015873015872,37,23,14,1426,1500
13,SMOTE,0.8258692988179466,0.9793231302182709,0.5,0.5375,0.8431372549019608,0.6564885496183206,0.025534851621808144,43,37,8,1412,1500,0.763282,0.8333333333333334,0.6862745098039216,0.7526881720430109,0.004830917874396135,35,7,16,1442,1500,0.545884,0.5753424657534246,0.8235294117647058,0.6774193548387097,0.02139406487232574,42,31,9,1418,1500,0.317459,0.37815126050420167,0.8823529411764706,0.5294117647058822,0.05106970324361629,45,74,6,1375,1500,0.709463,0.7254901960784313,0.7254901960784313,0.7254901960784313,0.00966183574879227,37,14,14,1435,1500,0.621513,0.640625,0.803921568627451,0.7130434782608696,0.015873015873015872,41,23,10,1426,1500
13,SMOTENC,0.8004142812404169,0.963720754002084,0.5,0.6056338028169014,0.8431372549019608,0.7049180327868853,0.01932367149758454,43,28,8,1421,1500,0.54,0.65625,0.8235294117647058,0.7304347826086957,0.01518288474810214,42,22,9,1427,1500,0.41,0.5512820512820513,0.8431372549019608,0.6666666666666667,0.024154589371980676,43,35,8,1414,1500,0.135,0.2948717948717949,0.9019607843137255,0.4444444444444445,0.0759144237405107,46,110,5,1339,1500,0.66,0.7346938775510204,0.7058823529411765,0.7200000000000001,0.008971704623878536,36,13,15,1436,1500,0.5,0.6056338028169014,0.8431372549019608,0.7049180327868853,0.01932367149758454,43,28,8,1421,1500
13,Single WGAN-GP,0.7497875961791819,0.966109148973599,0.5,0.525,0.8235294117647058,0.6412213740458015,0.026224982746721876,42,38,9,1411,1500,0.625,0.6440677966101694,0.7450980392156863,0.6909090909090908,0.014492753623188406,38,21,13,1428,1500,0.515015,0.5454545454545454,0.8235294117647058,0.65625,0.024154589371980676,42,35,9,1414,1500,0.241253,0.31690140845070425,0.8823529411764706,0.4663212435233161,0.06694271911663216,45,97,6,1352,1500,0.745,0.7142857142857143,0.5882352941176471,0.6451612903225806,0.008281573498964804,30,12,21,1437,1500,0.59,0.6,0.7647058823529411,0.6724137931034482,0.017943409247757072,39,26,12,1423,1500
14,ADASYN,0.7895589028830952,0.9684163520480656,0.5,0.5384615384615384,0.8235294117647058,0.6511627906976744,0.024844720496894408,42,36,9,1413,1500,0.712321,0.7391304347826086,0.6666666666666666,0.7010309278350515,0.008281573498964804,34,12,17,1437,1500,0.63871,0.660377358490566,0.6862745098039216,0.6730769230769231,0.012422360248447204,35,18,16,1431,1500,0.31427,0.3384615384615385,0.8627450980392157,0.4861878453038674,0.05935127674258109,44,86,7,1363,1500,0.712321,0.7391304347826086,0.6666666666666666,0.7010309278350515,0.008281573498964804,34,12,17,1437,1500,0.594704,0.6290322580645161,0.7647058823529411,0.6902654867256637,0.015873015873015872,39,23,12,1426,1500
14,Baseline,0.7872573778089295,0.9658046793596665,0.5,0.8,0.6274509803921569,0.7032967032967032,0.005521048999309869,32,8,19,1441,1500,0.519455,0.8205128205128205,0.6274509803921569,0.711111111111111,0.004830917874396135,32,7,19,1442,1500,0.32771,0.5694444444444444,0.803921568627451,0.6666666666666666,0.02139406487232574,41,31,10,1418,1500,0.20247,0.36363636363636365,0.8627450980392157,0.5116279069767442,0.05314009661835749,44,77,7,1372,1500,0.405051,0.6851851851851852,0.7254901960784313,0.7047619047619048,0.011732229123533472,37,17,14,1432,1500,0.32771,0.5694444444444444,0.803921568627451,0.6666666666666666,0.02139406487232574,41,31,10,1418,1500
14,Borderline-SMOTE,0.7941320111162782,0.9653513579344781,0.5,0.6842105263157895,0.7647058823529411,0.7222222222222222,0.012422360248447204,39,18,12,1431,1500,0.67,0.8461538461538461,0.6470588235294118,0.7333333333333334,0.004140786749482402,33,6,18,1443,1500,0.46,0.6349206349206349,0.7843137254901961,0.7017543859649124,0.015873015873015872,40,23,11,1426,1500,0.155,0.34959349593495936,0.8431372549019608,0.49425287356321834,0.05521048999309869,43,80,8,1369,1500,0.515,0.6964285714285714,0.7647058823529411,0.7289719626168223,0.011732229123533472,39,17,12,1432,1500,0.345,0.589041095890411,0.8431372549019608,0.6935483870967742,0.020703933747412008,43,30,8,1419,1500
14,Multi WGAN-GP,0.7847928320215831,0.9718467096983721,0.5,0.5060240963855421,0.8235294117647058,0.6268656716417911,0.028295376121463076,42,41,9,1408,1500,0.85,0.8611111111111112,0.6078431372549019,0.7126436781609194,0.003450655624568668,31,5,20,1444,1500,0.61,0.5882352941176471,0.7843137254901961,0.6722689075630252,0.01932367149758454,40,28,11,1421,1500,0.311146,0.35772357723577236,0.8627450980392157,0.5057471264367815,0.05452035886818495,44,79,7,1370,1500,0.85,0.8611111111111112,0.6078431372549019,0.7126436781609194,0.003450655624568668,31,5,20,1444,1500,0.61,0.5882352941176471,0.7843137254901961,0.6722689075630252,0.01932367149758454,40,28,11,1421,1500
14,RUS,0.7213233833855206,0.969160611104345,0.5,0.2315270935960591,0.9215686274509803,0.3700787401574803,0.10766045548654245,47,156,4,1293,1500,0.818571,0.6333333333333333,0.7450980392156863,0.6846846846846847,0.01518288474810214,38,22,13,1427,1500,0.810443,0.6190476190476191,0.7647058823529411,0.6842105263157895,0.016563146997929608,39,24,12,1425,1500,0.664729,0.3492063492063492,0.8627450980392157,0.4971751412429378,0.05659075224292615,44,82,7,1367,1500,0.810443,0.6190476190476191,0.7647058823529411,0.6842105263157895,0.016563146997929608,39,24,12,1425,1500,0.810443,0.6190476190476191,0.7647058823529411,0.6842105263157895,0.016563146997929608,39,24,12,1425,1500
14,SMOTE,0.7700411003077338,0.9707573850796357,0.5,0.5256410256410257,0.803921568627451,0.6356589147286822,0.025534851621808144,41,37,10,1412,1500,0.744468,0.775,0.6078431372549019,0.6813186813186813,0.006211180124223602,31,9,20,1440,1500,0.587807,0.59375,0.7450980392156863,0.6608695652173913,0.017943409247757072,38,26,13,1423,1500,0.38701,0.3706896551724138,0.8431372549019608,0.5149700598802395,0.05037957211870255,43,73,8,1376,1500,0.678572,0.7142857142857143,0.6862745098039216,0.7000000000000001,0.00966183574879227,35,14,16,1435,1500,0.587807,0.59375,0.7450980392156863,0.6608695652173913,0.017943409247757072,38,26,13,1423,1500
14,SMOTENC,0.7746462696697156,0.9644244171098391,0.5,0.582089552238806,0.7647058823529411,0.6610169491525423,0.01932367149758454,39,28,12,1421,1500,0.714,0.7674418604651163,0.6470588235294118,0.7021276595744682,0.006901311249137336,33,10,18,1439,1500,0.594605,0.6610169491525424,0.7647058823529411,0.7090909090909091,0.013802622498274672,39,20,12,1429,1500,0.367435,0.42857142857142855,0.8235294117647058,0.5637583892617449,0.03864734299516908,42,56,9,1393,1500,0.692982,0.75,0.6470588235294118,0.6947368421052633,0.00759144237405107,33,11,18,1438,1500,0.560204,0.65,0.7647058823529411,0.7027027027027027,0.014492753623188406,39,21,12,1428,1500
14,Single WGAN-GP,0.703119166245252,0.9455811310031259,0.5,0.41414141414141414,0.803921568627451,0.5466666666666666,0.04002760524499655,41,58,10,1391,1500,0.76,0.7,0.6862745098039216,0.693069306930693,0.010351966873706004,35,15,16,1434,1500,0.462177,0.35964912280701755,0.803921568627451,0.49696969696969695,0.05037957211870255,41,73,10,1376,1500,0.194091,0.1853448275862069,0.8431372549019608,0.303886925795053,0.13043478260869565,43,189,8,1260,1500,0.76,0.7,0.6862745098039216,0.693069306930693,0.010351966873706004,35,15,16,1434,1500,0.615375,0.5882352941176471,0.7843137254901961,0.6722689075630252,0.01932367149758454,40,28,11,1421,1500
15,ADASYN,0.7877290442174675,0.9888275862068965,0.5,0.631578947368421,0.72,0.6728971962616822,0.014482758620689656,36,21,14,1429,1500,0.577234,0.673469387755102,0.66,0.6666666666666666,0.011034482758620689,33,16,17,1434,1500,0.320185,0.4742268041237113,0.92,0.6258503401360545,0.03517241379310345,46,51,4,1399,1500,0.208509,0.36363636363636365,0.96,0.5274725274725274,0.057931034482758624,48,84,2,1366,1500,0.577234,0.673469387755102,0.66,0.6666666666666666,0.011034482758620689,33,16,17,1434,1500,0.485006,0.6333333333333333,0.76,0.6909090909090909,0.015172413793103448,38,22,12,1428,1500
15,Baseline,0.8561754501583151,0.9915448275862069,0.5,0.8333333333333334,0.7,0.7608695652173915,0.004827586206896552,35,7,15,1443,1500,0.408346,0.76,0.76,0.76,0.008275862068965517,38,12,12,1438,1500,0.297273,0.6,0.84,0.7000000000000001,0.019310344827586208,42,28,8,1422,1500,0.14041,0.41739130434782606,0.96,0.5818181818181818,0.046206896551724136,48,67,2,1383,1500,0.408346,0.76,0.76,0.76,0.008275862068965517,38,12,12,1438,1500,0.327102,0.6451612903225806,0.8,0.7142857142857142,0.015172413793103448,40,22,10,1428,1500
15,Borderline-SMOTE,0.8463403574203846,0.9896689655172414,0.5,0.7906976744186046,0.68,0.7311827956989247,0.006206896551724138,34,9,16,1441,1500,0.572546,0.775,0.62,0.6888888888888889,0.006206896551724138,31,9,19,1441,1500,0.250406,0.5609756097560976,0.92,0.6969696969696971,0.02482758620689655,46,36,4,1414,1500,0.104083,0.36363636363636365,0.96,0.5274725274725274,0.057931034482758624,48,84,2,1366,1500,0.459732,0.7777777777777778,0.7,0.7368421052631577,0.006896551724137931,35,10,15,1440,1500,0.411054,0.75,0.78,0.7647058823529411,0.00896551724137931,39,13,11,1437,1500
15,Multi WGAN-GP,0.8010225342745575,0.9807586206896552,0.5,0.4017857142857143,0.9,0.5555555555555556,0.046206896551724136,45,67,5,1383,1500,0.861065,0.7692307692307693,0.6,0.6741573033707865,0.006206896551724138,30,9,20,1441,1500,0.646917,0.5432098765432098,0.88,0.6717557251908396,0.025517241379310347,44,37,6,1413,1500,0.269493,0.22018348623853212,0.96,0.35820895522388063,0.11724137931034483,48,170,2,1280,1500,0.861065,0.7692307692307693,0.6,0.6741573033707865,0.006206896551724138,30,9,20,1441,1500,0.762743,0.6792452830188679,0.72,0.6990291262135921,0.011724137931034483,36,17,14,1433,1500
15,RUS,0.7044556758416056,0.9842896551724137,0.5,0.29878048780487804,0.98,0.4579439252336448,0.07931034482758621,49,115,1,1335,1500,0.84196,0.625,0.6,0.6122448979591836,0.012413793103448275,30,18,20,1432,1500,0.776995,0.5070422535211268,0.72,0.5950413223140496,0.02413793103448276,36,35,14,1415,1500,0.572135,0.35507246376811596,0.98,0.5212765957446809,0.06137931034482759,49,89,1,1361,1500,0.84196,0.625,0.6,0.6122448979591836,0.012413793103448275,30,18,20,1432,1500,0.819271,0.6226415094339622,0.66,0.6407766990291262,0.013793103448275862,33,20,17,1430,1500
15,SMOTE,0.7810145735978183,0.9883586206896553,0.5,0.5507246376811594,0.76,0.638655462184874,0.021379310344827585,38,31,12,1419,1500,0.726704,0.9032258064516129,0.56,0.691358024691358,0.0020689655172413794,28,3,22,1447,1500,0.42292,0.524390243902439,0.86,0.6515151515151516,0.02689655172413793,43,39,7,1411,1500,0.209894,0.3125,1.0,0.47619047619047616,0.07586206896551724,50,110,0,1340,1500,0.679483,0.7777777777777778,0.56,0.6511627906976745,0.005517241379310344,28,8,22,1442,1500,0.51763,0.5833333333333334,0.7,0.6363636363636365,0.017241379310344827,35,25,15,1425,1500
15,SMOTENC,0.7702604935050981,0.9882620689655173,0.5,0.5932203389830508,0.7,0.6422018348623852,0.016551724137931035,35,24,15,1426,1500,0.690794,0.8055555555555556,0.58,0.6744186046511629,0.004827586206896552,29,7,21,1443,1500,0.37481,0.5058823529411764,0.86,0.6370370370370371,0.028965517241379312,43,42,7,1408,1500,0.217095,0.3609022556390977,0.96,0.5245901639344263,0.05862068965517241,48,85,2,1365,1500,0.656847,0.7317073170731707,0.6,0.6593406593406594,0.007586206896551724,30,11,20,1439,1500,0.524802,0.6181818181818182,0.68,0.6476190476190475,0.014482758620689656,34,21,16,1429,1500
15,Single WGAN-GP,0.7876716896266305,0.9826206896551725,0.5,0.5432098765432098,0.88,0.6717557251908396,0.025517241379310347,44,37,6,1413,1500,0.584978,0.6268656716417911,0.84,0.7179487179487181,0.017241379310344827,42,25,8,1425,1500,0.605,0.625,0.8,0.7017543859649122,0.016551724137931035,40,24,10,1426,1500,0.259611,0.31333333333333335,0.94,0.4699999999999999,0.07103448275862069,47,103,3,1347,1500,0.825135,0.84375,0.54,0.6585365853658537,0.0034482758620689655,27,5,23,1445,1500,0.637208,0.6610169491525424,0.78,0.7155963302752293,0.013793103448275862,39,20,11,1430,1500
16,ADASYN,0.7827678635940202,0.9615894667045563,0.5,0.5633802816901409,0.7843137254901961,0.6557377049180328,0.02139406487232574,40,31,11,1418,1500,0.751625,0.8181818181818182,0.7058823529411765,0.7578947368421053,0.005521048999309869,36,8,15,1441,1500,0.65543,0.6964285714285714,0.7647058823529411,0.7289719626168223,0.011732229123533472,39,17,12,1432,1500,0.198685,0.30714285714285716,0.8431372549019608,0.45026178010471213,0.06694271911663216,43,97,8,1352,1500,0.65543,0.6964285714285714,0.7647058823529411,0.7289719626168223,0.011732229123533472,39,17,12,1432,1500,0.465687,0.5333333333333333,0.7843137254901961,0.634920634920635,0.024154589371980676,40,35,11,1414,1500
16,Baseline,0.8187784071510134,0.9579020013802624,0.5,1.0,0.6470588235294118,0.7857142857142858,0.0,33,0,18,1449,1500,0.33,0.8222222222222222,0.7254901960784313,0.7708333333333334,0.005521048999309869,37,8,14,1441,1500,0.335,0.8222222222222222,0.7254901960784313,0.7708333333333334,0.005521048999309869,37,8,14,1441,1500,0.05,0.36363636363636365,0.8627450980392157,0.5116279069767442,0.05314009661835749,44,77,7,1372,1500,0.22,0.6610169491525424,0.7647058823529411,0.7090909090909091,0.013802622498274672,39,20,12,1429,1500,0.16,0.5633802816901409,0.7843137254901961,0.6557377049180328,0.02139406487232574,40,31,11,1418,1500
16,Borderline-SMOTE,0.7912402625904957,0.9578749374145794,0.5,0.75,0.7647058823529411,0.7572815533980582,0.008971704623878536,39,13,12,1436,1500,0.465,0.6724137931034483,0.7647058823529411,0.7155963302752292,0.013112491373360938,39,19,12,1430,1500,0.53,0.7647058823529411,0.7647058823529411,0.7647058823529412,0.008281573498964804,39,12,12,1437,1500,0.125,0.36134453781512604,0.8431372549019608,0.5058823529411766,0.05244996549344375,43,76,8,1373,1500,0.57,0.7755102040816326,0.7450980392156863,0.76,0.00759144237405107,38,11,13,1438,1500,0.34,0.5942028985507246,0.803921568627451,0.6833333333333333,0.01932367149758454,41,28,10,1421,1500
16,Multi WGAN-GP,0.7857072450844295,0.9517517151788252,0.5,0.42574257425742573,0.8431372549019608,0.5657894736842105,0.04002760524499655,43,58,8,1391,1500,0.810892,0.7391304347826086,0.6666666666666666,0.7010309278350515,0.008281573498964804,34,12,17,1437,1500,0.694637,0.625,0.7843137254901961,0.6956521739130435,0.016563146997929608,40,24,11,1425,1500,0.277608,0.27672955974842767,0.8627450980392157,0.41904761904761906,0.07936507936507936,44,115,7,1334,1500,0.79129,0.72,0.7058823529411765,0.712871287128713,0.00966183574879227,36,14,15,1435,1500,0.687396,0.6060606060606061,0.7843137254901961,0.6837606837606838,0.017943409247757072,40,26,11,1423,1500
16,RUS,0.6460088628569237,0.95497909308651,0.5,0.22685185185185186,0.9607843137254902,0.3670411985018727,0.11525189786059352,49,167,2,1282,1500,0.846471,0.559322033898305,0.6470588235294118,0.6,0.017943409247757072,33,26,18,1423,1500,0.776035,0.4875,0.7647058823529411,0.5954198473282442,0.028295376121463076,39,41,12,1408,1500,0.659158,0.3383458646616541,0.8823529411764706,0.48913043478260865,0.06073153899240856,45,88,6,1361,1500,0.903997,0.6410256410256411,0.49019607843137253,0.5555555555555556,0.00966183574879227,25,14,26,1435,1500,0.792171,0.5,0.7254901960784313,0.592,0.025534851621808144,37,37,14,1412,1500
16,SMOTE,0.7937846245033436,0.9594175834585043,0.5,0.6190476190476191,0.7647058823529411,0.6842105263157895,0.016563146997929608,39,24,12,1425,1500,0.755562,0.9166666666666666,0.6470588235294118,0.7586206896551724,0.002070393374741201,33,3,18,1446,1500,0.588365,0.7222222222222222,0.7647058823529411,0.7428571428571428,0.010351966873706004,39,15,12,1434,1500,0.160065,0.3055555555555556,0.8627450980392157,0.45128205128205134,0.06901311249137336,44,100,7,1349,1500,0.55906,0.6842105263157895,0.7647058823529411,0.7222222222222222,0.012422360248447204,39,18,12,1431,1500,0.414606,0.5405405405405406,0.7843137254901961,0.6399999999999999,0.023464458247066944,40,34,11,1415,1500
16,SMOTENC,0.7834730558494882,0.9561563755937158,0.5,0.6724137931034483,0.7647058823529411,0.7155963302752292,0.013112491373360938,39,19,12,1430,1500,0.67,0.8181818181818182,0.7058823529411765,0.7578947368421053,0.005521048999309869,36,8,15,1441,1500,0.455,0.6190476190476191,0.7647058823529411,0.6842105263157895,0.016563146997929608,39,24,12,1425,1500,0.150833,0.3208955223880597,0.8431372549019608,0.4648648648648648,0.06280193236714976,43,91,8,1358,1500,0.515,0.6842105263157895,0.7647058823529411,0.7222222222222222,0.012422360248447204,39,18,12,1431,1500,0.395,0.5652173913043478,0.7647058823529411,0.65,0.020703933747412008,39,30,12,1419,1500
16,Single WGAN-GP,0.7576073458886118,0.958030555217256,0.5,0.5063291139240507,0.7843137254901961,0.6153846153846154,0.026915113871635612,40,39,11,1410,1500,0.68,0.6607142857142857,0.7254901960784313,0.6915887850467289,0.013112491373360938,37,19,14,1430,1500,0.682995,0.6607142857142857,0.7254901960784313,0.6915887850467289,0.013112491373360938,37,19,14,1430,1500,0.16928,0.25146198830409355,0.8431372549019608,0.38738738738738737,0.0883367839889579,43,128,8,1321,1500,0.68,0.6607142857142857,0.7254901960784313,0.6915887850467289,0.013112491373360938,37,19,14,1430,1500,0.53176,0.5405405405405406,0.7843137254901961,0.6399999999999999,0.023464458247066944,40,34,11,1415,1500
17,ADASYN,0.8143913584246465,0.9792622362954844,0.5,0.5324675324675324,0.803921568627451,0.640625,0.024844720496894408,41,36,10,1413,1500,0.723617,0.7954545454545454,0.6862745098039216,0.736842105263158,0.006211180124223602,35,9,16,1440,1500,0.565351,0.6229508196721312,0.7450980392156863,0.6785714285714286,0.015873015873015872,38,23,13,1426,1500,0.345048,0.4166666666666667,0.8823529411764706,0.5660377358490566,0.043478260869565216,45,63,6,1386,1500,0.660054,0.7291666666666666,0.6862745098039216,0.7070707070707071,0.008971704623878536,35,13,16,1436,1500,0.543101,0.582089552238806,0.7647058823529411,0.6610169491525423,0.01932367149758454,39,28,12,1421,1500
17,Baseline,0.8322687077447467,0.973436717682242,0.5,0.9642857142857143,0.5294117647058824,0.6835443037974683,0.0006901311249137336,27,1,24,1448,1500,0.3,0.8536585365853658,0.6862745098039216,0.7608695652173912,0.004140786749482402,35,6,16,1443,1500,0.22,0.7222222222222222,0.7647058823529411,0.7428571428571428,0.010351966873706004,39,15,12,1434,1500,0.055,0.391304347826087,0.8823529411764706,0.5421686746987953,0.04830917874396135,45,70,6,1379,1500,0.255,0.7872340425531915,0.7254901960784313,0.7551020408163265,0.006901311249137336,37,10,14,1439,1500,0.17,0.6557377049180327,0.7843137254901961,0.7142857142857142,0.014492753623188406,40,21,11,1428,1500
17,Borderline-SMOTE,0.8131706628598095,0.9688290775247297,0.5,0.7222222222222222,0.7647058823529411,0.7428571428571428,0.010351966873706004,39,15,12,1434,1500,0.635,0.8536585365853658,0.6862745098039216,0.7608695652173912,0.004140786749482402,35,6,16,1443,1500,0.395,0.6451612903225806,0.7843137254901961,0.7079646017699115,0.01518288474810214,40,22,11,1427,1500,0.125,0.4017857142857143,0.8823529411764706,0.5521472392638037,0.04623878536922015,45,67,6,1382,1500,0.535,0.76,0.7450980392156863,0.7524752475247525,0.008281573498964804,38,12,13,1437,1500,0.35,0.6,0.8235294117647058,0.6942148760330579,0.01932367149758454,42,28,9,1421,1500
17,Multi WGAN-GP,0.836979222491048,0.97426216863557,0.5,0.6,0.8235294117647058,0.6942148760330579,0.01932367149758454,42,28,9,1421,1500,0.854738,0.9375,0.5882352941176471,0.7228915662650602,0.0013802622498274672,30,2,21,1447,1500,0.551622,0.6307692307692307,0.803921568627451,0.7068965517241379,0.016563146997929608,41,24,10,1425,1500,0.367196,0.4489795918367347,0.8627450980392157,0.5906040268456375,0.037267080745341616,44,54,7,1395,1500,0.647978,0.7142857142857143,0.7843137254901961,0.7476635514018691,0.011042097998619738,40,16,11,1433,1500,0.546673,0.6212121212121212,0.803921568627451,0.7008547008547008,0.01725327812284334,41,25,10,1424,1500
17,RUS,0.6582543688603955,0.9623810877007808,0.5,0.3037974683544304,0.9411764705882353,0.4593301435406698,0.0759144237405107,48,110,3,1339,1500,0.876048,0.5789473684210527,0.43137254901960786,0.4943820224719101,0.011042097998619738,22,16,29,1433,1500,0.696709,0.46511627906976744,0.7843137254901961,0.583941605839416,0.031746031746031744,40,46,11,1403,1500,0.597417,0.38016528925619836,0.9019607843137255,0.5348837209302326,0.051759834368530024,46,75,5,1374,1500,0.876048,0.5789473684210527,0.43137254901960786,0.4943820224719101,0.011042097998619738,22,16,29,1433,1500,0.813925,0.5806451612903226,0.7058823529411765,0.6371681415929203,0.017943409247757072,36,26,15,1423,1500
17,SMOTE,0.8096495972331789,0.972604500737493,0.5,0.639344262295082,0.7647058823529411,0.6964285714285714,0.01518288474810214,39,22,12,1427,1500,0.728056,0.8888888888888888,0.6274509803921569,0.735632183908046,0.0027605244996549345,32,4,19,1445,1500,0.527192,0.6440677966101694,0.7450980392156863,0.6909090909090908,0.014492753623188406,38,21,13,1428,1500,0.274234,0.4392523364485981,0.9215686274509803,0.5949367088607594,0.041407867494824016,47,60,4,1389,1500,0.589234,0.6981132075471698,0.7254901960784313,0.7115384615384615,0.011042097998619738,37,16,14,1433,1500,0.527192,0.6440677966101694,0.7450980392156863,0.6909090909090908,0.014492753623188406,38,21,13,1428,1500
17,SMOTENC,0.8011861887853446,0.9796952597464107,0.5,0.609375,0.7647058823529411,0.6782608695652174,0.01725327812284334,39,25,12,1424,1500,0.54,0.6724137931034483,0.7647058823529411,0.7155963302752292,0.013112491373360938,39,19,12,1430,1500,0.54,0.6724137931034483,0.7647058823529411,0.7155963302752292,0.013112491373360938,39,19,12,1430,1500,0.253602,0.4074074074074074,0.8627450980392157,0.5534591194968553,0.04416839199447895,44,64,7,1385,1500,0.605,0.6981132075471698,0.7254901960784313,0.7115384615384615,0.011042097998619738,37,16,14,1433,1500,0.459267,0.5970149253731343,0.7843137254901961,0.6779661016949152,0.018633540372670808,40,27,11,1422,1500
17,Single WGAN-GP,0.8166461837939151,0.9652498680631673,0.5,0.6142857142857143,0.8431372549019608,0.7107438016528925,0.018633540372670808,43,27,8,1422,1500,0.726773,0.813953488372093,0.6862745098039216,0.7446808510638299,0.005521048999309869,35,8,16,1441,1500,0.65316,0.7755102040816326,0.7450980392156863,0.76,0.00759144237405107,38,11,13,1438,1500,0.247513,0.3333333333333333,0.8627450980392157,0.4808743169398907,0.06073153899240856,44,88,7,1361,1500,0.65316,0.7755102040816326,0.7450980392156863,0.76,0.00759144237405107,38,11,13,1438,1500,0.54089,0.6935483870967742,0.8431372549019608,0.7610619469026549,0.013112491373360938,43,19,8,1430,1500
18,ADASYN,0.835036837083406,0.9773203967577369,0.5,0.6615384615384615,0.8431372549019608,0.7413793103448276,0.01518288474810214,43,22,8,1427,1500,0.688764,0.8095238095238095,0.6666666666666666,0.7311827956989246,0.005521048999309869,34,8,17,1441,1500,0.548661,0.6842105263157895,0.7647058823529411,0.7222222222222222,0.012422360248447204,39,18,12,1431,1500,0.193192,0.3006535947712418,0.9019607843137255,0.45098039215686275,0.0738440303657695,46,107,5,1342,1500,0.568958,0.7222222222222222,0.7647058823529411,0.7428571428571428,0.010351966873706004,39,15,12,1434,1500,0.548661,0.6842105263157895,0.7647058823529411,0.7222222222222222,0.012422360248447204,39,18,12,1431,1500
18,Baseline,0.8684091374523242,0.9801891771201234,0.5,0.9069767441860465,0.7647058823529411,0.8297872340425532,0.0027605244996549345,39,4,12,1445,1500,0.496827,0.9069767441860465,0.7647058823529411,0.8297872340425532,0.0027605244996549345,39,4,12,1445,1500,0.331555,0.6825396825396826,0.8431372549019608,0.7543859649122807,0.013802622498274672,43,20,8,1429,1500,0.143578,0.4051724137931034,0.9215686274509803,0.5628742514970059,0.047619047619047616,47,69,4,1380,1500,0.372103,0.7241379310344828,0.8235294117647058,0.7706422018348623,0.011042097998619738,42,16,9,1433,1500,0.331555,0.6825396825396826,0.8431372549019608,0.7543859649122807,0.013802622498274672,43,20,8,1429,1500
18,Borderline-SMOTE,0.8587644326869357,0.9840999201613012,0.5,0.75,0.8235294117647058,0.7850467289719627,0.00966183574879227,42,14,9,1435,1500,0.601694,0.8260869565217391,0.7450980392156863,0.7835051546391751,0.005521048999309869,38,8,13,1441,1500,0.472042,0.7368421052631579,0.8235294117647058,0.7777777777777778,0.010351966873706004,42,15,9,1434,1500,0.15053,0.3381294964028777,0.9215686274509803,0.49473684210526314,0.06349206349206349,47,92,4,1357,1500,0.472042,0.7368421052631579,0.8235294117647058,0.7777777777777778,0.010351966873706004,42,15,9,1434,1500,0.472042,0.7368421052631579,0.8235294117647058,0.7777777777777778,0.010351966873706004,42,15,9,1434,1500
18,Multi WGAN-GP,0.852665805807381,0.9795531739265754,0.5,0.5657894736842105,0.8431372549019608,0.6771653543307087,0.022774327122153208,43,33,8,1416,1500,0.67125,0.7368421052631579,0.8235294117647058,0.7777777777777778,0.010351966873706004,42,15,9,1434,1500,0.599267,0.6825396825396826,0.8431372549019608,0.7543859649122807,0.013802622498274672,43,20,8,1429,1500,0.295327,0.3543307086614173,0.8823529411764706,0.5056179775280898,0.05659075224292615,45,82,6,1367,1500,0.68,0.7368421052631579,0.8235294117647058,0.7777777777777778,0.010351966873706004,42,15,9,1434,1500,0.59526,0.671875,0.8431372549019608,0.7478260869565218,0.014492753623188406,43,21,8,1428,1500
18,RUS,0.7835880641352865,0.9846817954234834,0.5,0.24875621890547264,0.9803921568627451,0.3968253968253968,0.10420979986197378,50,151,1,1298,1500,0.824907,0.7058823529411765,0.7058823529411765,0.7058823529411765,0.010351966873706004,36,15,15,1434,1500,0.719286,0.45544554455445546,0.9019607843137255,0.6052631578947368,0.03795721187025535,46,55,5,1394,1500,0.622221,0.32653061224489793,0.9411764705882353,0.48484848484848486,0.06832298136645963,48,99,3,1350,1500,0.847292,0.75,0.6470588235294118,0.6947368421052633,0.00759144237405107,33,11,18,1438,1500,0.784215,0.5797101449275363,0.7843137254901961,0.6666666666666666,0.020013802622498276,40,29,11,1420,1500
18,SMOTE,0.8447071934123828,0.9723406270720849,0.5,0.711864406779661,0.8235294117647058,0.7636363636363636,0.011732229123533472,42,17,9,1432,1500,0.67,0.8717948717948718,0.6666666666666666,0.7555555555555555,0.003450655624568668,34,5,17,1444,1500,0.463039,0.676923076923077,0.8627450980392157,0.7586206896551724,0.014492753623188406,44,21,7,1428,1500,0.169837,0.3435114503816794,0.8823529411764706,0.4945054945054946,0.05935127674258109,45,86,6,1363,1500,0.57,0.7843137254901961,0.7843137254901961,0.7843137254901961,0.00759144237405107,40,11,11,1438,1500,0.41,0.6376811594202898,0.8627450980392157,0.7333333333333333,0.01725327812284334,44,25,7,1424,1500
18,SMOTENC,0.837261356757029,0.970479979431386,0.5,0.6825396825396826,0.8431372549019608,0.7543859649122807,0.013802622498274672,43,20,8,1429,1500,0.69,0.875,0.6862745098039216,0.7692307692307692,0.003450655624568668,35,5,16,1444,1500,0.48,0.6666666666666666,0.8627450980392157,0.7521367521367521,0.01518288474810214,44,22,7,1427,1500,0.185,0.34306569343065696,0.9215686274509803,0.5,0.062111801242236024,47,90,4,1359,1500,0.555,0.7321428571428571,0.803921568627451,0.766355140186916,0.010351966873706004,41,15,10,1434,1500,0.415,0.5921052631578947,0.8823529411764706,0.7086614173228346,0.02139406487232574,45,31,6,1418,1500
18,Single WGAN-GP,0.8424029275547208,0.9752703013572578,0.5,0.45918367346938777,0.8823529411764706,0.6040268456375839,0.03657694962042788,45,53,6,1396,1500,0.671347,0.711864406779661,0.8235294117647058,0.7636363636363636,0.011732229123533472,42,17,9,1432,1500,0.559062,0.5641025641025641,0.8627450980392157,0.682170542635659,0.023464458247066944,44,34,7,1415,1500,0.308024,0.3125,0.8823529411764706,0.46153846153846156,0.06832298136645963,45,99,6,1350,1500,0.73875,0.7884615384615384,0.803921568627451,0.7961165048543688,0.00759144237405107,41,11,10,1438,1500,0.586383,0.589041095890411,0.8431372549019608,0.6935483870967742,0.020703933747412008,43,30,8,1419,1500
19,ADASYN,0.811393489299981,0.9768061814097619,0.5,0.625,0.7843137254901961,0.6956521739130435,0.016563146997929608,40,24,11,1425,1500,0.635,0.7291666666666666,0.6862745098039216,0.7070707070707071,0.008971704623878536,35,13,16,1436,1500,0.324934,0.5121951219512195,0.8235294117647058,0.6315789473684211,0.027605244996549344,42,40,9,1409,1500,0.236519,0.42424242424242425,0.8235294117647058,0.5599999999999999,0.039337474120082816,42,57,9,1392,1500,0.555,0.6610169491525424,0.7647058823529411,0.7090909090909091,0.013802622498274672,39,20,12,1429,1500,0.48,0.6268656716417911,0.8235294117647058,0.7118644067796609,0.01725327812284334,42,25,9,1424,1500
19,Baseline,0.8387335855397885,0.9669075359612445,0.5,0.9142857142857143,0.6274509803921569,0.7441860465116279,0.002070393374741201,32,3,19,1446,1500,0.38,0.8837209302325582,0.7450980392156863,0.8085106382978724,0.003450655624568668,38,5,13,1444,1500,0.165,0.6307692307692307,0.803921568627451,0.7068965517241379,0.016563146997929608,41,24,10,1425,1500,0.04944,0.39823008849557523,0.8823529411764706,0.5487804878048781,0.04692891649413389,45,68,6,1381,1500,0.285,0.7916666666666666,0.7450980392156863,0.7676767676767677,0.006901311249137336,38,10,13,1439,1500,0.165,0.6307692307692307,0.803921568627451,0.7068965517241379,0.016563146997929608,41,24,10,1425,1500
19,Borderline-SMOTE,0.8274681257787355,0.9783488274536869,0.5,0.7755102040816326,0.7450980392156863,0.76,0.00759144237405107,38,11,13,1438,1500,0.621284,0.8043478260869565,0.7254901960784313,0.7628865979381443,0.006211180124223602,37,9,14,1440,1500,0.407056,0.6833333333333333,0.803921568627451,0.7387387387387387,0.013112491373360938,41,19,10,1430,1500,0.064556,0.3032258064516129,0.9215686274509803,0.4563106796116505,0.07453416149068323,47,108,4,1341,1500,0.475316,0.7358490566037735,0.7647058823529411,0.7499999999999999,0.00966183574879227,39,14,12,1435,1500,0.370985,0.6721311475409836,0.803921568627451,0.7321428571428572,0.013802622498274672,41,20,10,1429,1500
19,Multi WGAN-GP,0.824313904012459,0.976927969255335,0.5,0.5526315789473685,0.8235294117647058,0.6614173228346457,0.023464458247066944,42,34,9,1415,1500,0.885635,0.9117647058823529,0.6078431372549019,0.7294117647058823,0.002070393374741201,31,3,20,1446,1500,0.701471,0.7735849056603774,0.803921568627451,0.7884615384615384,0.008281573498964804,41,12,10,1437,1500,0.304023,0.4074074074074074,0.8627450980392157,0.5534591194968553,0.04416839199447895,44,64,7,1385,1500,0.761111,0.7708333333333334,0.7254901960784313,0.7474747474747475,0.00759144237405107,37,11,14,1438,1500,0.630064,0.6774193548387096,0.8235294117647058,0.743362831858407,0.013802622498274672,42,20,9,1429,1500
19,RUS,0.7888729379652941,0.9777872501657667,0.5,0.3092105263157895,0.9215686274509803,0.4630541871921182,0.07246376811594203,47,105,4,1344,1500,0.805,0.6964285714285714,0.7647058823529411,0.7289719626168223,0.011732229123533472,39,17,12,1432,1500,0.731445,0.49382716049382713,0.7843137254901961,0.6060606060606061,0.028295376121463076,40,41,11,1408,1500,0.597735,0.36,0.8823529411764706,0.5113636363636364,0.05521048999309869,45,80,6,1369,1500,0.868833,0.8421052631578947,0.6274509803921569,0.7191011235955056,0.004140786749482402,32,6,19,1443,1500,0.805,0.6964285714285714,0.7647058823529411,0.7289719626168223,0.011732229123533472,39,17,12,1432,1500
19,SMOTE,0.8139168954356524,0.9812040758332319,0.5,0.5714285714285714,0.7843137254901961,0.6611570247933883,0.020703933747412008,40,30,11,1419,1500,0.768185,0.8611111111111112,0.6078431372549019,0.7126436781609194,0.003450655624568668,31,5,20,1444,1500,0.487763,0.5555555555555556,0.7843137254901961,0.6504065040650406,0.022084195997239476,40,32,11,1417,1500,0.361863,0.4387755102040816,0.8431372549019608,0.5771812080536912,0.03795721187025535,43,55,8,1394,1500,0.62482,0.7450980392156863,0.7450980392156863,0.7450980392156863,0.008971704623878536,38,13,13,1436,1500,0.53228,0.5970149253731343,0.7843137254901961,0.6779661016949152,0.018633540372670808,40,27,11,1422,1500
19,SMOTENC,0.8232405538190447,0.9835721728304849,0.5,0.547945205479452,0.7843137254901961,0.6451612903225806,0.022774327122153208,40,33,11,1416,1500,0.722756,0.7954545454545454,0.6862745098039216,0.736842105263158,0.006211180124223602,35,9,16,1440,1500,0.533714,0.5797101449275363,0.7843137254901961,0.6666666666666666,0.020013802622498276,40,29,11,1420,1500,0.402619,0.46808510638297873,0.8627450980392157,0.6068965517241379,0.03450655624568668,44,50,7,1399,1500,0.646877,0.7222222222222222,0.7647058823529411,0.7428571428571428,0.010351966873706004,39,15,12,1434,1500,0.560325,0.5970149253731343,0.7843137254901961,0.6779661016949152,0.018633540372670808,40,27,11,1422,1500
19,Single WGAN-GP,0.8322798430318812,0.972435350951975,0.5,0.45918367346938777,0.8823529411764706,0.6040268456375839,0.03657694962042788,45,53,6,1396,1500,0.744357,0.8181818181818182,0.7058823529411765,0.7578947368421053,0.005521048999309869,36,8,15,1441,1500,0.686989,0.7692307692307693,0.7843137254901961,0.7766990291262137,0.008281573498964804,40,12,11,1437,1500,0.176971,0.1488095238095238,0.9803921568627451,0.25839793281653745,0.1973775017253278,50,286,1,1163,1500,0.744357,0.8181818181818182,0.7058823529411765,0.7578947368421053,0.005521048999309869,36,8,15,1441,1500,0.686989,0.7692307692307693,0.7843137254901961,0.7766990291262137,0.008281573498964804,40,12,11,1437,1500
20,ADASYN,0.7691096033018878,0.9752045261368465,0.5,0.5405405405405406,0.7692307692307693,0.6349206349206349,0.023480662983425413,40,34,12,1414,1500,0.730797,0.8529411764705882,0.5576923076923077,0.6744186046511628,0.003453038674033149,29,5,23,1443,1500,0.387973,0.5058823529411764,0.8269230769230769,0.6277372262773723,0.029005524861878452,43,42,9,1406,1500,0.152746,0.24736842105263157,0.9038461538461539,0.3884297520661157,0.09875690607734806,47,143,5,1305,1500,0.676123,0.7692307692307693,0.5769230769230769,0.6593406593406593,0.006215469613259668,30,9,22,1439,1500,0.489337,0.5333333333333333,0.7692307692307693,0.6299212598425197,0.024171270718232045,40,35,12,1413,1500
20,Baseline,0.7709296821923929,0.9749787505312367,0.5,0.8205128205128205,0.6153846153846154,0.7032967032967034,0.004834254143646409,32,7,20,1441,1500,0.640501,0.875,0.5384615384615384,0.6666666666666667,0.0027624309392265192,28,4,24,1444,1500,0.338611,0.5189873417721519,0.7884615384615384,0.6259541984732825,0.026243093922651933,41,38,11,1410,1500,0.194726,0.34558823529411764,0.9038461538461539,0.5,0.06146408839779006,47,89,5,1359,1500,0.438635,0.6875,0.6346153846153846,0.6599999999999999,0.010359116022099447,33,15,19,1433,1500,0.338611,0.5189873417721519,0.7884615384615384,0.6259541984732825,0.026243093922651933,41,38,11,1410,1500
20,Borderline-SMOTE,0.7647918505367135,0.9660606141096473,0.5,0.7142857142857143,0.5769230769230769,0.6382978723404256,0.008287292817679558,30,12,22,1436,1500,0.615,0.9310344827586207,0.5192307692307693,0.6666666666666666,0.0013812154696132596,27,2,25,1446,1500,0.225,0.5125,0.7884615384615384,0.6212121212121211,0.026933701657458564,41,39,11,1409,1500,0.115,0.4017857142857143,0.8653846153846154,0.5487804878048781,0.0462707182320442,45,67,7,1381,1500,0.48,0.6976744186046512,0.5769230769230769,0.631578947368421,0.008977900552486187,30,13,22,1435,1500,0.225,0.5125,0.7884615384615384,0.6212121212121211,0.026933701657458564,41,39,11,1409,1500
20,Multi WGAN-GP,0.7875411214703317,0.9755631109222269,0.5,0.4326923076923077,0.8653846153846154,0.576923076923077,0.04074585635359116,45,59,7,1389,1500,0.822319,0.723404255319149,0.6538461538461539,0.6868686868686869,0.008977900552486187,34,13,18,1435,1500,0.645601,0.5657894736842105,0.8269230769230769,0.671875,0.022790055248618785,43,33,9,1415,1500,0.456959,0.3813559322033898,0.8653846153846154,0.5294117647058824,0.05041436464088398,45,73,7,1375,1500,0.812333,0.7083333333333334,0.6538461538461539,0.68,0.009668508287292817,34,14,18,1434,1500,0.812333,0.7083333333333334,0.6538461538461539,0.68,0.009668508287292817,34,14,18,1434,1500
20,RUS,0.6385461089730725,0.9690421801954952,0.5,0.23414634146341465,0.9230769230769231,0.37354085603112847,0.10842541436464088,48,157,4,1291,1500,0.820225,0.5230769230769231,0.6538461538461539,0.5811965811965812,0.021408839779005526,34,31,18,1417,1500,0.672288,0.3805309734513274,0.8269230769230769,0.5212121212121211,0.04834254143646409,43,70,9,1378,1500,0.631357,0.3283582089552239,0.8461538461538461,0.4731182795698925,0.062154696132596686,44,90,8,1358,1500,0.90426,0.6875,0.4230769230769231,0.5238095238095238,0.006906077348066298,22,10,30,1438,1500,0.805147,0.5,0.6730769230769231,0.5737704918032787,0.024171270718232045,35,35,17,1413,1500
20,SMOTE,0.7656473100855381,0.9734912877178071,0.5,0.5873015873015873,0.7115384615384616,0.6434782608695652,0.017955801104972375,37,26,15,1422,1500,0.735512,0.9642857142857143,0.5192307692307693,0.6749999999999999,0.0006906077348066298,27,1,25,1447,1500,0.353331,0.4777777777777778,0.8269230769230769,0.6056338028169014,0.0324585635359116,43,47,9,1401,1500,0.135562,0.2807017543859649,0.9230769230769231,0.43049327354260086,0.08494475138121547,48,123,4,1325,1500,0.688468,0.8709677419354839,0.5192307692307693,0.6506024096385542,0.0027624309392265192,27,4,25,1444,1500,0.492872,0.578125,0.7115384615384616,0.6379310344827586,0.018646408839779006,37,27,15,1421,1500
20,SMOTENC,0.7590610420075864,0.9718046111347216,0.5,0.5573770491803278,0.6538461538461539,0.6017699115044247,0.018646408839779006,34,27,18,1421,1500,0.713201,0.90625,0.5576923076923077,0.6904761904761905,0.0020718232044198894,29,3,23,1445,1500,0.349188,0.46236559139784944,0.8269230769230769,0.593103448275862,0.034530386740331494,43,50,9,1398,1500,0.245661,0.36153846153846153,0.9038461538461539,0.5164835164835165,0.057320441988950276,47,83,5,1365,1500,0.66485,0.7894736842105263,0.5769230769230769,0.6666666666666666,0.0055248618784530384,30,8,22,1440,1500,0.486256,0.546875,0.6730769230769231,0.603448275862069,0.020027624309392266,35,29,17,1419,1500
20,Single WGAN-GP,0.7266804499122819,0.9716983637909052,0.5,0.4387755102040816,0.8269230769230769,0.5733333333333333,0.03798342541436464,43,55,9,1393,1500,0.751488,0.7446808510638298,0.6730769230769231,0.7070707070707072,0.008287292817679558,35,12,17,1436,1500,0.606358,0.5068493150684932,0.7115384615384616,0.5920000000000001,0.024861878453038673,37,36,15,1412,1500,0.43379,0.3524590163934426,0.8269230769230769,0.49425287356321834,0.054558011049723756,43,79,9,1369,1500,0.739726,0.7446808510638298,0.6730769230769231,0.7070707070707072,0.008287292817679558,35,12,17,1436,1500,0.671998,0.625,0.6730769230769231,0.6481481481481483,0.014502762430939226,35,21,17,1427,1500
21,ADASYN,0.8194523233973978,0.9841655172413792,0.5,0.6349206349206349,0.8,0.7079646017699115,0.015862068965517243,40,23,10,1427,1500,0.850123,1.0,0.44,0.6111111111111112,0.0,22,0,28,1450,1500,0.537643,0.6779661016949152,0.8,0.7339449541284404,0.01310344827586207,40,19,10,1431,1500,0.146142,0.27325581395348836,0.94,0.4234234234234234,0.08620689655172414,47,125,3,1325,1500,0.707543,0.8571428571428571,0.6,0.7058823529411764,0.0034482758620689655,30,5,20,1445,1500,0.580266,0.7083333333333334,0.68,0.6938775510204083,0.009655172413793104,34,14,16,1436,1500
21,Baseline,0.8314810989145555,0.9827517241379309,0.5,1.0,0.5,0.6666666666666666,0.0,25,0,25,1450,1500,0.35,0.90625,0.58,0.7073170731707317,0.0020689655172413794,29,3,21,1447,1500,0.165,0.7058823529411765,0.72,0.712871287128713,0.010344827586206896,36,15,14,1435,1500,0.03,0.30128205128205127,0.94,0.45631067961165045,0.07517241379310345,47,109,3,1341,1500,0.35,0.90625,0.58,0.7073170731707317,0.0020689655172413794,29,3,21,1447,1500,0.19,0.7777777777777778,0.7,0.7368421052631577,0.006896551724137931,35,10,15,1440,1500
21,Borderline-SMOTE,0.8180981689934222,0.9707862068965517,0.5,0.7450980392156863,0.76,0.7524752475247525,0.00896551724137931,38,13,12,1437,1500,0.618376,0.8157894736842105,0.62,0.7045454545454546,0.004827586206896552,31,7,19,1443,1500,0.553528,0.7777777777777778,0.7,0.7368421052631577,0.006896551724137931,35,10,15,1440,1500,0.053333,0.24479166666666666,0.94,0.38842975206611563,0.1,47,145,3,1305,1500,0.618376,0.8157894736842105,0.62,0.7045454545454546,0.004827586206896552,31,7,19,1443,1500,0.507645,0.7450980392156863,0.76,0.7524752475247525,0.00896551724137931,38,13,12,1437,1500
21,Multi WGAN-GP,0.8314139967334337,0.9752758620689655,0.5,0.5432098765432098,0.88,0.6717557251908396,0.025517241379310347,44,37,6,1413,1500,0.71,0.7547169811320755,0.8,0.7766990291262137,0.00896551724137931,40,13,10,1437,1500,0.52877,0.581081081081081,0.86,0.6935483870967741,0.021379310344827585,43,31,7,1419,1500,0.202851,0.28846153846153844,0.9,0.43689320388349506,0.07655172413793103,45,111,5,1339,1500,0.74,0.7708333333333334,0.74,0.7551020408163266,0.007586206896551724,37,11,13,1439,1500,0.71,0.7547169811320755,0.8,0.7766990291262137,0.00896551724137931,40,13,10,1437,1500
21,RUS,0.6884171714998024,0.9716137931034483,0.5,0.2822085889570552,0.92,0.43192488262910794,0.08068965517241379,46,117,4,1333,1500,0.834911,0.6511627906976745,0.56,0.6021505376344087,0.010344827586206896,28,15,22,1435,1500,0.629468,0.37142857142857144,0.78,0.503225806451613,0.04551724137931035,39,66,11,1384,1500,0.374138,0.20416666666666666,0.98,0.33793103448275863,0.1317241379310345,49,191,1,1259,1500,0.834911,0.6511627906976745,0.56,0.6021505376344087,0.010344827586206896,28,15,22,1435,1500,0.777873,0.6041666666666666,0.58,0.5918367346938774,0.01310344827586207,29,19,21,1431,1500
21,SMOTE,0.8176125536570317,0.9832482758620689,0.5,0.640625,0.82,0.7192982456140351,0.015862068965517243,41,23,9,1427,1500,0.657601,0.7948717948717948,0.62,0.6966292134831461,0.005517241379310344,31,8,19,1442,1500,0.558195,0.6785714285714286,0.76,0.7169811320754718,0.012413793103448275,38,18,12,1432,1500,0.162952,0.31333333333333335,0.94,0.4699999999999999,0.07103448275862069,47,103,3,1347,1500,0.657601,0.7948717948717948,0.62,0.6966292134831461,0.005517241379310344,31,8,19,1442,1500,0.558195,0.6785714285714286,0.76,0.7169811320754718,0.012413793103448275,38,18,12,1432,1500
21,SMOTENC,0.8115518641137831,0.9827448275862068,0.5,0.6785714285714286,0.76,0.7169811320754718,0.012413793103448275,38,18,12,1432,1500,0.656153,0.7837837837837838,0.58,0.6666666666666666,0.005517241379310344,29,8,21,1442,1500,0.545937,0.7115384615384616,0.74,0.7254901960784313,0.010344827586206896,37,15,13,1435,1500,0.093512,0.2474747474747475,0.98,0.3951612903225807,0.10275862068965518,49,149,1,1301,1500,0.656153,0.7837837837837838,0.58,0.6666666666666666,0.005517241379310344,29,8,21,1442,1500,0.545937,0.7115384615384616,0.74,0.7254901960784313,0.010344827586206896,37,15,13,1435,1500
21,Single WGAN-GP,0.8116172910912755,0.9738344827586207,0.5,0.5316455696202531,0.84,0.6511627906976744,0.025517241379310347,42,37,8,1413,1500,0.684997,0.7777777777777778,0.7,0.7368421052631577,0.006896551724137931,35,10,15,1440,1500,0.571577,0.5909090909090909,0.78,0.6724137931034482,0.018620689655172412,39,27,11,1423,1500,0.251013,0.2710843373493976,0.9,0.41666666666666663,0.08344827586206896,45,121,5,1329,1500,0.70706,0.8048780487804879,0.66,0.7252747252747254,0.005517241379310344,33,8,17,1442,1500,0.665255,0.7777777777777778,0.7,0.7368421052631577,0.006896551724137931,35,10,15,1440,1500
22,ADASYN,0.7847702611884075,0.9673793103448276,0.5,0.5384615384615384,0.84,0.6562499999999999,0.02482758620689655,42,36,8,1414,1500,0.511417,0.5616438356164384,0.82,0.6666666666666667,0.022068965517241378,41,32,9,1418,1500,0.511417,0.5616438356164384,0.82,0.6666666666666667,0.022068965517241378,41,32,9,1418,1500,0.094137,0.20512820512820512,0.96,0.3380281690140845,0.12827586206896552,48,186,2,1264,1500,0.627141,0.6610169491525424,0.78,0.7155963302752293,0.013793103448275862,39,20,11,1430,1500,0.511417,0.5616438356164384,0.82,0.6666666666666667,0.022068965517241378,41,32,9,1418,1500
22,Baseline,0.818652888216399,0.9631931034482757,0.5,0.8918918918918919,0.66,0.7586206896551725,0.002758620689655172,33,4,17,1446,1500,0.29,0.7407407407407407,0.8,0.7692307692307692,0.009655172413793104,40,14,10,1436,1500,0.12,0.4943820224719101,0.88,0.6330935251798561,0.03103448275862069,44,45,6,1405,1500,0.04,0.26136363636363635,0.92,0.4070796460176991,0.0896551724137931,46,130,4,1320,1500,0.2,0.6363636363636364,0.84,0.7241379310344828,0.016551724137931035,42,24,8,1426,1500,0.14,0.5308641975308642,0.86,0.6564885496183206,0.02620689655172414,43,38,7,1412,1500
22,Borderline-SMOTE,0.7832823916119236,0.965448275862069,0.5,0.6557377049180327,0.8,0.7207207207207207,0.014482758620689656,40,21,10,1429,1500,0.637746,0.7755102040816326,0.76,0.7676767676767676,0.007586206896551724,38,11,12,1439,1500,0.391854,0.6153846153846154,0.8,0.6956521739130435,0.017241379310344827,40,25,10,1425,1500,0.092131,0.2543352601156069,0.88,0.3946188340807175,0.08896551724137931,44,129,6,1321,1500,0.477212,0.6451612903225806,0.8,0.7142857142857142,0.015172413793103448,40,22,10,1428,1500,0.391854,0.6153846153846154,0.8,0.6956521739130435,0.017241379310344827,40,25,10,1425,1500
22,Multi WGAN-GP,0.7306425651638616,0.9610068965517241,0.5,0.48314606741573035,0.86,0.6187050359712231,0.031724137931034485,43,46,7,1404,1500,0.832522,0.723404255319149,0.68,0.7010309278350516,0.00896551724137931,34,13,16,1437,1500,0.66,0.6029411764705882,0.82,0.6949152542372881,0.018620689655172412,41,27,9,1423,1500,0.185989,0.24581005586592178,0.88,0.3842794759825327,0.09310344827586207,44,135,6,1315,1500,0.69,0.640625,0.82,0.7192982456140351,0.015862068965517243,41,23,9,1427,1500,0.541485,0.4880952380952381,0.82,0.6119402985074627,0.029655172413793104,41,43,9,1407,1500
22,RUS,0.6297045858749726,0.9610068965517241,0.5,0.22641509433962265,0.96,0.366412213740458,0.11310344827586206,48,164,2,1286,1500,0.822229,0.5614035087719298,0.64,0.5981308411214953,0.017241379310344827,32,25,18,1425,1500,0.769476,0.42857142857142855,0.72,0.5373134328358209,0.03310344827586207,36,48,14,1402,1500,0.576694,0.2542372881355932,0.9,0.3964757709251101,0.0910344827586207,45,132,5,1318,1500,0.869739,0.6888888888888889,0.62,0.6526315789473685,0.009655172413793104,31,14,19,1436,1500,0.807915,0.5074626865671642,0.68,0.5811965811965812,0.022758620689655173,34,33,16,1417,1500
22,SMOTE,0.8111626863619393,0.9728620689655172,0.5,0.5384615384615384,0.84,0.6562499999999999,0.02482758620689655,42,36,8,1414,1500,0.600036,0.6307692307692307,0.82,0.7130434782608696,0.016551724137931035,41,24,9,1426,1500,0.532195,0.5833333333333334,0.84,0.6885245901639344,0.020689655172413793,42,30,8,1420,1500,0.204905,0.3026315789473684,0.92,0.4554455445544554,0.07310344827586207,46,106,4,1344,1500,0.600036,0.6307692307692307,0.82,0.7130434782608696,0.016551724137931035,41,24,9,1426,1500,0.532195,0.5833333333333334,0.84,0.6885245901639344,0.020689655172413793,42,30,8,1420,1500
22,SMOTENC,0.8044811708733531,0.9768275862068965,0.5,0.5405405405405406,0.8,0.6451612903225806,0.023448275862068966,40,34,10,1416,1500,0.58402,0.625,0.8,0.7017543859649122,0.016551724137931035,40,24,10,1426,1500,0.43435,0.47674418604651164,0.82,0.6029411764705882,0.03103448275862069,41,45,9,1405,1500,0.112952,0.22705314009661837,0.94,0.3657587548638132,0.1103448275862069,47,160,3,1290,1500,0.554535,0.5882352941176471,0.8,0.6779661016949153,0.019310344827586208,40,28,10,1422,1500,0.537395,0.5633802816901409,0.8,0.6611570247933886,0.021379310344827585,40,31,10,1419,1500
22,Single WGAN-GP,0.7532368712186638,0.9603034482758621,0.5,0.45263157894736844,0.86,0.5931034482758621,0.03586206896551724,43,52,7,1398,1500,0.687985,0.6896551724137931,0.8,0.7407407407407408,0.012413793103448275,40,18,10,1432,1500,0.59048,0.5657894736842105,0.86,0.6825396825396826,0.022758620689655173,43,33,7,1417,1500,0.311375,0.27672955974842767,0.88,0.42105263157894735,0.07931034482758621,44,115,6,1335,1500,0.62,0.5915492957746479,0.84,0.6942148760330579,0.02,42,29,8,1421,1500,0.579647,0.5512820512820513,0.86,0.671875,0.02413793103448276,43,35,7,1415,1500
23,ADASYN,0.7850671298489849,0.9661934232894178,0.5,0.5,0.75,0.6,0.026933701657458564,39,39,13,1409,1500,0.720708,0.813953488372093,0.6730769230769231,0.736842105263158,0.0055248618784530384,35,8,17,1440,1500,0.477381,0.4878048780487805,0.7692307692307693,0.5970149253731344,0.029005524861878452,40,42,12,1406,1500,0.265485,0.3358208955223881,0.8653846153846154,0.48387096774193555,0.06146408839779006,45,89,7,1359,1500,0.692017,0.7954545454545454,0.6730769230769231,0.7291666666666666,0.006215469613259668,35,9,17,1439,1500,0.588765,0.6271186440677966,0.7115384615384616,0.6666666666666666,0.015193370165745856,37,22,15,1426,1500
23,Baseline,0.8149336951534796,0.9602502124946877,0.5,0.96875,0.5961538461538461,0.738095238095238,0.0006906077348066298,31,1,21,1447,1500,0.355,0.7755102040816326,0.7307692307692307,0.7524752475247524,0.007596685082872928,38,11,14,1437,1500,0.28,0.6724137931034483,0.75,0.709090909090909,0.013121546961325966,39,19,13,1429,1500,0.135,0.5061728395061729,0.7884615384615384,0.6165413533834587,0.027624309392265192,41,40,11,1408,1500,0.275,0.6724137931034483,0.75,0.709090909090909,0.013121546961325966,39,19,13,1429,1500,0.15,0.5128205128205128,0.7692307692307693,0.6153846153846154,0.026243093922651933,40,38,12,1410,1500
23,Borderline-SMOTE,0.7910186663292006,0.9661735019124522,0.5,0.6190476190476191,0.75,0.6782608695652174,0.016574585635359115,39,24,13,1424,1500,0.610861,0.7115384615384616,0.7115384615384616,0.7115384615384616,0.010359116022099447,37,15,15,1433,1500,0.420284,0.5652173913043478,0.75,0.6446280991735538,0.020718232044198894,39,30,13,1418,1500,0.21424,0.4230769230769231,0.8461538461538461,0.5641025641025641,0.04143646408839779,44,60,8,1388,1500,0.564669,0.6610169491525424,0.75,0.7027027027027027,0.013812154696132596,39,20,13,1428,1500,0.378657,0.52,0.75,0.6141732283464567,0.024861878453038673,39,36,13,1412,1500
23,Multi WGAN-GP,0.766686518284813,0.9643872184445389,0.5,0.42452830188679247,0.8653846153846154,0.569620253164557,0.04212707182320442,45,61,7,1387,1500,0.789865,0.7142857142857143,0.6730769230769231,0.6930693069306932,0.009668508287292817,35,14,17,1434,1500,0.685,0.6119402985074627,0.7884615384615384,0.6890756302521007,0.017955801104972375,41,26,11,1422,1500,0.545135,0.4489795918367347,0.8461538461538461,0.5866666666666667,0.03729281767955801,44,54,8,1394,1500,0.732001,0.6727272727272727,0.7115384615384616,0.6915887850467289,0.012430939226519336,37,18,15,1430,1500,0.655,0.56,0.8076923076923077,0.6614173228346457,0.022790055248618785,42,33,10,1415,1500
23,RUS,0.7094934129229904,0.9706026880577985,0.5,0.3006535947712418,0.8846153846153846,0.44878048780487806,0.0738950276243094,46,107,6,1341,1500,0.753342,0.49382716049382713,0.7692307692307693,0.6015037593984963,0.028314917127071824,40,41,12,1407,1500,0.781775,0.5342465753424658,0.75,0.6240000000000001,0.023480662983425413,39,34,13,1414,1500,0.569576,0.3333333333333333,0.8461538461538461,0.47826086956521735,0.06077348066298342,44,88,8,1360,1500,0.880489,0.7142857142857143,0.5769230769230769,0.6382978723404256,0.008287292817679558,30,12,22,1436,1500,0.818194,0.59375,0.7307692307692307,0.6551724137931033,0.017955801104972375,38,26,14,1422,1500
23,SMOTE,0.7828079943898898,0.9702507437314067,0.5,0.5588235294117647,0.7307692307692307,0.6333333333333334,0.020718232044198894,38,30,14,1418,1500,0.618214,0.6981132075471698,0.7115384615384616,0.7047619047619047,0.011049723756906077,37,16,15,1432,1500,0.46601,0.5277777777777778,0.7307692307692307,0.6129032258064515,0.023480662983425413,38,34,14,1414,1500,0.281085,0.4,0.8461538461538461,0.5432098765432098,0.04558011049723757,44,66,8,1382,1500,0.618214,0.6981132075471698,0.7115384615384616,0.7047619047619047,0.011049723756906077,37,16,15,1432,1500,0.46601,0.5277777777777778,0.7307692307692307,0.6129032258064515,0.023480662983425413,38,34,14,1414,1500
23,SMOTENC,0.7693034565496908,0.9618904058648533,0.5,0.5571428571428572,0.75,0.639344262295082,0.021408839779005526,39,31,13,1417,1500,0.728474,0.868421052631579,0.6346153846153846,0.7333333333333333,0.003453038674033149,33,5,19,1443,1500,0.463598,0.52,0.75,0.6141732283464567,0.024861878453038673,39,36,13,1412,1500,0.229381,0.375,0.9230769230769231,0.5333333333333333,0.055248618784530384,48,80,4,1368,1500,0.61776,0.6727272727272727,0.7115384615384616,0.6915887850467289,0.012430939226519336,37,18,15,1430,1500,0.53028,0.6,0.75,0.6666666666666665,0.017955801104972375,39,26,13,1422,1500
23,Single WGAN-GP,0.7738100557658013,0.9605689545261369,0.5,0.48314606741573035,0.8269230769230769,0.6099290780141844,0.031767955801104975,43,46,9,1402,1500,0.77,0.8918918918918919,0.6346153846153846,0.7415730337078652,0.0027624309392265192,33,4,19,1444,1500,0.657575,0.6981132075471698,0.7115384615384616,0.7047619047619047,0.011049723756906077,37,16,15,1432,1500,0.320256,0.32608695652173914,0.8653846153846154,0.47368421052631576,0.06422651933701658,45,93,7,1355,1500,0.697495,0.7727272727272727,0.6538461538461539,0.7083333333333333,0.006906077348066298,34,10,18,1438,1500,0.657575,0.6981132075471698,0.7115384615384616,0.7047619047619047,0.011049723756906077,37,16,15,1432,1500
24,ADASYN,0.7146380486033993,0.9608655056225388,0.5,0.4634146341463415,0.7450980392156863,0.5714285714285715,0.03036576949620428,38,44,13,1405,1500,0.733735,0.7692307692307693,0.5882352941176471,0.6666666666666667,0.006211180124223602,30,9,21,1440,1500,0.52691,0.4805194805194805,0.7254901960784313,0.578125,0.027605244996549344,37,40,14,1409,1500,0.345695,0.35964912280701755,0.803921568627451,0.49696969696969695,0.05037957211870255,41,73,10,1376,1500,0.657518,0.7058823529411765,0.7058823529411765,0.7058823529411765,0.010351966873706004,36,15,15,1434,1500,0.584607,0.5873015873015873,0.7254901960784313,0.6491228070175439,0.017943409247757072,37,26,14,1423,1500
24,Baseline,0.7685200864076377,0.9545325376527423,0.5,0.9310344827586207,0.5294117647058824,0.6749999999999999,0.0013802622498274672,27,2,24,1447,1500,0.35,0.8648648648648649,0.6274509803921569,0.7272727272727273,0.003450655624568668,32,5,19,1444,1500,0.19,0.582089552238806,0.7647058823529411,0.6610169491525423,0.01932367149758454,39,28,12,1421,1500,0.075,0.35833333333333334,0.8431372549019608,0.5029239766081871,0.05314009661835749,43,77,8,1372,1500,0.28,0.75,0.6470588235294118,0.6947368421052633,0.00759144237405107,33,11,18,1438,1500,0.19,0.582089552238806,0.7647058823529411,0.6610169491525423,0.01932367149758454,39,28,12,1421,1500
24,Borderline-SMOTE,0.7601139147740457,0.9625299395120368,0.5,0.6481481481481481,0.6862745098039216,0.6666666666666666,0.013112491373360938,35,19,16,1430,1500,0.62,0.7804878048780488,0.6274509803921569,0.6956521739130435,0.006211180124223602,32,9,19,1440,1500,0.425,0.6065573770491803,0.7254901960784313,0.6607142857142857,0.016563146997929608,37,24,14,1425,1500,0.11,0.2987012987012987,0.9019607843137255,0.4487804878048781,0.07453416149068323,46,108,5,1341,1500,0.53,0.68,0.6666666666666666,0.6732673267326733,0.011042097998619738,34,16,17,1433,1500,0.37,0.5555555555555556,0.7843137254901961,0.6504065040650406,0.022084195997239476,40,32,11,1417,1500
24,Multi WGAN-GP,0.7535012274846592,0.9620698520954275,0.5,0.42574257425742573,0.8431372549019608,0.5657894736842105,0.04002760524499655,43,58,8,1391,1500,0.826401,0.8333333333333334,0.5882352941176471,0.6896551724137931,0.004140786749482402,30,6,21,1443,1500,0.655,0.59375,0.7450980392156863,0.6608695652173913,0.017943409247757072,38,26,13,1423,1500,0.306451,0.2787878787878788,0.9019607843137255,0.42592592592592604,0.0821256038647343,46,119,5,1330,1500,0.755933,0.75,0.6470588235294118,0.6947368421052633,0.00759144237405107,33,11,18,1438,1500,0.69,0.6440677966101694,0.7450980392156863,0.6909090909090908,0.014492753623188406,38,21,13,1428,1500
24,RUS,0.5851474752220189,0.9507029865086131,0.5,0.21428571428571427,0.8823529411764706,0.3448275862068966,0.11387163561076605,45,165,6,1284,1500,0.93,0.675,0.5294117647058824,0.5934065934065933,0.008971704623878536,27,13,24,1436,1500,0.775,0.33043478260869563,0.7450980392156863,0.45783132530120485,0.05314009661835749,38,77,13,1372,1500,0.565,0.24725274725274726,0.8823529411764706,0.3862660944206009,0.0945479641131815,45,137,6,1312,1500,0.925,0.6666666666666666,0.5490196078431373,0.6021505376344086,0.00966183574879227,28,14,23,1435,1500,0.89,0.5454545454545454,0.5882352941176471,0.5660377358490566,0.01725327812284334,30,25,21,1424,1500
24,SMOTE,0.7285174265850047,0.9594243494499248,0.5,0.49333333333333335,0.7254901960784313,0.5873015873015873,0.026224982746721876,37,38,14,1411,1500,0.765302,0.7878787878787878,0.5098039215686274,0.6190476190476191,0.004830917874396135,26,7,25,1442,1500,0.554372,0.5692307692307692,0.7254901960784313,0.6379310344827587,0.01932367149758454,37,28,14,1421,1500,0.304943,0.34710743801652894,0.8235294117647058,0.4883720930232558,0.05452035886818495,42,79,9,1370,1500,0.637012,0.6491228070175439,0.7254901960784313,0.6851851851851852,0.013802622498274672,37,20,14,1429,1500,0.554372,0.5692307692307692,0.7254901960784313,0.6379310344827587,0.01932367149758454,37,28,14,1421,1500
24,SMOTENC,0.6913239273907532,0.9588492401791634,0.5,0.48717948717948717,0.7450980392156863,0.5891472868217054,0.027605244996549344,38,40,13,1409,1500,0.633958,0.6,0.7058823529411765,0.6486486486486486,0.016563146997929608,36,24,15,1425,1500,0.613978,0.5714285714285714,0.7058823529411765,0.6315789473684211,0.018633540372670808,36,27,15,1422,1500,0.441552,0.4470588235294118,0.7450980392156863,0.5588235294117647,0.03243616287094548,38,47,13,1402,1500,0.633958,0.6,0.7058823529411765,0.6486486486486486,0.016563146997929608,36,24,15,1425,1500,0.549571,0.5352112676056338,0.7450980392156863,0.6229508196721312,0.022774327122153208,38,33,13,1416,1500
24,Single WGAN-GP,0.6983252563219645,0.9604054182059296,0.5,0.4174757281553398,0.8431372549019608,0.5584415584415585,0.041407867494824016,43,60,8,1389,1500,0.765,0.7391304347826086,0.6666666666666666,0.7010309278350515,0.008281573498964804,34,12,17,1437,1500,0.615414,0.5774647887323944,0.803921568627451,0.6721311475409837,0.020703933747412008,41,30,10,1419,1500,0.402179,0.33587786259541985,0.8627450980392157,0.48351648351648346,0.060041407867494824,44,87,7,1362,1500,0.765,0.7391304347826086,0.6666666666666666,0.7010309278350515,0.008281573498964804,34,12,17,1437,1500,0.665042,0.6065573770491803,0.7254901960784313,0.6607142857142857,0.016563146997929608,37,24,14,1425,1500
25,ADASYN,0.8189626401168147,0.96667749225294,0.5,0.6290322580645161,0.7647058823529411,0.6902654867256637,0.015873015873015872,39,23,12,1426,1500,0.638853,0.8409090909090909,0.7254901960784313,0.7789473684210527,0.004830917874396135,37,7,14,1442,1500,0.395988,0.5263157894736842,0.7843137254901961,0.6299212598425197,0.024844720496894408,40,36,11,1413,1500,0.227613,0.36,0.8823529411764706,0.5113636363636364,0.05521048999309869,45,80,6,1369,1500,0.669078,0.8536585365853658,0.6862745098039216,0.7608695652173912,0.004140786749482402,35,6,16,1443,1500,0.526832,0.6964285714285714,0.7647058823529411,0.7289719626168223,0.011732229123533472,39,17,12,1432,1500
25,Baseline,0.8261464805902153,0.9623269597694151,0.5,0.875,0.6862745098039216,0.7692307692307692,0.003450655624568668,35,5,16,1444,1500,0.50395,0.875,0.6862745098039216,0.7692307692307692,0.003450655624568668,35,5,16,1444,1500,0.267503,0.6212121212121212,0.803921568627451,0.7008547008547008,0.01725327812284334,41,25,10,1424,1500,0.184387,0.4943820224719101,0.8627450980392157,0.6285714285714286,0.031055900621118012,44,45,7,1404,1500,0.42639,0.8181818181818182,0.7058823529411765,0.7578947368421053,0.005521048999309869,36,8,15,1441,1500,0.286623,0.6507936507936508,0.803921568627451,0.7192982456140351,0.01518288474810214,41,22,10,1427,1500
25,Borderline-SMOTE,0.8235551453753444,0.9638966697790226,0.5,0.6981132075471698,0.7254901960784313,0.7115384615384615,0.011042097998619738,37,16,14,1433,1500,0.740044,0.9444444444444444,0.6666666666666666,0.7816091954022987,0.0013802622498274672,34,2,17,1447,1500,0.462889,0.6666666666666666,0.7450980392156863,0.7037037037037038,0.013112491373360938,38,19,13,1430,1500,0.207901,0.4631578947368421,0.8627450980392157,0.6027397260273972,0.035196687370600416,44,51,7,1398,1500,0.708208,0.918918918918919,0.6666666666666666,0.7727272727272727,0.002070393374741201,34,3,17,1446,1500,0.462889,0.6666666666666666,0.7450980392156863,0.7037037037037038,0.013112491373360938,38,19,13,1430,1500
25,Multi WGAN-GP,0.8252730360899403,0.9550602849835585,0.5,0.44680851063829785,0.8235294117647058,0.5793103448275861,0.035886818495514144,42,52,9,1397,1500,0.758302,0.8,0.7058823529411765,0.7500000000000001,0.006211180124223602,36,9,15,1440,1500,0.758302,0.8,0.7058823529411765,0.7500000000000001,0.006211180124223602,36,9,15,1440,1500,0.327101,0.36153846153846153,0.9215686274509803,0.5193370165745856,0.05728088336783989,47,83,4,1366,1500,0.779323,0.813953488372093,0.6862745098039216,0.7446808510638299,0.005521048999309869,35,8,16,1441,1500,0.66306,0.6212121212121212,0.803921568627451,0.7008547008547008,0.01725327812284334,41,25,10,1424,1500
25,RUS,0.6704736471366289,0.9581726410370911,0.5,0.2,0.9411764705882353,0.32989690721649484,0.13250517598343686,48,192,3,1257,1500,0.903252,0.7741935483870968,0.47058823529411764,0.5853658536585367,0.004830917874396135,24,7,27,1442,1500,0.730472,0.3939393939393939,0.7647058823529411,0.5199999999999999,0.041407867494824016,39,60,12,1389,1500,0.632962,0.2919254658385093,0.9215686274509803,0.44339622641509424,0.07867494824016563,47,114,4,1335,1500,0.903252,0.7741935483870968,0.47058823529411764,0.5853658536585367,0.004830917874396135,24,7,27,1442,1500,0.870748,0.6666666666666666,0.5882352941176471,0.625,0.010351966873706004,30,15,21,1434,1500
25,SMOTE,0.8312968718759992,0.9725909687546517,0.5,0.7090909090909091,0.7647058823529411,0.7358490566037736,0.011042097998619738,39,16,12,1433,1500,0.676429,0.8717948717948718,0.6666666666666666,0.7555555555555555,0.003450655624568668,34,5,17,1444,1500,0.433371,0.5857142857142857,0.803921568627451,0.6776859504132232,0.020013802622498276,41,29,10,1420,1500,0.238649,0.4074074074074074,0.8627450980392157,0.5534591194968553,0.04416839199447895,44,64,7,1385,1500,0.676429,0.8717948717948718,0.6666666666666666,0.7555555555555555,0.003450655624568668,34,5,17,1444,1500,0.47453,0.6724137931034483,0.7647058823529411,0.7155963302752292,0.013112491373360938,39,19,12,1430,1500
25,SMOTENC,0.8212944253769594,0.9571712743068241,0.5,0.6842105263157895,0.7647058823529411,0.7222222222222222,0.012422360248447204,39,18,12,1431,1500,0.761869,0.9666666666666667,0.5686274509803921,0.7160493827160493,0.0006901311249137336,29,1,22,1448,1500,0.458198,0.6451612903225806,0.7843137254901961,0.7079646017699115,0.01518288474810214,40,22,11,1427,1500,0.237054,0.4036697247706422,0.8627450980392157,0.55,0.04485852311939269,44,65,7,1384,1500,0.680018,0.875,0.6862745098039216,0.7692307692307692,0.003450655624568668,35,5,16,1444,1500,0.567161,0.7346938775510204,0.7058823529411765,0.7200000000000001,0.008971704623878536,36,13,15,1436,1500
25,Single WGAN-GP,0.714542621907394,0.9522862285010623,0.5,0.47560975609756095,0.7647058823529411,0.5864661654135338,0.029675638371290544,39,43,12,1406,1500,0.719673,0.7435897435897436,0.5686274509803921,0.6444444444444445,0.006901311249137336,29,10,22,1439,1500,0.531255,0.5342465753424658,0.7647058823529411,0.6290322580645161,0.023464458247066944,39,34,12,1415,1500,0.201418,0.22169811320754718,0.9215686274509803,0.3574144486692015,0.11387163561076605,47,165,4,1284,1500,0.719673,0.7435897435897436,0.5686274509803921,0.6444444444444445,0.006901311249137336,29,10,22,1439,1500,0.627153,0.6538461538461539,0.6666666666666666,0.6601941747572816,0.012422360248447204,34,18,17,1431,1500
26,ADASYN,0.8374089010677502,0.9814070555758534,0.5,0.5058823529411764,0.8431372549019608,0.6323529411764706,0.028985507246376812,43,42,8,1407,1500,0.776798,0.8717948717948718,0.6666666666666666,0.7555555555555555,0.003450655624568668,34,5,17,1444,1500,0.653946,0.7407407407407407,0.7843137254901961,0.7619047619047618,0.00966183574879227,40,14,11,1435,1500,0.325296,0.3284671532846715,0.8823529411764706,0.4787234042553192,0.06349206349206349,45,92,6,1357,1500,0.729292,0.875,0.6862745098039216,0.7692307692307692,0.003450655624568668,35,5,16,1444,1500,0.653946,0.7407407407407407,0.7843137254901961,0.7619047619047618,0.00966183574879227,40,14,11,1435,1500
26,Baseline,0.8597080778673292,0.9703175956372888,0.5,1.0,0.6274509803921569,0.7710843373493976,0.0,32,0,19,1449,1500,0.385,0.9512195121951219,0.7647058823529411,0.8478260869565216,0.0013802622498274672,39,2,12,1447,1500,0.227526,0.7777777777777778,0.8235294117647058,0.7999999999999999,0.008281573498964804,42,12,9,1437,1500,0.045,0.27647058823529413,0.9215686274509803,0.4253393665158371,0.08488612836438923,47,123,4,1326,1500,0.355,0.9302325581395349,0.7843137254901961,0.851063829787234,0.002070393374741201,40,3,11,1446,1500,0.195,0.7368421052631579,0.8235294117647058,0.7777777777777778,0.010351966873706004,42,15,9,1434,1500
26,Borderline-SMOTE,0.8341022519193664,0.9670766857467623,0.5,0.7692307692307693,0.7843137254901961,0.7766990291262137,0.008281573498964804,40,12,11,1437,1500,0.605,0.8636363636363636,0.7450980392156863,0.8,0.004140786749482402,38,6,13,1443,1500,0.44,0.6666666666666666,0.7843137254901961,0.7207207207207207,0.013802622498274672,40,20,11,1429,1500,0.156667,0.36666666666666664,0.8627450980392157,0.5146198830409356,0.05244996549344375,44,76,7,1373,1500,0.605,0.8636363636363636,0.7450980392156863,0.8,0.004140786749482402,38,6,13,1443,1500,0.44,0.6666666666666666,0.7843137254901961,0.7207207207207207,0.013802622498274672,40,20,11,1429,1500
26,Multi WGAN-GP,0.8333157359978786,0.9720429234495731,0.5,0.40707964601769914,0.9019607843137255,0.5609756097560976,0.04623878536922015,46,67,5,1382,1500,0.834343,0.8125,0.7647058823529411,0.787878787878788,0.006211180124223602,39,9,12,1440,1500,0.739395,0.711864406779661,0.8235294117647058,0.7636363636363636,0.011732229123533472,42,17,9,1432,1500,0.619933,0.55,0.8627450980392157,0.6717557251908397,0.024844720496894408,44,36,7,1413,1500,0.834343,0.8125,0.7647058823529411,0.787878787878788,0.006211180124223602,39,9,12,1440,1500,0.765655,0.7368421052631579,0.8235294117647058,0.7777777777777778,0.010351966873706004,42,15,9,1434,1500
26,RUS,0.7990089493900622,0.9731254820768888,0.5,0.1950207468879668,0.9215686274509803,0.3219178082191781,0.13388543823326432,47,194,4,1255,1500,0.830326,0.782608695652174,0.7058823529411765,0.7422680412371134,0.006901311249137336,36,10,15,1439,1500,0.779997,0.5882352941176471,0.7843137254901961,0.6722689075630252,0.01932367149758454,40,28,11,1421,1500,0.625067,0.31125827814569534,0.9215686274509803,0.4653465346534653,0.07177363699102829,47,104,4,1345,1500,0.830326,0.782608695652174,0.7058823529411765,0.7422680412371134,0.006901311249137336,36,10,15,1439,1500,0.781312,0.5970149253731343,0.7843137254901961,0.6779661016949152,0.018633540372670808,40,27,11,1422,1500
26,SMOTE,0.8365814441702135,0.9792284063383808,0.5,0.6212121212121212,0.803921568627451,0.7008547008547008,0.01725327812284334,41,25,10,1424,1500,0.766603,0.9696969696969697,0.6274509803921569,0.761904761904762,0.0006901311249137336,32,1,19,1448,1500,0.500882,0.6212121212121212,0.803921568627451,0.7008547008547008,0.01725327812284334,41,25,10,1424,1500,0.259857,0.35877862595419846,0.9215686274509803,0.5164835164835164,0.057971014492753624,47,84,4,1365,1500,0.684123,0.8571428571428571,0.7058823529411765,0.7741935483870968,0.004140786749482402,36,6,15,1443,1500,0.579906,0.7647058823529411,0.7647058823529411,0.7647058823529412,0.008281573498964804,39,12,12,1437,1500
26,SMOTENC,0.8255884791023118,0.9773542267148405,0.5,0.6724137931034483,0.7647058823529411,0.7155963302752292,0.013112491373360938,39,19,12,1430,1500,0.744688,0.9696969696969697,0.6274509803921569,0.761904761904762,0.0006901311249137336,32,1,19,1448,1500,0.385,0.4606741573033708,0.803921568627451,0.5857142857142857,0.033126293995859216,41,48,10,1401,1500,0.225,0.3409090909090909,0.8823529411764706,0.4918032786885246,0.060041407867494824,45,87,6,1362,1500,0.665,0.9230769230769231,0.7058823529411765,0.8000000000000002,0.002070393374741201,36,3,15,1446,1500,0.515,0.75,0.7647058823529411,0.7572815533980582,0.008971704623878536,39,13,12,1436,1500
26,Single WGAN-GP,0.8498373527820476,0.9671443456609697,0.5,0.55,0.8627450980392157,0.6717557251908397,0.024844720496894408,44,36,7,1413,1500,0.756133,0.95,0.7450980392156863,0.8351648351648352,0.0013802622498274672,38,2,13,1447,1500,0.520901,0.6,0.8235294117647058,0.6942148760330579,0.01932367149758454,42,28,9,1421,1500,0.385047,0.3728813559322034,0.8627450980392157,0.5207100591715977,0.05106970324361629,44,74,7,1375,1500,0.66602,0.78,0.7647058823529411,0.7722772277227723,0.00759144237405107,39,11,12,1438,1500,0.560541,0.6666666666666666,0.8235294117647058,0.7368421052631577,0.014492753623188406,42,21,9,1428,1500
27,ADASYN,0.7441411800119122,0.9798102816005629,0.5,0.5689655172413793,0.6470588235294118,0.6055045871559633,0.01725327812284334,33,25,18,1424,1500,0.732726,0.8275862068965517,0.47058823529411764,0.6,0.003450655624568668,24,5,27,1444,1500,0.421924,0.5135135135135135,0.7450980392156863,0.6079999999999999,0.024844720496894408,38,36,13,1413,1500,0.179079,0.31724137931034485,0.9019607843137255,0.46938775510204084,0.06832298136645963,46,99,5,1350,1500,0.564954,0.5918367346938775,0.5686274509803921,0.58,0.013802622498274672,29,20,22,1429,1500,0.532071,0.5769230769230769,0.5882352941176471,0.5825242718446602,0.01518288474810214,30,22,21,1427,1500
27,Baseline,0.8147510169332202,0.9815694393699509,0.5,0.7954545454545454,0.6862745098039216,0.736842105263158,0.006211180124223602,35,9,16,1440,1500,0.527081,0.8421052631578947,0.6274509803921569,0.7191011235955056,0.004140786749482402,32,6,19,1443,1500,0.303505,0.5512820512820513,0.8431372549019608,0.6666666666666667,0.024154589371980676,43,35,8,1414,1500,0.19656,0.37815126050420167,0.8823529411764706,0.5294117647058822,0.05106970324361629,45,74,6,1375,1500,0.470365,0.782608695652174,0.7058823529411765,0.7422680412371134,0.006901311249137336,36,10,15,1439,1500,0.303505,0.5512820512820513,0.8431372549019608,0.6666666666666667,0.024154589371980676,43,35,8,1414,1500
27,Borderline-SMOTE,0.7833802165059159,0.975683026833922,0.5,0.7111111111111111,0.6274509803921569,0.6666666666666666,0.008971704623878536,32,13,19,1436,1500,0.609826,0.8571428571428571,0.5882352941176471,0.6976744186046512,0.003450655624568668,30,5,21,1444,1500,0.358361,0.6551724137931034,0.7450980392156863,0.6972477064220184,0.013802622498274672,38,20,13,1429,1500,0.031544,0.19433198380566802,0.9411764705882353,0.3221476510067114,0.137336093857833,48,199,3,1250,1500,0.462048,0.7,0.6862745098039216,0.693069306930693,0.010351966873706004,35,15,16,1434,1500,0.358361,0.6551724137931034,0.7450980392156863,0.6972477064220184,0.013802622498274672,38,20,13,1429,1500
27,Multi WGAN-GP,0.7908821937718309,0.9864274212100298,0.5,0.4946236559139785,0.9019607843137255,0.638888888888889,0.03243616287094548,46,47,5,1402,1500,0.674269,0.7017543859649122,0.7843137254901961,0.7407407407407408,0.011732229123533472,40,17,11,1432,1500,0.591812,0.6197183098591549,0.8627450980392157,0.721311475409836,0.018633540372670808,44,27,7,1422,1500,0.297493,0.31543624161073824,0.9215686274509803,0.47,0.07039337474120083,47,102,4,1347,1500,0.79954,0.8181818181818182,0.5294117647058824,0.6428571428571428,0.004140786749482402,27,6,24,1443,1500,0.591812,0.6197183098591549,0.8627450980392157,0.721311475409836,0.018633540372670808,44,27,7,1422,1500
27,RUS,0.7120046711093884,0.976001028430696,0.5,0.24867724867724866,0.9215686274509803,0.3916666666666666,0.09799861973775018,47,142,4,1307,1500,0.89,0.7894736842105263,0.5882352941176471,0.6741573033707866,0.005521048999309869,30,8,21,1441,1500,0.653228,0.3706896551724138,0.8431372549019608,0.5149700598802395,0.05037957211870255,43,73,8,1376,1500,0.452656,0.21238938053097345,0.9411764705882353,0.34657039711191334,0.12284334023464458,48,178,3,1271,1500,0.806433,0.660377358490566,0.6862745098039216,0.6730769230769231,0.012422360248447204,35,18,16,1431,1500,0.78125,0.6206896551724138,0.7058823529411765,0.6605504587155964,0.01518288474810214,36,22,15,1427,1500
27,SMOTE,0.7384427695887064,0.9799997293603432,0.5,0.5072463768115942,0.6862745098039216,0.5833333333333334,0.023464458247066944,35,34,16,1415,1500,0.618386,0.5769230769230769,0.5882352941176471,0.5825242718446602,0.01518288474810214,30,22,21,1427,1500,0.437088,0.4470588235294118,0.7450980392156863,0.5588235294117647,0.03243616287094548,38,47,13,1402,1500,0.306985,0.371900826446281,0.8823529411764706,0.5232558139534884,0.05244996549344375,45,76,6,1373,1500,0.618386,0.5769230769230769,0.5882352941176471,0.5825242718446602,0.01518288474810214,30,22,21,1427,1500,0.565342,0.5689655172413793,0.6470588235294118,0.6055045871559633,0.01725327812284334,33,25,18,1424,1500
27,SMOTENC,0.7364644352970495,0.9779293359856019,0.5,0.5076923076923077,0.6470588235294118,0.5689655172413793,0.022084195997239476,33,32,18,1417,1500,0.659436,0.7941176470588235,0.5294117647058824,0.6352941176470589,0.004830917874396135,27,7,24,1442,1500,0.417071,0.475,0.7450980392156863,0.5801526717557252,0.028985507246376812,38,42,13,1407,1500,0.212321,0.34507042253521125,0.9607843137254902,0.5077720207253886,0.06418219461697723,49,93,2,1356,1500,0.577448,0.5869565217391305,0.5294117647058824,0.5567010309278351,0.013112491373360938,27,19,24,1430,1500,0.480015,0.5,0.6862745098039216,0.5785123966942148,0.024154589371980676,35,35,16,1414,1500
27,Single WGAN-GP,0.7597574822588957,0.9790186606043384,0.5,0.5416666666666666,0.7647058823529411,0.6341463414634146,0.022774327122153208,39,33,12,1416,1500,0.753235,0.7777777777777778,0.5490196078431373,0.6436781609195402,0.005521048999309869,28,8,23,1441,1500,0.581,0.6545454545454545,0.7058823529411765,0.679245283018868,0.013112491373360938,36,19,15,1430,1500,0.29993,0.3484848484848485,0.9019607843137255,0.5027322404371585,0.05935127674258109,46,86,5,1363,1500,0.753235,0.7777777777777778,0.5490196078431373,0.6436781609195402,0.005521048999309869,28,8,23,1441,1500,0.581,0.6545454545454545,0.7058823529411765,0.679245283018868,0.013112491373360938,36,19,15,1430,1500
28,ADASYN,0.7859900938185929,0.9831662133452416,0.5,0.4823529411764706,0.803921568627451,0.6029411764705882,0.03036576949620428,41,44,10,1405,1500,0.770137,0.8378378378378378,0.6078431372549019,0.7045454545454545,0.004140786749482402,31,6,20,1443,1500,0.565804,0.5492957746478874,0.7647058823529411,0.6393442622950819,0.022084195997239476,39,32,12,1417,1500,0.166558,0.2594594594594595,0.9411764705882353,0.4067796610169491,0.0945479641131815,48,137,3,1312,1500,0.728577,0.8048780487804879,0.6470588235294118,0.717391304347826,0.005521048999309869,33,8,18,1441,1500,0.549821,0.5416666666666666,0.7647058823529411,0.6341463414634146,0.022774327122153208,39,33,12,1416,1500
28,Baseline,0.8115498131221925,0.9846006035264347,0.5,0.8333333333333334,0.6862745098039216,0.7526881720430109,0.004830917874396135,35,7,16,1442,1500,0.508312,0.8333333333333334,0.6862745098039216,0.7526881720430109,0.004830917874396135,35,7,16,1442,1500,0.421659,0.7307692307692307,0.7450980392156863,0.7378640776699028,0.00966183574879227,38,14,13,1435,1500,0.0501,0.22321428571428573,0.9803921568627451,0.36363636363636365,0.12008281573498965,50,174,1,1275,1500,0.421659,0.7307692307692307,0.7450980392156863,0.7378640776699028,0.00966183574879227,38,14,13,1435,1500,0.337601,0.6349206349206349,0.7843137254901961,0.7017543859649124,0.015873015873015872,40,23,11,1426,1500
28,Borderline-SMOTE,0.7978292262217939,0.9803650928970622,0.5,0.6785714285714286,0.7450980392156863,0.7102803738317757,0.012422360248447204,38,18,13,1431,1500,0.540036,0.7058823529411765,0.7058823529411765,0.7058823529411765,0.010351966873706004,36,15,15,1434,1500,0.493437,0.6785714285714286,0.7450980392156863,0.7102803738317757,0.012422360248447204,38,18,13,1431,1500,0.071581,0.26229508196721313,0.9411764705882353,0.41025641025641024,0.09316770186335403,48,135,3,1314,1500,0.540036,0.7058823529411765,0.7058823529411765,0.7058823529411765,0.010351966873706004,36,15,15,1434,1500,0.429351,0.5970149253731343,0.7843137254901961,0.6779661016949152,0.018633540372670808,40,27,11,1422,1500
28,Multi WGAN-GP,0.8388241561802977,0.9869281045751634,0.5,0.5789473684210527,0.8627450980392157,0.6929133858267716,0.022084195997239476,44,32,7,1417,1500,0.68,0.7222222222222222,0.7647058823529411,0.7428571428571428,0.010351966873706004,39,15,12,1434,1500,0.68,0.7222222222222222,0.7647058823529411,0.7428571428571428,0.010351966873706004,39,15,12,1434,1500,0.286039,0.3700787401574803,0.9215686274509803,0.5280898876404494,0.05521048999309869,47,80,4,1369,1500,0.64,0.7017543859649122,0.7843137254901961,0.7407407407407408,0.011732229123533472,40,17,11,1432,1500,0.64,0.7017543859649122,0.7843137254901961,0.7407407407407408,0.011732229123533472,40,17,11,1432,1500
28,RUS,0.6878154466754126,0.9727601185401697,0.5,0.21962616822429906,0.9215686274509803,0.35471698113207545,0.11525189786059352,47,167,4,1282,1500,0.830361,0.515625,0.6470588235294118,0.573913043478261,0.02139406487232574,33,31,18,1418,1500,0.729104,0.42105263157894735,0.7843137254901961,0.5479452054794521,0.03795721187025535,40,55,11,1394,1500,0.554786,0.25862068965517243,0.8823529411764706,0.4,0.08902691511387163,45,129,6,1320,1500,0.897436,0.7105263157894737,0.5294117647058824,0.6067415730337078,0.00759144237405107,27,11,24,1438,1500,0.836607,0.5161290322580645,0.6274509803921569,0.5663716814159292,0.020703933747412008,32,30,19,1419,1500
28,SMOTE,0.8044205352216253,0.985886141896372,0.5,0.5633802816901409,0.7843137254901961,0.6557377049180328,0.02139406487232574,40,31,11,1418,1500,0.618754,0.6730769230769231,0.6862745098039216,0.6796116504854369,0.011732229123533472,35,17,16,1432,1500,0.618891,0.6730769230769231,0.6862745098039216,0.6796116504854369,0.011732229123533472,35,17,16,1432,1500,0.199208,0.3219178082191781,0.9215686274509803,0.47715736040609136,0.06832298136645963,47,99,4,1350,1500,0.618754,0.6730769230769231,0.6862745098039216,0.6796116504854369,0.011732229123533472,35,17,16,1432,1500,0.618754,0.6730769230769231,0.6862745098039216,0.6796116504854369,0.011732229123533472,35,17,16,1432,1500
28,SMOTENC,0.7764591336844112,0.9835451088648021,0.5,0.5735294117647058,0.7647058823529411,0.6554621848739496,0.020013802622498276,39,29,12,1420,1500,0.621484,0.6545454545454545,0.7058823529411765,0.679245283018868,0.013112491373360938,36,19,15,1430,1500,0.641504,0.68,0.6666666666666666,0.6732673267326733,0.011042097998619738,34,16,17,1433,1500,0.148468,0.2727272727272727,0.9411764705882353,0.4229074889867841,0.0883367839889579,48,128,3,1321,1500,0.675665,0.7209302325581395,0.6078431372549019,0.6595744680851063,0.008281573498964804,31,12,20,1437,1500,0.621484,0.6545454545454545,0.7058823529411765,0.679245283018868,0.013112491373360938,36,19,15,1430,1500
28,Single WGAN-GP,0.8391396379835773,0.9851486488315133,0.5,0.4838709677419355,0.8823529411764706,0.625,0.033126293995859216,45,48,6,1401,1500,0.751635,0.8857142857142857,0.6078431372549019,0.7209302325581395,0.0027605244996549345,31,4,20,1445,1500,0.63625,0.7192982456140351,0.803921568627451,0.7592592592592592,0.011042097998619738,41,16,10,1433,1500,0.260661,0.24,0.9411764705882353,0.38247011952191234,0.1048999309868875,48,152,3,1297,1500,0.751635,0.8857142857142857,0.6078431372549019,0.7209302325581395,0.0027605244996549345,31,4,20,1445,1500,0.628333,0.7068965517241379,0.803921568627451,0.7522935779816514,0.011732229123533472,41,17,10,1432,1500
29,ADASYN,0.730994681949597,0.9631793103448276,0.5,0.5735294117647058,0.78,0.6610169491525424,0.02,39,29,11,1421,1500,0.662188,0.8043478260869565,0.74,0.7708333333333333,0.006206896551724138,37,9,13,1441,1500,0.428683,0.5,0.8,0.6153846153846154,0.027586206896551724,40,40,10,1410,1500,0.254193,0.30935251798561153,0.86,0.45502645502645506,0.06620689655172414,43,96,7,1354,1500,0.608621,0.7037037037037037,0.76,0.7307692307692308,0.011034482758620689,38,16,12,1434,1500,0.452577,0.5128205128205128,0.8,0.625,0.02620689655172414,40,38,10,1412,1500
29,Baseline,0.7618347445238732,0.9657724137931034,0.5,0.8222222222222222,0.74,0.7789473684210526,0.005517241379310344,37,8,13,1442,1500,0.480185,0.8260869565217391,0.76,0.7916666666666667,0.005517241379310344,38,8,12,1442,1500,0.32114,0.6029411764705882,0.82,0.6949152542372881,0.018620689655172412,41,27,9,1423,1500,0.097619,0.2616279069767442,0.9,0.4054054054054055,0.08758620689655172,45,127,5,1323,1500,0.403915,0.6896551724137931,0.8,0.7407407407407408,0.012413793103448275,40,18,10,1432,1500,0.293194,0.6,0.84,0.7000000000000001,0.019310344827586208,42,28,8,1422,1500
29,Borderline-SMOTE,0.7746542094191983,0.9742206896551724,0.5,0.6833333333333333,0.82,0.7454545454545455,0.01310344827586207,41,19,9,1431,1500,0.603494,0.7916666666666666,0.76,0.7755102040816326,0.006896551724137931,38,10,12,1440,1500,0.371127,0.5189873417721519,0.82,0.6356589147286822,0.02620689655172414,41,38,9,1412,1500,0.11987,0.25443786982248523,0.86,0.3926940639269406,0.08689655172413793,43,126,7,1324,1500,0.520556,0.6896551724137931,0.8,0.7407407407407408,0.012413793103448275,40,18,10,1432,1500,0.433038,0.6119402985074627,0.82,0.7008547008547008,0.01793103448275862,41,26,9,1424,1500
29,Multi WGAN-GP,0.8279151102091269,0.9837103448275861,0.5,0.41509433962264153,0.88,0.5641025641025641,0.04275862068965517,44,62,6,1388,1500,0.755531,0.6842105263157895,0.78,0.7289719626168225,0.012413793103448275,39,18,11,1432,1500,0.615236,0.5116279069767442,0.88,0.6470588235294118,0.028965517241379312,44,42,6,1408,1500,0.315119,0.2913907284768212,0.88,0.4378109452736318,0.07379310344827586,44,107,6,1343,1500,0.755531,0.6842105263157895,0.78,0.7289719626168225,0.012413793103448275,39,18,11,1432,1500,0.615236,0.5116279069767442,0.88,0.6470588235294118,0.028965517241379312,44,42,6,1408,1500
29,RUS,0.6561478086721327,0.9623724137931035,0.5,0.24867724867724866,0.94,0.3933054393305439,0.09793103448275862,47,142,3,1308,1500,0.837574,0.6136363636363636,0.54,0.574468085106383,0.011724137931034483,27,17,23,1433,1500,0.734856,0.45054945054945056,0.82,0.5815602836879432,0.034482758620689655,41,50,9,1400,1500,0.607806,0.31756756756756754,0.94,0.4747474747474747,0.0696551724137931,47,101,3,1349,1500,0.8218,0.5576923076923077,0.58,0.5686274509803922,0.015862068965517243,29,23,21,1427,1500,0.76685,0.4861111111111111,0.7,0.5737704918032787,0.025517241379310347,35,37,15,1413,1500
29,SMOTE,0.7340522539635662,0.9634,0.5,0.5797101449275363,0.8,0.6722689075630253,0.02,40,29,10,1421,1500,0.621012,0.7450980392156863,0.76,0.7524752475247525,0.00896551724137931,38,13,12,1437,1500,0.421214,0.49382716049382713,0.8,0.6106870229007633,0.028275862068965516,40,41,10,1409,1500,0.248873,0.3161764705882353,0.86,0.46236559139784944,0.06413793103448276,43,93,7,1357,1500,0.568794,0.6724137931034483,0.78,0.7222222222222223,0.01310344827586207,39,19,11,1431,1500,0.482268,0.5714285714285714,0.8,0.6666666666666666,0.020689655172413793,40,30,10,1420,1500
29,SMOTENC,0.7521652080377687,0.9614068965517242,0.5,0.6060606060606061,0.8,0.689655172413793,0.01793103448275862,40,26,10,1424,1500,0.557359,0.7017543859649122,0.8,0.7476635514018691,0.011724137931034483,40,17,10,1433,1500,0.446929,0.5263157894736842,0.8,0.6349206349206348,0.02482758620689655,40,36,10,1414,1500,0.275334,0.3111111111111111,0.84,0.45405405405405397,0.06413793103448276,42,93,8,1357,1500,0.557359,0.7017543859649122,0.8,0.7476635514018691,0.011724137931034483,40,17,10,1433,1500,0.446929,0.5263157894736842,0.8,0.6349206349206348,0.02482758620689655,40,36,10,1414,1500
29,Single WGAN-GP,0.838810117072602,0.9677172413793103,0.5,0.42574257425742573,0.86,0.5695364238410596,0.04,43,58,7,1392,1500,0.757727,0.8297872340425532,0.78,0.8041237113402062,0.005517241379310344,39,8,11,1442,1500,0.536724,0.4777777777777778,0.86,0.6142857142857143,0.032413793103448274,43,47,7,1403,1500,0.28836,0.24064171122994651,0.9,0.379746835443038,0.09793103448275862,45,142,5,1308,1500,0.757727,0.8297872340425532,0.78,0.8041237113402062,0.005517241379310344,39,8,11,1442,1500,0.645,0.6774193548387096,0.84,0.75,0.013793103448275862,42,20,8,1430,1500
30,ADASYN,0.8385302797908579,0.9710077267622024,0.5,0.5348837209302325,0.9019607843137255,0.6715328467153284,0.027605244996549344,46,40,5,1409,1500,0.671782,0.6964285714285714,0.7647058823529411,0.7289719626168223,0.011732229123533472,39,17,12,1432,1500,0.454329,0.46464646464646464,0.9019607843137255,0.6133333333333333,0.03657694962042788,46,53,5,1396,1500,0.232441,0.2823529411764706,0.9411764705882353,0.4343891402714932,0.0841959972394755,48,122,3,1327,1500,0.671782,0.6964285714285714,0.7647058823529411,0.7289719626168223,0.011732229123533472,39,17,12,1432,1500,0.607417,0.65625,0.8235294117647058,0.7304347826086957,0.01518288474810214,42,22,9,1427,1500
30,Baseline,0.8759123984881471,0.9740321249272657,0.5,0.9655172413793104,0.5490196078431373,0.7000000000000002,0.0006901311249137336,28,1,23,1448,1500,0.35,0.9130434782608695,0.8235294117647058,0.865979381443299,0.0027605244996549345,42,4,9,1445,1500,0.21,0.6923076923076923,0.8823529411764706,0.7758620689655172,0.013802622498274672,45,20,6,1429,1500,0.06,0.34074074074074073,0.9019607843137255,0.4946236559139785,0.06142167011732229,46,89,5,1360,1500,0.28,0.8148148148148148,0.8627450980392157,0.838095238095238,0.006901311249137336,44,10,7,1439,1500,0.195,0.6818181818181818,0.8823529411764706,0.7692307692307693,0.014492753623188406,45,21,6,1428,1500
30,Borderline-SMOTE,0.8322403297796728,0.9697357203751065,0.5,0.6833333333333333,0.803921568627451,0.7387387387387387,0.013112491373360938,41,19,10,1430,1500,0.578893,0.7692307692307693,0.7843137254901961,0.7766990291262137,0.008281573498964804,40,12,11,1437,1500,0.414403,0.625,0.8823529411764706,0.7317073170731708,0.018633540372670808,45,27,6,1422,1500,0.090703,0.2655367231638418,0.9215686274509803,0.41228070175438597,0.08971704623878538,47,130,4,1319,1500,0.578893,0.7692307692307693,0.7843137254901961,0.7766990291262137,0.008281573498964804,40,12,11,1437,1500,0.414403,0.625,0.8823529411764706,0.7317073170731708,0.018633540372670808,45,27,6,1422,1500
30,Multi WGAN-GP,0.806421257600241,0.9641943734015345,0.5,0.4339622641509434,0.9019607843137255,0.5859872611464968,0.041407867494824016,46,60,5,1389,1500,0.774627,0.6610169491525424,0.7647058823529411,0.7090909090909091,0.013802622498274672,39,20,12,1429,1500,0.755,0.65,0.7647058823529411,0.7027027027027027,0.014492753623188406,39,21,12,1428,1500,0.511855,0.4339622641509434,0.9019607843137255,0.5859872611464968,0.041407867494824016,46,60,5,1389,1500,0.755,0.65,0.7647058823529411,0.7027027027027027,0.014492753623188406,39,21,12,1428,1500,0.677127,0.5753424657534246,0.8235294117647058,0.6774193548387097,0.02139406487232574,42,31,9,1418,1500
30,RUS,0.7657997344868316,0.9719617315525244,0.5,0.21962616822429906,0.9215686274509803,0.35471698113207545,0.11525189786059352,47,167,4,1282,1500,0.836297,0.6727272727272727,0.7254901960784313,0.6981132075471698,0.012422360248447204,37,18,14,1431,1500,0.719604,0.4777777777777778,0.8431372549019608,0.6099290780141844,0.03243616287094548,43,47,8,1402,1500,0.618454,0.31724137931034485,0.9019607843137255,0.46938775510204084,0.06832298136645963,46,99,5,1350,1500,0.803681,0.6451612903225806,0.7843137254901961,0.7079646017699115,0.01518288474810214,40,22,11,1427,1500,0.757911,0.5675675675675675,0.8235294117647058,0.6719999999999999,0.022084195997239476,42,32,9,1417,1500
30,SMOTE,0.8559307873224521,0.9745328082923991,0.5,0.6052631578947368,0.9019607843137255,0.7244094488188977,0.020703933747412008,46,30,5,1419,1500,0.644071,0.7547169811320755,0.7843137254901961,0.7692307692307692,0.008971704623878536,40,13,11,1436,1500,0.367565,0.48936170212765956,0.9019607843137255,0.6344827586206897,0.033126293995859216,46,48,5,1401,1500,0.189762,0.2962962962962963,0.9411764705882353,0.45070422535211263,0.07867494824016563,48,114,3,1335,1500,0.644071,0.7547169811320755,0.7843137254901961,0.7692307692307692,0.008971704623878536,40,13,11,1436,1500,0.503679,0.6052631578947368,0.9019607843137255,0.7244094488188977,0.020703933747412008,46,30,5,1419,1500
30,SMOTENC,0.8261480139166979,0.9728954383685842,0.5,0.55,0.8627450980392157,0.6717557251908397,0.024844720496894408,44,36,7,1413,1500,0.663593,0.7254901960784313,0.7254901960784313,0.7254901960784313,0.00966183574879227,37,14,14,1435,1500,0.391052,0.44554455445544555,0.8823529411764706,0.5921052631578948,0.03864734299516908,45,56,6,1393,1500,0.245351,0.3310810810810811,0.9607843137254902,0.492462311557789,0.06832298136645963,49,99,2,1350,1500,0.663593,0.7254901960784313,0.7254901960784313,0.7254901960784313,0.00966183574879227,37,14,14,1435,1500,0.588294,0.6268656716417911,0.8235294117647058,0.7118644067796609,0.01725327812284334,42,25,9,1424,1500
30,Single WGAN-GP,0.8016811925159713,0.9666436622958362,0.5,0.4368932038834951,0.8823529411764706,0.5844155844155844,0.04002760524499655,45,58,6,1391,1500,0.753266,0.6612903225806451,0.803921568627451,0.7256637168141592,0.014492753623188406,41,21,10,1428,1500,0.771721,0.6842105263157895,0.7647058823529411,0.7222222222222222,0.012422360248447204,39,18,12,1431,1500,0.333234,0.26900584795321636,0.9019607843137255,0.4144144144144144,0.0862663906142167,46,125,5,1324,1500,0.79733,0.7115384615384616,0.7254901960784313,0.7184466019417477,0.010351966873706004,37,15,14,1434,1500,0.753266,0.6612903225806451,0.803921568627451,0.7256637168141592,0.014492753623188406,41,21,10,1428,1500
