split,method,op,mechanism,support,detected,missed,recall
1,ADASYN,t0.5,Heat dissipation,17,17,0,1.0
1,ADASYN,t0.5,Power,14,9,5,0.6428571428571429
1,ADASYN,t0.5,Overstrain,11,11,0,1.0
1,ADASYN,t0.5,Tool wear,7,3,4,0.42857142857142855
1,ADASYN,t0.5,No mechanism recorded,1,0,1,0.0
1,ADASYN,F1opt,Heat dissipation,17,17,0,1.0
1,ADASYN,F1opt,Power,14,9,5,0.6428571428571429
1,ADASYN,F1opt,Overstrain,11,11,0,1.0
1,ADASYN,F1opt,Tool wear,7,2,5,0.2857142857142857
1,ADASYN,F1opt,No mechanism recorded,1,0,1,0.0
1,ADASYN,rec80,Heat dissipation,17,17,0,1.0
1,ADASYN,rec80,Power,14,11,3,0.7857142857142857
1,ADASYN,rec80,Overstrain,11,11,0,1.0
1,ADASYN,rec80,Tool wear,7,3,4,0.42857142857142855
1,ADASYN,rec80,No mechanism recorded,1,0,1,0.0
1,ADASYN,rec90,Heat dissipation,17,17,0,1.0
1,ADASYN,rec90,Power,14,12,2,0.8571428571428571
1,ADASYN,rec90,Overstrain,11,11,0,1.0
1,ADASYN,rec90,Tool wear,7,3,4,0.42857142857142855
1,ADASYN,rec90,No mechanism recorded,1,0,1,0.0
1,ADASYN,fpr1,Heat dissipation,17,17,0,1.0
1,ADASYN,fpr1,Power,14,9,5,0.6428571428571429
1,ADASYN,fpr1,Overstrain,11,11,0,1.0
1,ADASYN,fpr1,Tool wear,7,2,5,0.2857142857142857
1,ADASYN,fpr1,No mechanism recorded,1,0,1,0.0
1,ADASYN,fpr2,Heat dissipation,17,17,0,1.0
1,ADASYN,fpr2,Power,14,11,3,0.7857142857142857
1,ADASYN,fpr2,Overstrain,11,11,0,1.0
1,ADASYN,fpr2,Tool wear,7,3,4,0.42857142857142855
1,ADASYN,fpr2,No mechanism recorded,1,0,1,0.0
1,Baseline,t0.5,Heat dissipation,17,17,0,1.0
1,Baseline,t0.5,Power,14,8,6,0.5714285714285714
1,Baseline,t0.5,Overstrain,11,5,6,0.45454545454545453
1,Baseline,t0.5,Tool wear,7,1,6,0.14285714285714285
1,Baseline,t0.5,No mechanism recorded,1,0,1,0.0
1,Baseline,F1opt,Heat dissipation,17,17,0,1.0
1,Baseline,F1opt,Power,14,10,4,0.7142857142857143
1,Baseline,F1opt,Overstrain,11,11,0,1.0
1,Baseline,F1opt,Tool wear,7,2,5,0.2857142857142857
1,Baseline,F1opt,No mechanism recorded,1,0,1,0.0
1,Baseline,rec80,Heat dissipation,17,17,0,1.0
1,Baseline,rec80,Power,14,10,4,0.7142857142857143
1,Baseline,rec80,Overstrain,11,11,0,1.0
1,Baseline,rec80,Tool wear,7,2,5,0.2857142857142857
1,Baseline,rec80,No mechanism recorded,1,0,1,0.0
1,Baseline,rec90,Heat dissipation,17,17,0,1.0
1,Baseline,rec90,Power,14,11,3,0.7857142857142857
1,Baseline,rec90,Overstrain,11,11,0,1.0
1,Baseline,rec90,Tool wear,7,2,5,0.2857142857142857
1,Baseline,rec90,No mechanism recorded,1,0,1,0.0
1,Baseline,fpr1,Heat dissipation,17,17,0,1.0
1,Baseline,fpr1,Power,14,9,5,0.6428571428571429
1,Baseline,fpr1,Overstrain,11,10,1,0.9090909090909091
1,Baseline,fpr1,Tool wear,7,2,5,0.2857142857142857
1,Baseline,fpr1,No mechanism recorded,1,0,1,0.0
1,Baseline,fpr2,Heat dissipation,17,17,0,1.0
1,Baseline,fpr2,Power,14,11,3,0.7857142857142857
1,Baseline,fpr2,Overstrain,11,11,0,1.0
1,Baseline,fpr2,Tool wear,7,2,5,0.2857142857142857
1,Baseline,fpr2,No mechanism recorded,1,0,1,0.0
1,Borderline-SMOTE,t0.5,Heat dissipation,17,17,0,1.0
1,Borderline-SMOTE,t0.5,Power,14,10,4,0.7142857142857143
1,Borderline-SMOTE,t0.5,Overstrain,11,9,2,0.8181818181818182
1,Borderline-SMOTE,t0.5,Tool wear,7,2,5,0.2857142857142857
1,Borderline-SMOTE,t0.5,No mechanism recorded,1,0,1,0.0
1,Borderline-SMOTE,F1opt,Heat dissipation,17,17,0,1.0
1,Borderline-SMOTE,F1opt,Power,14,10,4,0.7142857142857143
1,Borderline-SMOTE,F1opt,Overstrain,11,9,2,0.8181818181818182
1,Borderline-SMOTE,F1opt,Tool wear,7,2,5,0.2857142857142857
1,Borderline-SMOTE,F1opt,No mechanism recorded,1,0,1,0.0
1,Borderline-SMOTE,rec80,Heat dissipation,17,17,0,1.0
1,Borderline-SMOTE,rec80,Power,14,10,4,0.7142857142857143
1,Borderline-SMOTE,rec80,Overstrain,11,9,2,0.8181818181818182
1,Borderline-SMOTE,rec80,Tool wear,7,2,5,0.2857142857142857
1,Borderline-SMOTE,rec80,No mechanism recorded,1,0,1,0.0
1,Borderline-SMOTE,rec90,Heat dissipation,17,17,0,1.0
1,Borderline-SMOTE,rec90,Power,14,12,2,0.8571428571428571
1,Borderline-SMOTE,rec90,Overstrain,11,11,0,1.0
1,Borderline-SMOTE,rec90,Tool wear,7,2,5,0.2857142857142857
1,Borderline-SMOTE,rec90,No mechanism recorded,1,0,1,0.0
1,Borderline-SMOTE,fpr1,Heat dissipation,17,17,0,1.0
1,Borderline-SMOTE,fpr1,Power,14,10,4,0.7142857142857143
1,Borderline-SMOTE,fpr1,Overstrain,11,9,2,0.8181818181818182
1,Borderline-SMOTE,fpr1,Tool wear,7,2,5,0.2857142857142857
1,Borderline-SMOTE,fpr1,No mechanism recorded,1,0,1,0.0
1,Borderline-SMOTE,fpr2,Heat dissipation,17,17,0,1.0
1,Borderline-SMOTE,fpr2,Power,14,12,2,0.8571428571428571
1,Borderline-SMOTE,fpr2,Overstrain,11,11,0,1.0
1,Borderline-SMOTE,fpr2,Tool wear,7,2,5,0.2857142857142857
1,Borderline-SMOTE,fpr2,No mechanism recorded,1,0,1,0.0
1,Multi WGAN-GP,t0.5,Heat dissipation,17,17,0,1.0
1,Multi WGAN-GP,t0.5,Power,14,12,2,0.8571428571428571
1,Multi WGAN-GP,t0.5,Overstrain,11,10,1,0.9090909090909091
1,Multi WGAN-GP,t0.5,Tool wear,7,4,3,0.5714285714285714
1,Multi WGAN-GP,t0.5,No mechanism recorded,1,1,0,1.0
1,Multi WGAN-GP,F1opt,Heat dissipation,17,16,1,0.9411764705882353
1,Multi WGAN-GP,F1opt,Power,14,8,6,0.5714285714285714
1,Multi WGAN-GP,F1opt,Overstrain,11,5,6,0.45454545454545453
1,Multi WGAN-GP,F1opt,Tool wear,7,1,6,0.14285714285714285
1,Multi WGAN-GP,F1opt,No mechanism recorded,1,0,1,0.0
1,Multi WGAN-GP,rec80,Heat dissipation,17,17,0,1.0
1,Multi WGAN-GP,rec80,Power,14,11,3,0.7857142857142857
1,Multi WGAN-GP,rec80,Overstrain,11,9,2,0.8181818181818182
1,Multi WGAN-GP,rec80,Tool wear,7,1,6,0.14285714285714285
1,Multi WGAN-GP,rec80,No mechanism recorded,1,1,0,1.0
1,Multi WGAN-GP,rec90,Heat dissipation,17,17,0,1.0
1,Multi WGAN-GP,rec90,Power,14,13,1,0.9285714285714286
1,Multi WGAN-GP,rec90,Overstrain,11,11,0,1.0
1,Multi WGAN-GP,rec90,Tool wear,7,5,2,0.7142857142857143
1,Multi WGAN-GP,rec90,No mechanism recorded,1,1,0,1.0
1,Multi WGAN-GP,fpr1,Heat dissipation,17,16,1,0.9411764705882353
1,Multi WGAN-GP,fpr1,Power,14,9,5,0.6428571428571429
1,Multi WGAN-GP,fpr1,Overstrain,11,6,5,0.5454545454545454
1,Multi WGAN-GP,fpr1,Tool wear,7,1,6,0.14285714285714285
1,Multi WGAN-GP,fpr1,No mechanism recorded,1,0,1,0.0
1,Multi WGAN-GP,fpr2,Heat dissipation,17,17,0,1.0
1,Multi WGAN-GP,fpr2,Power,14,11,3,0.7857142857142857
1,Multi WGAN-GP,fpr2,Overstrain,11,8,3,0.7272727272727273
1,Multi WGAN-GP,fpr2,Tool wear,7,1,6,0.14285714285714285
1,Multi WGAN-GP,fpr2,No mechanism recorded,1,1,0,1.0
1,RUS,t0.5,Heat dissipation,17,17,0,1.0
1,RUS,t0.5,Power,14,13,1,0.9285714285714286
1,RUS,t0.5,Overstrain,11,11,0,1.0
1,RUS,t0.5,Tool wear,7,7,0,1.0
1,RUS,t0.5,No mechanism recorded,1,0,1,0.0
1,RUS,F1opt,Heat dissipation,17,17,0,1.0
1,RUS,F1opt,Power,14,6,8,0.42857142857142855
1,RUS,F1opt,Overstrain,11,11,0,1.0
1,RUS,F1opt,Tool wear,7,2,5,0.2857142857142857
1,RUS,F1opt,No mechanism recorded,1,0,1,0.0
1,RUS,rec80,Heat dissipation,17,17,0,1.0
1,RUS,rec80,Power,14,8,6,0.5714285714285714
1,RUS,rec80,Overstrain,11,11,0,1.0
1,RUS,rec80,Tool wear,7,2,5,0.2857142857142857
1,RUS,rec80,No mechanism recorded,1,0,1,0.0
1,RUS,rec90,Heat dissipation,17,17,0,1.0
1,RUS,rec90,Power,14,10,4,0.7142857142857143
1,RUS,rec90,Overstrain,11,11,0,1.0
1,RUS,rec90,Tool wear,7,4,3,0.5714285714285714
1,RUS,rec90,No mechanism recorded,1,0,1,0.0
1,RUS,fpr1,Heat dissipation,17,16,1,0.9411764705882353
1,RUS,fpr1,Power,14,6,8,0.42857142857142855
1,RUS,fpr1,Overstrain,11,9,2,0.8181818181818182
1,RUS,fpr1,Tool wear,7,1,6,0.14285714285714285
1,RUS,fpr1,No mechanism recorded,1,0,1,0.0
1,RUS,fpr2,Heat dissipation,17,17,0,1.0
1,RUS,fpr2,Power,14,6,8,0.42857142857142855
1,RUS,fpr2,Overstrain,11,11,0,1.0
1,RUS,fpr2,Tool wear,7,2,5,0.2857142857142857
1,RUS,fpr2,No mechanism recorded,1,0,1,0.0
1,SMOTE,t0.5,Heat dissipation,17,17,0,1.0
1,SMOTE,t0.5,Power,14,10,4,0.7142857142857143
1,SMOTE,t0.5,Overstrain,11,10,1,0.9090909090909091
1,SMOTE,t0.5,Tool wear,7,2,5,0.2857142857142857
1,SMOTE,t0.5,No mechanism recorded,1,0,1,0.0
1,SMOTE,F1opt,Heat dissipation,17,17,0,1.0
1,SMOTE,F1opt,Power,14,9,5,0.6428571428571429
1,SMOTE,F1opt,Overstrain,11,10,1,0.9090909090909091
1,SMOTE,F1opt,Tool wear,7,2,5,0.2857142857142857
1,SMOTE,F1opt,No mechanism recorded,1,0,1,0.0
1,SMOTE,rec80,Heat dissipation,17,17,0,1.0
1,SMOTE,rec80,Power,14,10,4,0.7142857142857143
1,SMOTE,rec80,Overstrain,11,10,1,0.9090909090909091
1,SMOTE,rec80,Tool wear,7,2,5,0.2857142857142857
1,SMOTE,rec80,No mechanism recorded,1,0,1,0.0
1,SMOTE,rec90,Heat dissipation,17,17,0,1.0
1,SMOTE,rec90,Power,14,11,3,0.7857142857142857
1,SMOTE,rec90,Overstrain,11,11,0,1.0
1,SMOTE,rec90,Tool wear,7,3,4,0.42857142857142855
1,SMOTE,rec90,No mechanism recorded,1,0,1,0.0
1,SMOTE,fpr1,Heat dissipation,17,17,0,1.0
1,SMOTE,fpr1,Power,14,10,4,0.7142857142857143
1,SMOTE,fpr1,Overstrain,11,10,1,0.9090909090909091
1,SMOTE,fpr1,Tool wear,7,2,5,0.2857142857142857
1,SMOTE,fpr1,No mechanism recorded,1,0,1,0.0
1,SMOTE,fpr2,Heat dissipation,17,17,0,1.0
1,SMOTE,fpr2,Power,14,10,4,0.7142857142857143
1,SMOTE,fpr2,Overstrain,11,10,1,0.9090909090909091
1,SMOTE,fpr2,Tool wear,7,2,5,0.2857142857142857
1,SMOTE,fpr2,No mechanism recorded,1,0,1,0.0
1,SMOTENC,t0.5,Heat dissipation,17,17,0,1.0
1,SMOTENC,t0.5,Power,14,9,5,0.6428571428571429
1,SMOTENC,t0.5,Overstrain,11,11,0,1.0
1,SMOTENC,t0.5,Tool wear,7,3,4,0.42857142857142855
1,SMOTENC,t0.5,No mechanism recorded,1,0,1,0.0
1,SMOTENC,F1opt,Heat dissipation,17,17,0,1.0
1,SMOTENC,F1opt,Power,14,8,6,0.5714285714285714
1,SMOTENC,F1opt,Overstrain,11,10,1,0.9090909090909091
1,SMOTENC,F1opt,Tool wear,7,3,4,0.42857142857142855
1,SMOTENC,F1opt,No mechanism recorded,1,0,1,0.0
1,SMOTENC,rec80,Heat dissipation,17,17,0,1.0
1,SMOTENC,rec80,Power,14,9,5,0.6428571428571429
1,SMOTENC,rec80,Overstrain,11,11,0,1.0
1,SMOTENC,rec80,Tool wear,7,3,4,0.42857142857142855
1,SMOTENC,rec80,No mechanism recorded,1,0,1,0.0
1,SMOTENC,rec90,Heat dissipation,17,17,0,1.0
1,SMOTENC,rec90,Power,14,12,2,0.8571428571428571
1,SMOTENC,rec90,Overstrain,11,11,0,1.0
1,SMOTENC,rec90,Tool wear,7,4,3,0.5714285714285714
1,SMOTENC,rec90,No mechanism recorded,1,0,1,0.0
1,SMOTENC,fpr1,Heat dissipation,17,17,0,1.0
1,SMOTENC,fpr1,Power,14,8,6,0.5714285714285714
1,SMOTENC,fpr1,Overstrain,11,10,1,0.9090909090909091
1,SMOTENC,fpr1,Tool wear,7,3,4,0.42857142857142855
1,SMOTENC,fpr1,No mechanism recorded,1,0,1,0.0
1,SMOTENC,fpr2,Heat dissipation,17,17,0,1.0
1,SMOTENC,fpr2,Power,14,9,5,0.6428571428571429
1,SMOTENC,fpr2,Overstrain,11,11,0,1.0
1,SMOTENC,fpr2,Tool wear,7,3,4,0.42857142857142855
1,SMOTENC,fpr2,No mechanism recorded,1,0,1,0.0
1,Single WGAN-GP,t0.5,Heat dissipation,17,17,0,1.0
1,Single WGAN-GP,t0.5,Power,14,12,2,0.8571428571428571
1,Single WGAN-GP,t0.5,Overstrain,11,10,1,0.9090909090909091
1,Single WGAN-GP,t0.5,Tool wear,7,1,6,0.14285714285714285
1,Single WGAN-GP,t0.5,No mechanism recorded,1,0,1,0.0
1,Single WGAN-GP,F1opt,Heat dissipation,17,16,1,0.9411764705882353
1,Single WGAN-GP,F1opt,Power,14,11,3,0.7857142857142857
1,Single WGAN-GP,F1opt,Overstrain,11,9,2,0.8181818181818182
1,Single WGAN-GP,F1opt,Tool wear,7,1,6,0.14285714285714285
1,Single WGAN-GP,F1opt,No mechanism recorded,1,0,1,0.0
1,Single WGAN-GP,rec80,Heat dissipation,17,17,0,1.0
1,Single WGAN-GP,rec80,Power,14,12,2,0.8571428571428571
1,Single WGAN-GP,rec80,Overstrain,11,10,1,0.9090909090909091
1,Single WGAN-GP,rec80,Tool wear,7,1,6,0.14285714285714285
1,Single WGAN-GP,rec80,No mechanism recorded,1,0,1,0.0
1,Single WGAN-GP,rec90,Heat dissipation,17,17,0,1.0
1,Single WGAN-GP,rec90,Power,14,13,1,0.9285714285714286
1,Single WGAN-GP,rec90,Overstrain,11,11,0,1.0
1,Single WGAN-GP,rec90,Tool wear,7,4,3,0.5714285714285714
1,Single WGAN-GP,rec90,No mechanism recorded,1,0,1,0.0
1,Single WGAN-GP,fpr1,Heat dissipation,17,16,1,0.9411764705882353
1,Single WGAN-GP,fpr1,Power,14,11,3,0.7857142857142857
1,Single WGAN-GP,fpr1,Overstrain,11,9,2,0.8181818181818182
1,Single WGAN-GP,fpr1,Tool wear,7,1,6,0.14285714285714285
1,Single WGAN-GP,fpr1,No mechanism recorded,1,0,1,0.0
1,Single WGAN-GP,fpr2,Heat dissipation,17,17,0,1.0
1,Single WGAN-GP,fpr2,Power,14,12,2,0.8571428571428571
1,Single WGAN-GP,fpr2,Overstrain,11,10,1,0.9090909090909091
1,Single WGAN-GP,fpr2,Tool wear,7,1,6,0.14285714285714285
1,Single WGAN-GP,fpr2,No mechanism recorded,1,0,1,0.0
2,ADASYN,t0.5,Heat dissipation,17,17,0,1.0
2,ADASYN,t0.5,Power,14,13,1,0.9285714285714286
2,ADASYN,t0.5,Overstrain,11,11,0,1.0
2,ADASYN,t0.5,Tool wear,7,1,6,0.14285714285714285
2,ADASYN,t0.5,No mechanism recorded,1,0,1,0.0
2,ADASYN,F1opt,Heat dissipation,17,17,0,1.0
2,ADASYN,F1opt,Power,14,12,2,0.8571428571428571
2,ADASYN,F1opt,Overstrain,11,10,1,0.9090909090909091
2,ADASYN,F1opt,Tool wear,7,1,6,0.14285714285714285
2,ADASYN,F1opt,No mechanism recorded,1,0,1,0.0
2,ADASYN,rec80,Heat dissipation,17,17,0,1.0
2,ADASYN,rec80,Power,14,13,1,0.9285714285714286
2,ADASYN,rec80,Overstrain,11,11,0,1.0
2,ADASYN,rec80,Tool wear,7,1,6,0.14285714285714285
2,ADASYN,rec80,No mechanism recorded,1,0,1,0.0
2,ADASYN,rec90,Heat dissipation,17,17,0,1.0
2,ADASYN,rec90,Power,14,14,0,1.0
2,ADASYN,rec90,Overstrain,11,11,0,1.0
2,ADASYN,rec90,Tool wear,7,2,5,0.2857142857142857
2,ADASYN,rec90,No mechanism recorded,1,0,1,0.0
2,ADASYN,fpr1,Heat dissipation,17,17,0,1.0
2,ADASYN,fpr1,Power,14,12,2,0.8571428571428571
2,ADASYN,fpr1,Overstrain,11,10,1,0.9090909090909091
2,ADASYN,fpr1,Tool wear,7,1,6,0.14285714285714285
2,ADASYN,fpr1,No mechanism recorded,1,0,1,0.0
2,ADASYN,fpr2,Heat dissipation,17,17,0,1.0
2,ADASYN,fpr2,Power,14,13,1,0.9285714285714286
2,ADASYN,fpr2,Overstrain,11,11,0,1.0
2,ADASYN,fpr2,Tool wear,7,1,6,0.14285714285714285
2,ADASYN,fpr2,No mechanism recorded,1,0,1,0.0
2,Baseline,t0.5,Heat dissipation,17,17,0,1.0
2,Baseline,t0.5,Power,14,12,2,0.8571428571428571
2,Baseline,t0.5,Overstrain,11,9,2,0.8181818181818182
2,Baseline,t0.5,Tool wear,7,0,7,0.0
2,Baseline,t0.5,No mechanism recorded,1,0,1,0.0
2,Baseline,F1opt,Heat dissipation,17,17,0,1.0
2,Baseline,F1opt,Power,14,13,1,0.9285714285714286
2,Baseline,F1opt,Overstrain,11,10,1,0.9090909090909091
2,Baseline,F1opt,Tool wear,7,0,7,0.0
2,Baseline,F1opt,No mechanism recorded,1,0,1,0.0
2,Baseline,rec80,Heat dissipation,17,17,0,1.0
2,Baseline,rec80,Power,14,13,1,0.9285714285714286
2,Baseline,rec80,Overstrain,11,10,1,0.9090909090909091
2,Baseline,rec80,Tool wear,7,0,7,0.0
2,Baseline,rec80,No mechanism recorded,1,0,1,0.0
2,Baseline,rec90,Heat dissipation,17,17,0,1.0
2,Baseline,rec90,Power,14,13,1,0.9285714285714286
2,Baseline,rec90,Overstrain,11,11,0,1.0
2,Baseline,rec90,Tool wear,7,2,5,0.2857142857142857
2,Baseline,rec90,No mechanism recorded,1,0,1,0.0
2,Baseline,fpr1,Heat dissipation,17,17,0,1.0
2,Baseline,fpr1,Power,14,13,1,0.9285714285714286
2,Baseline,fpr1,Overstrain,11,10,1,0.9090909090909091
2,Baseline,fpr1,Tool wear,7,0,7,0.0
2,Baseline,fpr1,No mechanism recorded,1,0,1,0.0
2,Baseline,fpr2,Heat dissipation,17,17,0,1.0
2,Baseline,fpr2,Power,14,13,1,0.9285714285714286
2,Baseline,fpr2,Overstrain,11,11,0,1.0
2,Baseline,fpr2,Tool wear,7,1,6,0.14285714285714285
2,Baseline,fpr2,No mechanism recorded,1,0,1,0.0
2,Borderline-SMOTE,t0.5,Heat dissipation,17,17,0,1.0
2,Borderline-SMOTE,t0.5,Power,14,13,1,0.9285714285714286
2,Borderline-SMOTE,t0.5,Overstrain,11,10,1,0.9090909090909091
2,Borderline-SMOTE,t0.5,Tool wear,7,0,7,0.0
2,Borderline-SMOTE,t0.5,No mechanism recorded,1,0,1,0.0
2,Borderline-SMOTE,F1opt,Heat dissipation,17,17,0,1.0
2,Borderline-SMOTE,F1opt,Power,14,11,3,0.7857142857142857
2,Borderline-SMOTE,F1opt,Overstrain,11,9,2,0.8181818181818182
2,Borderline-SMOTE,F1opt,Tool wear,7,0,7,0.0
2,Borderline-SMOTE,F1opt,No mechanism recorded,1,0,1,0.0
2,Borderline-SMOTE,rec80,Heat dissipation,17,17,0,1.0
2,Borderline-SMOTE,rec80,Power,14,13,1,0.9285714285714286
2,Borderline-SMOTE,rec80,Overstrain,11,10,1,0.9090909090909091
2,Borderline-SMOTE,rec80,Tool wear,7,0,7,0.0
2,Borderline-SMOTE,rec80,No mechanism recorded,1,0,1,0.0
2,Borderline-SMOTE,rec90,Heat dissipation,17,17,0,1.0
2,Borderline-SMOTE,rec90,Power,14,14,0,1.0
2,Borderline-SMOTE,rec90,Overstrain,11,11,0,1.0
2,Borderline-SMOTE,rec90,Tool wear,7,2,5,0.2857142857142857
2,Borderline-SMOTE,rec90,No mechanism recorded,1,0,1,0.0
2,Borderline-SMOTE,fpr1,Heat dissipation,17,17,0,1.0
2,Borderline-SMOTE,fpr1,Power,14,13,1,0.9285714285714286
2,Borderline-SMOTE,fpr1,Overstrain,11,10,1,0.9090909090909091
2,Borderline-SMOTE,fpr1,Tool wear,7,0,7,0.0
2,Borderline-SMOTE,fpr1,No mechanism recorded,1,0,1,0.0
2,Borderline-SMOTE,fpr2,Heat dissipation,17,17,0,1.0
2,Borderline-SMOTE,fpr2,Power,14,13,1,0.9285714285714286
2,Borderline-SMOTE,fpr2,Overstrain,11,10,1,0.9090909090909091
2,Borderline-SMOTE,fpr2,Tool wear,7,0,7,0.0
2,Borderline-SMOTE,fpr2,No mechanism recorded,1,0,1,0.0
2,Multi WGAN-GP,t0.5,Heat dissipation,17,17,0,1.0
2,Multi WGAN-GP,t0.5,Power,14,14,0,1.0
2,Multi WGAN-GP,t0.5,Overstrain,11,11,0,1.0
2,Multi WGAN-GP,t0.5,Tool wear,7,1,6,0.14285714285714285
2,Multi WGAN-GP,t0.5,No mechanism recorded,1,0,1,0.0
2,Multi WGAN-GP,F1opt,Heat dissipation,17,17,0,1.0
2,Multi WGAN-GP,F1opt,Power,14,13,1,0.9285714285714286
2,Multi WGAN-GP,F1opt,Overstrain,11,9,2,0.8181818181818182
2,Multi WGAN-GP,F1opt,Tool wear,7,0,7,0.0
2,Multi WGAN-GP,F1opt,No mechanism recorded,1,0,1,0.0
2,Multi WGAN-GP,rec80,Heat dissipation,17,17,0,1.0
2,Multi WGAN-GP,rec80,Power,14,13,1,0.9285714285714286
2,Multi WGAN-GP,rec80,Overstrain,11,9,2,0.8181818181818182
2,Multi WGAN-GP,rec80,Tool wear,7,0,7,0.0
2,Multi WGAN-GP,rec80,No mechanism recorded,1,0,1,0.0
2,Multi WGAN-GP,rec90,Heat dissipation,17,17,0,1.0
2,Multi WGAN-GP,rec90,Power,14,14,0,1.0
2,Multi WGAN-GP,rec90,Overstrain,11,11,0,1.0
2,Multi WGAN-GP,rec90,Tool wear,7,2,5,0.2857142857142857
2,Multi WGAN-GP,rec90,No mechanism recorded,1,0,1,0.0
2,Multi WGAN-GP,fpr1,Heat dissipation,17,17,0,1.0
2,Multi WGAN-GP,fpr1,Power,14,13,1,0.9285714285714286
2,Multi WGAN-GP,fpr1,Overstrain,11,9,2,0.8181818181818182
2,Multi WGAN-GP,fpr1,Tool wear,7,0,7,0.0
2,Multi WGAN-GP,fpr1,No mechanism recorded,1,0,1,0.0
2,Multi WGAN-GP,fpr2,Heat dissipation,17,17,0,1.0
2,Multi WGAN-GP,fpr2,Power,14,14,0,1.0
2,Multi WGAN-GP,fpr2,Overstrain,11,11,0,1.0
2,Multi WGAN-GP,fpr2,Tool wear,7,1,6,0.14285714285714285
2,Multi WGAN-GP,fpr2,No mechanism recorded,1,0,1,0.0
2,RUS,t0.5,Heat dissipation,17,17,0,1.0
2,RUS,t0.5,Power,14,14,0,1.0
2,RUS,t0.5,Overstrain,11,11,0,1.0
2,RUS,t0.5,Tool wear,7,5,2,0.7142857142857143
2,RUS,t0.5,No mechanism recorded,1,0,1,0.0
2,RUS,F1opt,Heat dissipation,17,16,1,0.9411764705882353
2,RUS,F1opt,Power,14,9,5,0.6428571428571429
2,RUS,F1opt,Overstrain,11,7,4,0.6363636363636364
2,RUS,F1opt,Tool wear,7,0,7,0.0
2,RUS,F1opt,No mechanism recorded,1,0,1,0.0
2,RUS,rec80,Heat dissipation,17,17,0,1.0
2,RUS,rec80,Power,14,10,4,0.7142857142857143
2,RUS,rec80,Overstrain,11,10,1,0.9090909090909091
2,RUS,rec80,Tool wear,7,0,7,0.0
2,RUS,rec80,No mechanism recorded,1,0,1,0.0
2,RUS,rec90,Heat dissipation,17,17,0,1.0
2,RUS,rec90,Power,14,13,1,0.9285714285714286
2,RUS,rec90,Overstrain,11,11,0,1.0
2,RUS,rec90,Tool wear,7,4,3,0.5714285714285714
2,RUS,rec90,No mechanism recorded,1,0,1,0.0
2,RUS,fpr1,Heat dissipation,17,16,1,0.9411764705882353
2,RUS,fpr1,Power,14,7,7,0.5
2,RUS,fpr1,Overstrain,11,6,5,0.5454545454545454
2,RUS,fpr1,Tool wear,7,0,7,0.0
2,RUS,fpr1,No mechanism recorded,1,0,1,0.0
2,RUS,fpr2,Heat dissipation,17,17,0,1.0
2,RUS,fpr2,Power,14,9,5,0.6428571428571429
2,RUS,fpr2,Overstrain,11,8,3,0.7272727272727273
2,RUS,fpr2,Tool wear,7,0,7,0.0
2,RUS,fpr2,No mechanism recorded,1,0,1,0.0
2,SMOTE,t0.5,Heat dissipation,17,17,0,1.0
2,SMOTE,t0.5,Power,14,13,1,0.9285714285714286
2,SMOTE,t0.5,Overstrain,11,10,1,0.9090909090909091
2,SMOTE,t0.5,Tool wear,7,1,6,0.14285714285714285
2,SMOTE,t0.5,No mechanism recorded,1,0,1,0.0
2,SMOTE,F1opt,Heat dissipation,17,17,0,1.0
2,SMOTE,F1opt,Power,14,10,4,0.7142857142857143
2,SMOTE,F1opt,Overstrain,11,9,2,0.8181818181818182
2,SMOTE,F1opt,Tool wear,7,0,7,0.0
2,SMOTE,F1opt,No mechanism recorded,1,0,1,0.0
2,SMOTE,rec80,Heat dissipation,17,17,0,1.0
2,SMOTE,rec80,Power,14,13,1,0.9285714285714286
2,SMOTE,rec80,Overstrain,11,10,1,0.9090909090909091
2,SMOTE,rec80,Tool wear,7,1,6,0.14285714285714285
2,SMOTE,rec80,No mechanism recorded,1,0,1,0.0
2,SMOTE,rec90,Heat dissipation,17,17,0,1.0
2,SMOTE,rec90,Power,14,13,1,0.9285714285714286
2,SMOTE,rec90,Overstrain,11,11,0,1.0
2,SMOTE,rec90,Tool wear,7,3,4,0.42857142857142855
2,SMOTE,rec90,No mechanism recorded,1,0,1,0.0
2,SMOTE,fpr1,Heat dissipation,17,17,0,1.0
2,SMOTE,fpr1,Power,14,10,4,0.7142857142857143
2,SMOTE,fpr1,Overstrain,11,9,2,0.8181818181818182
2,SMOTE,fpr1,Tool wear,7,0,7,0.0
2,SMOTE,fpr1,No mechanism recorded,1,0,1,0.0
2,SMOTE,fpr2,Heat dissipation,17,17,0,1.0
2,SMOTE,fpr2,Power,14,13,1,0.9285714285714286
2,SMOTE,fpr2,Overstrain,11,11,0,1.0
2,SMOTE,fpr2,Tool wear,7,2,5,0.2857142857142857
2,SMOTE,fpr2,No mechanism recorded,1,0,1,0.0
2,SMOTENC,t0.5,Heat dissipation,17,17,0,1.0
2,SMOTENC,t0.5,Power,14,13,1,0.9285714285714286
2,SMOTENC,t0.5,Overstrain,11,11,0,1.0
2,SMOTENC,t0.5,Tool wear,7,1,6,0.14285714285714285
2,SMOTENC,t0.5,No mechanism recorded,1,0,1,0.0
2,SMOTENC,F1opt,Heat dissipation,17,16,1,0.9411764705882353
2,SMOTENC,F1opt,Power,14,11,3,0.7857142857142857
2,SMOTENC,F1opt,Overstrain,11,10,1,0.9090909090909091
2,SMOTENC,F1opt,Tool wear,7,1,6,0.14285714285714285
2,SMOTENC,F1opt,No mechanism recorded,1,0,1,0.0
2,SMOTENC,rec80,Heat dissipation,17,17,0,1.0
2,SMOTENC,rec80,Power,14,12,2,0.8571428571428571
2,SMOTENC,rec80,Overstrain,11,10,1,0.9090909090909091
2,SMOTENC,rec80,Tool wear,7,1,6,0.14285714285714285
2,SMOTENC,rec80,No mechanism recorded,1,0,1,0.0
2,SMOTENC,rec90,Heat dissipation,17,17,0,1.0
2,SMOTENC,rec90,Power,14,14,0,1.0
2,SMOTENC,rec90,Overstrain,11,11,0,1.0
2,SMOTENC,rec90,Tool wear,7,4,3,0.5714285714285714
2,SMOTENC,rec90,No mechanism recorded,1,0,1,0.0
2,SMOTENC,fpr1,Heat dissipation,17,16,1,0.9411764705882353
2,SMOTENC,fpr1,Power,14,11,3,0.7857142857142857
2,SMOTENC,fpr1,Overstrain,11,10,1,0.9090909090909091
2,SMOTENC,fpr1,Tool wear,7,1,6,0.14285714285714285
2,SMOTENC,fpr1,No mechanism recorded,1,0,1,0.0
2,SMOTENC,fpr2,Heat dissipation,17,17,0,1.0
2,SMOTENC,fpr2,Power,14,13,1,0.9285714285714286
2,SMOTENC,fpr2,Overstrain,11,10,1,0.9090909090909091
2,SMOTENC,fpr2,Tool wear,7,1,6,0.14285714285714285
2,SMOTENC,fpr2,No mechanism recorded,1,0,1,0.0
2,Single WGAN-GP,t0.5,Heat dissipation,17,17,0,1.0
2,Single WGAN-GP,t0.5,Power,14,14,0,1.0
2,Single WGAN-GP,t0.5,Overstrain,11,11,0,1.0
2,Single WGAN-GP,t0.5,Tool wear,7,3,4,0.42857142857142855
2,Single WGAN-GP,t0.5,No mechanism recorded,1,0,1,0.0
2,Single WGAN-GP,F1opt,Heat dissipation,17,17,0,1.0
2,Single WGAN-GP,F1opt,Power,14,14,0,1.0
2,Single WGAN-GP,F1opt,Overstrain,11,10,1,0.9090909090909091
2,Single WGAN-GP,F1opt,Tool wear,7,2,5,0.2857142857142857
2,Single WGAN-GP,F1opt,No mechanism recorded,1,0,1,0.0
2,Single WGAN-GP,rec80,Heat dissipation,17,17,0,1.0
2,Single WGAN-GP,rec80,Power,14,14,0,1.0
2,Single WGAN-GP,rec80,Overstrain,11,11,0,1.0
2,Single WGAN-GP,rec80,Tool wear,7,3,4,0.42857142857142855
2,Single WGAN-GP,rec80,No mechanism recorded,1,0,1,0.0
2,Single WGAN-GP,rec90,Heat dissipation,17,17,0,1.0
2,Single WGAN-GP,rec90,Power,14,14,0,1.0
2,Single WGAN-GP,rec90,Overstrain,11,11,0,1.0
2,Single WGAN-GP,rec90,Tool wear,7,5,2,0.7142857142857143
2,Single WGAN-GP,rec90,No mechanism recorded,1,0,1,0.0
2,Single WGAN-GP,fpr1,Heat dissipation,17,17,0,1.0
2,Single WGAN-GP,fpr1,Power,14,14,0,1.0
2,Single WGAN-GP,fpr1,Overstrain,11,10,1,0.9090909090909091
2,Single WGAN-GP,fpr1,Tool wear,7,2,5,0.2857142857142857
2,Single WGAN-GP,fpr1,No mechanism recorded,1,0,1,0.0
2,Single WGAN-GP,fpr2,Heat dissipation,17,17,0,1.0
2,Single WGAN-GP,fpr2,Power,14,14,0,1.0
2,Single WGAN-GP,fpr2,Overstrain,11,11,0,1.0
2,Single WGAN-GP,fpr2,Tool wear,7,3,4,0.42857142857142855
2,Single WGAN-GP,fpr2,No mechanism recorded,1,0,1,0.0
3,ADASYN,t0.5,Heat dissipation,17,17,0,1.0
3,ADASYN,t0.5,Power,14,11,3,0.7857142857142857
3,ADASYN,t0.5,Overstrain,11,11,0,1.0
3,ADASYN,t0.5,Tool wear,7,1,6,0.14285714285714285
3,ADASYN,t0.5,No mechanism recorded,2,0,2,0.0
3,ADASYN,F1opt,Heat dissipation,17,16,1,0.9411764705882353
3,ADASYN,F1opt,Power,14,10,4,0.7142857142857143
3,ADASYN,F1opt,Overstrain,11,11,0,1.0
3,ADASYN,F1opt,Tool wear,7,0,7,0.0
3,ADASYN,F1opt,No mechanism recorded,2,0,2,0.0
3,ADASYN,rec80,Heat dissipation,17,17,0,1.0
3,ADASYN,rec80,Power,14,11,3,0.7857142857142857
3,ADASYN,rec80,Overstrain,11,11,0,1.0
3,ADASYN,rec80,Tool wear,7,1,6,0.14285714285714285
3,ADASYN,rec80,No mechanism recorded,2,0,2,0.0
3,ADASYN,rec90,Heat dissipation,17,17,0,1.0
3,ADASYN,rec90,Power,14,13,1,0.9285714285714286
3,ADASYN,rec90,Overstrain,11,11,0,1.0
3,ADASYN,rec90,Tool wear,7,2,5,0.2857142857142857
3,ADASYN,rec90,No mechanism recorded,2,0,2,0.0
3,ADASYN,fpr1,Heat dissipation,17,16,1,0.9411764705882353
3,ADASYN,fpr1,Power,14,10,4,0.7142857142857143
3,ADASYN,fpr1,Overstrain,11,11,0,1.0
3,ADASYN,fpr1,Tool wear,7,0,7,0.0
3,ADASYN,fpr1,No mechanism recorded,2,0,2,0.0
3,ADASYN,fpr2,Heat dissipation,17,17,0,1.0
3,ADASYN,fpr2,Power,14,13,1,0.9285714285714286
3,ADASYN,fpr2,Overstrain,11,11,0,1.0
3,ADASYN,fpr2,Tool wear,7,1,6,0.14285714285714285
3,ADASYN,fpr2,No mechanism recorded,2,0,2,0.0
3,Baseline,t0.5,Heat dissipation,17,16,1,0.9411764705882353
3,Baseline,t0.5,Power,14,9,5,0.6428571428571429
3,Baseline,t0.5,Overstrain,11,10,1,0.9090909090909091
3,Baseline,t0.5,Tool wear,7,0,7,0.0
3,Baseline,t0.5,No mechanism recorded,2,0,2,0.0
3,Baseline,F1opt,Heat dissipation,17,17,0,1.0
3,Baseline,F1opt,Power,14,13,1,0.9285714285714286
3,Baseline,F1opt,Overstrain,11,11,0,1.0
3,Baseline,F1opt,Tool wear,7,0,7,0.0
3,Baseline,F1opt,No mechanism recorded,2,0,2,0.0
3,Baseline,rec80,Heat dissipation,17,17,0,1.0
3,Baseline,rec80,Power,14,12,2,0.8571428571428571
3,Baseline,rec80,Overstrain,11,10,1,0.9090909090909091
3,Baseline,rec80,Tool wear,7,0,7,0.0
3,Baseline,rec80,No mechanism recorded,2,0,2,0.0
3,Baseline,rec90,Heat dissipation,17,17,0,1.0
3,Baseline,rec90,Power,14,14,0,1.0
3,Baseline,rec90,Overstrain,11,11,0,1.0
3,Baseline,rec90,Tool wear,7,1,6,0.14285714285714285
3,Baseline,rec90,No mechanism recorded,2,1,1,0.5
3,Baseline,fpr1,Heat dissipation,17,17,0,1.0
3,Baseline,fpr1,Power,14,13,1,0.9285714285714286
3,Baseline,fpr1,Overstrain,11,11,0,1.0
3,Baseline,fpr1,Tool wear,7,0,7,0.0
3,Baseline,fpr1,No mechanism recorded,2,0,2,0.0
3,Baseline,fpr2,Heat dissipation,17,17,0,1.0
3,Baseline,fpr2,Power,14,13,1,0.9285714285714286
3,Baseline,fpr2,Overstrain,11,11,0,1.0
3,Baseline,fpr2,Tool wear,7,0,7,0.0
3,Baseline,fpr2,No mechanism recorded,2,0,2,0.0
3,Borderline-SMOTE,t0.5,Heat dissipation,17,16,1,0.9411764705882353
3,Borderline-SMOTE,t0.5,Power,14,12,2,0.8571428571428571
3,Borderline-SMOTE,t0.5,Overstrain,11,11,0,1.0
3,Borderline-SMOTE,t0.5,Tool wear,7,0,7,0.0
3,Borderline-SMOTE,t0.5,No mechanism recorded,2,0,2,0.0
3,Borderline-SMOTE,F1opt,Heat dissipation,17,16,1,0.9411764705882353
3,Borderline-SMOTE,F1opt,Power,14,11,3,0.7857142857142857
3,Borderline-SMOTE,F1opt,Overstrain,11,11,0,1.0
3,Borderline-SMOTE,F1opt,Tool wear,7,0,7,0.0
3,Borderline-SMOTE,F1opt,No mechanism recorded,2,0,2,0.0
3,Borderline-SMOTE,rec80,Heat dissipation,17,16,1,0.9411764705882353
3,Borderline-SMOTE,rec80,Power,14,11,3,0.7857142857142857
3,Borderline-SMOTE,rec80,Overstrain,11,11,0,1.0
3,Borderline-SMOTE,rec80,Tool wear,7,0,7,0.0
3,Borderline-SMOTE,rec80,No mechanism recorded,2,0,2,0.0
3,Borderline-SMOTE,rec90,Heat dissipation,17,17,0,1.0
3,Borderline-SMOTE,rec90,Power,14,13,1,0.9285714285714286
3,Borderline-SMOTE,rec90,Overstrain,11,11,0,1.0
3,Borderline-SMOTE,rec90,Tool wear,7,1,6,0.14285714285714285
3,Borderline-SMOTE,rec90,No mechanism recorded,2,1,1,0.5
3,Borderline-SMOTE,fpr1,Heat dissipation,17,17,0,1.0
3,Borderline-SMOTE,fpr1,Power,14,12,2,0.8571428571428571
3,Borderline-SMOTE,fpr1,Overstrain,11,11,0,1.0
3,Borderline-SMOTE,fpr1,Tool wear,7,1,6,0.14285714285714285
3,Borderline-SMOTE,fpr1,No mechanism recorded,2,0,2,0.0
3,Borderline-SMOTE,fpr2,Heat dissipation,17,17,0,1.0
3,Borderline-SMOTE,fpr2,Power,14,13,1,0.9285714285714286
3,Borderline-SMOTE,fpr2,Overstrain,11,11,0,1.0
3,Borderline-SMOTE,fpr2,Tool wear,7,1,6,0.14285714285714285
3,Borderline-SMOTE,fpr2,No mechanism recorded,2,1,1,0.5
3,Multi WGAN-GP,t0.5,Heat dissipation,17,17,0,1.0
3,Multi WGAN-GP,t0.5,Power,14,14,0,1.0
3,Multi WGAN-GP,t0.5,Overstrain,11,11,0,1.0
3,Multi WGAN-GP,t0.5,Tool wear,7,1,6,0.14285714285714285
3,Multi WGAN-GP,t0.5,No mechanism recorded,2,0,2,0.0
3,Multi WGAN-GP,F1opt,Heat dissipation,17,17,0,1.0
3,Multi WGAN-GP,F1opt,Power,14,11,3,0.7857142857142857
3,Multi WGAN-GP,F1opt,Overstrain,11,10,1,0.9090909090909091
3,Multi WGAN-GP,F1opt,Tool wear,7,0,7,0.0
3,Multi WGAN-GP,F1opt,No mechanism recorded,2,0,2,0.0
3,Multi WGAN-GP,rec80,Heat dissipation,17,17,0,1.0
3,Multi WGAN-GP,rec80,Power,14,11,3,0.7857142857142857
3,Multi WGAN-GP,rec80,Overstrain,11,9,2,0.8181818181818182
3,Multi WGAN-GP,rec80,Tool wear,7,0,7,0.0
3,Multi WGAN-GP,rec80,No mechanism recorded,2,0,2,0.0
3,Multi WGAN-GP,rec90,Heat dissipation,17,17,0,1.0
3,Multi WGAN-GP,rec90,Power,14,14,0,1.0
3,Multi WGAN-GP,rec90,Overstrain,11,11,0,1.0
3,Multi WGAN-GP,rec90,Tool wear,7,1,6,0.14285714285714285
3,Multi WGAN-GP,rec90,No mechanism recorded,2,1,1,0.5
3,Multi WGAN-GP,fpr1,Heat dissipation,17,17,0,1.0
3,Multi WGAN-GP,fpr1,Power,14,13,1,0.9285714285714286
3,Multi WGAN-GP,fpr1,Overstrain,11,10,1,0.9090909090909091
3,Multi WGAN-GP,fpr1,Tool wear,7,0,7,0.0
3,Multi WGAN-GP,fpr1,No mechanism recorded,2,0,2,0.0
3,Multi WGAN-GP,fpr2,Heat dissipation,17,17,0,1.0
3,Multi WGAN-GP,fpr2,Power,14,14,0,1.0
3,Multi WGAN-GP,fpr2,Overstrain,11,11,0,1.0
3,Multi WGAN-GP,fpr2,Tool wear,7,0,7,0.0
3,Multi WGAN-GP,fpr2,No mechanism recorded,2,0,2,0.0
3,RUS,t0.5,Heat dissipation,17,17,0,1.0
3,RUS,t0.5,Power,14,14,0,1.0
3,RUS,t0.5,Overstrain,11,11,0,1.0
3,RUS,t0.5,Tool wear,7,7,0,1.0
3,RUS,t0.5,No mechanism recorded,2,1,1,0.5
3,RUS,F1opt,Heat dissipation,17,17,0,1.0
3,RUS,F1opt,Power,14,8,6,0.5714285714285714
3,RUS,F1opt,Overstrain,11,10,1,0.9090909090909091
3,RUS,F1opt,Tool wear,7,0,7,0.0
3,RUS,F1opt,No mechanism recorded,2,1,1,0.5
3,RUS,rec80,Heat dissipation,17,17,0,1.0
3,RUS,rec80,Power,14,10,4,0.7142857142857143
3,RUS,rec80,Overstrain,11,11,0,1.0
3,RUS,rec80,Tool wear,7,1,6,0.14285714285714285
3,RUS,rec80,No mechanism recorded,2,1,1,0.5
3,RUS,rec90,Heat dissipation,17,17,0,1.0
3,RUS,rec90,Power,14,13,1,0.9285714285714286
3,RUS,rec90,Overstrain,11,11,0,1.0
3,RUS,rec90,Tool wear,7,2,5,0.2857142857142857
3,RUS,rec90,No mechanism recorded,2,1,1,0.5
3,RUS,fpr1,Heat dissipation,17,17,0,1.0
3,RUS,fpr1,Power,14,8,6,0.5714285714285714
3,RUS,fpr1,Overstrain,11,10,1,0.9090909090909091
3,RUS,fpr1,Tool wear,7,0,7,0.0
3,RUS,fpr1,No mechanism recorded,2,1,1,0.5
3,RUS,fpr2,Heat dissipation,17,17,0,1.0
3,RUS,fpr2,Power,14,8,6,0.5714285714285714
3,RUS,fpr2,Overstrain,11,10,1,0.9090909090909091
3,RUS,fpr2,Tool wear,7,0,7,0.0
3,RUS,fpr2,No mechanism recorded,2,1,1,0.5
3,SMOTE,t0.5,Heat dissipation,17,17,0,1.0
3,SMOTE,t0.5,Power,14,12,2,0.8571428571428571
3,SMOTE,t0.5,Overstrain,11,11,0,1.0
3,SMOTE,t0.5,Tool wear,7,2,5,0.2857142857142857
3,SMOTE,t0.5,No mechanism recorded,2,0,2,0.0
3,SMOTE,F1opt,Heat dissipation,17,16,1,0.9411764705882353
3,SMOTE,F1opt,Power,14,9,5,0.6428571428571429
3,SMOTE,F1opt,Overstrain,11,11,0,1.0
3,SMOTE,F1opt,Tool wear,7,0,7,0.0
3,SMOTE,F1opt,No mechanism recorded,2,0,2,0.0
3,SMOTE,rec80,Heat dissipation,17,16,1,0.9411764705882353
3,SMOTE,rec80,Power,14,10,4,0.7142857142857143
3,SMOTE,rec80,Overstrain,11,11,0,1.0
3,SMOTE,rec80,Tool wear,7,0,7,0.0
3,SMOTE,rec80,No mechanism recorded,2,0,2,0.0
3,SMOTE,rec90,Heat dissipation,17,17,0,1.0
3,SMOTE,rec90,Power,14,11,3,0.7857142857142857
3,SMOTE,rec90,Overstrain,11,11,0,1.0
3,SMOTE,rec90,Tool wear,7,1,6,0.14285714285714285
3,SMOTE,rec90,No mechanism recorded,2,0,2,0.0
3,SMOTE,fpr1,Heat dissipation,17,16,1,0.9411764705882353
3,SMOTE,fpr1,Power,14,10,4,0.7142857142857143
3,SMOTE,fpr1,Overstrain,11,11,0,1.0
3,SMOTE,fpr1,Tool wear,7,0,7,0.0
3,SMOTE,fpr1,No mechanism recorded,2,0,2,0.0
3,SMOTE,fpr2,Heat dissipation,17,17,0,1.0
3,SMOTE,fpr2,Power,14,11,3,0.7857142857142857
3,SMOTE,fpr2,Overstrain,11,11,0,1.0
3,SMOTE,fpr2,Tool wear,7,1,6,0.14285714285714285
3,SMOTE,fpr2,No mechanism recorded,2,0,2,0.0
3,SMOTENC,t0.5,Heat dissipation,17,17,0,1.0
3,SMOTENC,t0.5,Power,14,11,3,0.7857142857142857
3,SMOTENC,t0.5,Overstrain,11,11,0,1.0
3,SMOTENC,t0.5,Tool wear,7,1,6,0.14285714285714285
3,SMOTENC,t0.5,No mechanism recorded,2,0,2,0.0
3,SMOTENC,F1opt,Heat dissipation,17,16,1,0.9411764705882353
3,SMOTENC,F1opt,Power,14,10,4,0.7142857142857143
3,SMOTENC,F1opt,Overstrain,11,11,0,1.0
3,SMOTENC,F1opt,Tool wear,7,0,7,0.0
3,SMOTENC,F1opt,No mechanism recorded,2,0,2,0.0
3,SMOTENC,rec80,Heat dissipation,17,16,1,0.9411764705882353
3,SMOTENC,rec80,Power,14,10,4,0.7142857142857143
3,SMOTENC,rec80,Overstrain,11,11,0,1.0
3,SMOTENC,rec80,Tool wear,7,0,7,0.0
3,SMOTENC,rec80,No mechanism recorded,2,0,2,0.0
3,SMOTENC,rec90,Heat dissipation,17,17,0,1.0
3,SMOTENC,rec90,Power,14,11,3,0.7857142857142857
3,SMOTENC,rec90,Overstrain,11,11,0,1.0
3,SMOTENC,rec90,Tool wear,7,2,5,0.2857142857142857
3,SMOTENC,rec90,No mechanism recorded,2,0,2,0.0
3,SMOTENC,fpr1,Heat dissipation,17,16,1,0.9411764705882353
3,SMOTENC,fpr1,Power,14,10,4,0.7142857142857143
3,SMOTENC,fpr1,Overstrain,11,11,0,1.0
3,SMOTENC,fpr1,Tool wear,7,0,7,0.0
3,SMOTENC,fpr1,No mechanism recorded,2,0,2,0.0
3,SMOTENC,fpr2,Heat dissipation,17,17,0,1.0
3,SMOTENC,fpr2,Power,14,11,3,0.7857142857142857
3,SMOTENC,fpr2,Overstrain,11,11,0,1.0
3,SMOTENC,fpr2,Tool wear,7,1,6,0.14285714285714285
3,SMOTENC,fpr2,No mechanism recorded,2,0,2,0.0
3,Single WGAN-GP,t0.5,Heat dissipation,17,17,0,1.0
3,Single WGAN-GP,t0.5,Power,14,13,1,0.9285714285714286
3,Single WGAN-GP,t0.5,Overstrain,11,10,1,0.9090909090909091
3,Single WGAN-GP,t0.5,Tool wear,7,0,7,0.0
3,Single WGAN-GP,t0.5,No mechanism recorded,2,0,2,0.0
3,Single WGAN-GP,F1opt,Heat dissipation,17,17,0,1.0
3,Single WGAN-GP,F1opt,Power,14,12,2,0.8571428571428571
3,Single WGAN-GP,F1opt,Overstrain,11,7,4,0.6363636363636364
3,Single WGAN-GP,F1opt,Tool wear,7,0,7,0.0
3,Single WGAN-GP,F1opt,No mechanism recorded,2,0,2,0.0
3,Single WGAN-GP,rec80,Heat dissipation,17,17,0,1.0
3,Single WGAN-GP,rec80,Power,14,12,2,0.8571428571428571
3,Single WGAN-GP,rec80,Overstrain,11,7,4,0.6363636363636364
3,Single WGAN-GP,rec80,Tool wear,7,0,7,0.0
3,Single WGAN-GP,rec80,No mechanism recorded,2,0,2,0.0
3,Single WGAN-GP,rec90,Heat dissipation,17,17,0,1.0
3,Single WGAN-GP,rec90,Power,14,14,0,1.0
3,Single WGAN-GP,rec90,Overstrain,11,11,0,1.0
3,Single WGAN-GP,rec90,Tool wear,7,2,5,0.2857142857142857
3,Single WGAN-GP,rec90,No mechanism recorded,2,0,2,0.0
3,Single WGAN-GP,fpr1,Heat dissipation,17,17,0,1.0
3,Single WGAN-GP,fpr1,Power,14,12,2,0.8571428571428571
3,Single WGAN-GP,fpr1,Overstrain,11,6,5,0.5454545454545454
3,Single WGAN-GP,fpr1,Tool wear,7,0,7,0.0
3,Single WGAN-GP,fpr1,No mechanism recorded,2,0,2,0.0
3,Single WGAN-GP,fpr2,Heat dissipation,17,17,0,1.0
3,Single WGAN-GP,fpr2,Power,14,12,2,0.8571428571428571
3,Single WGAN-GP,fpr2,Overstrain,11,10,1,0.9090909090909091
3,Single WGAN-GP,fpr2,Tool wear,7,0,7,0.0
3,Single WGAN-GP,fpr2,No mechanism recorded,2,0,2,0.0
4,ADASYN,t0.5,Heat dissipation,17,17,0,1.0
4,ADASYN,t0.5,Power,14,13,1,0.9285714285714286
4,ADASYN,t0.5,Overstrain,12,11,1,0.9166666666666666
4,ADASYN,t0.5,Tool wear,7,2,5,0.2857142857142857
4,ADASYN,t0.5,No mechanism recorded,2,0,2,0.0
4,ADASYN,F1opt,Heat dissipation,17,14,3,0.8235294117647058
4,ADASYN,F1opt,Power,14,10,4,0.7142857142857143
4,ADASYN,F1opt,Overstrain,12,11,1,0.9166666666666666
4,ADASYN,F1opt,Tool wear,7,1,6,0.14285714285714285
4,ADASYN,F1opt,No mechanism recorded,2,0,2,0.0
4,ADASYN,rec80,Heat dissipation,17,17,0,1.0
4,ADASYN,rec80,Power,14,13,1,0.9285714285714286
4,ADASYN,rec80,Overstrain,12,11,1,0.9166666666666666
4,ADASYN,rec80,Tool wear,7,3,4,0.42857142857142855
4,ADASYN,rec80,No mechanism recorded,2,0,2,0.0
4,ADASYN,rec90,Heat dissipation,17,17,0,1.0
4,ADASYN,rec90,Power,14,14,0,1.0
4,ADASYN,rec90,Overstrain,12,11,1,0.9166666666666666
4,ADASYN,rec90,Tool wear,7,5,2,0.7142857142857143
4,ADASYN,rec90,No mechanism recorded,2,0,2,0.0
4,ADASYN,fpr1,Heat dissipation,17,14,3,0.8235294117647058
4,ADASYN,fpr1,Power,14,10,4,0.7142857142857143
4,ADASYN,fpr1,Overstrain,12,11,1,0.9166666666666666
4,ADASYN,fpr1,Tool wear,7,1,6,0.14285714285714285
4,ADASYN,fpr1,No mechanism recorded,2,0,2,0.0
4,ADASYN,fpr2,Heat dissipation,17,15,2,0.8823529411764706
4,ADASYN,fpr2,Power,14,13,1,0.9285714285714286
4,ADASYN,fpr2,Overstrain,12,11,1,0.9166666666666666
4,ADASYN,fpr2,Tool wear,7,2,5,0.2857142857142857
4,ADASYN,fpr2,No mechanism recorded,2,0,2,0.0
4,Baseline,t0.5,Heat dissipation,17,16,1,0.9411764705882353
4,Baseline,t0.5,Power,14,9,5,0.6428571428571429
4,Baseline,t0.5,Overstrain,12,7,5,0.5833333333333334
4,Baseline,t0.5,Tool wear,7,0,7,0.0
4,Baseline,t0.5,No mechanism recorded,2,0,2,0.0
4,Baseline,F1opt,Heat dissipation,17,17,0,1.0
4,Baseline,F1opt,Power,14,12,2,0.8571428571428571
4,Baseline,F1opt,Overstrain,12,9,3,0.75
4,Baseline,F1opt,Tool wear,7,2,5,0.2857142857142857
4,Baseline,F1opt,No mechanism recorded,2,0,2,0.0
4,Baseline,rec80,Heat dissipation,17,17,0,1.0
4,Baseline,rec80,Power,14,14,0,1.0
4,Baseline,rec80,Overstrain,12,11,1,0.9166666666666666
4,Baseline,rec80,Tool wear,7,2,5,0.2857142857142857
4,Baseline,rec80,No mechanism recorded,2,0,2,0.0
4,Baseline,rec90,Heat dissipation,17,17,0,1.0
4,Baseline,rec90,Power,14,14,0,1.0
4,Baseline,rec90,Overstrain,12,12,0,1.0
4,Baseline,rec90,Tool wear,7,5,2,0.7142857142857143
4,Baseline,rec90,No mechanism recorded,2,0,2,0.0
4,Baseline,fpr1,Heat dissipation,17,17,0,1.0
4,Baseline,fpr1,Power,14,13,1,0.9285714285714286
4,Baseline,fpr1,Overstrain,12,11,1,0.9166666666666666
4,Baseline,fpr1,Tool wear,7,2,5,0.2857142857142857
4,Baseline,fpr1,No mechanism recorded,2,0,2,0.0
4,Baseline,fpr2,Heat dissipation,17,17,0,1.0
4,Baseline,fpr2,Power,14,14,0,1.0
4,Baseline,fpr2,Overstrain,12,11,1,0.9166666666666666
4,Baseline,fpr2,Tool wear,7,2,5,0.2857142857142857
4,Baseline,fpr2,No mechanism recorded,2,0,2,0.0
4,Borderline-SMOTE,t0.5,Heat dissipation,17,15,2,0.8823529411764706
4,Borderline-SMOTE,t0.5,Power,14,12,2,0.8571428571428571
4,Borderline-SMOTE,t0.5,Overstrain,12,11,1,0.9166666666666666
4,Borderline-SMOTE,t0.5,Tool wear,7,0,7,0.0
4,Borderline-SMOTE,t0.5,No mechanism recorded,2,0,2,0.0
4,Borderline-SMOTE,F1opt,Heat dissipation,17,14,3,0.8235294117647058
4,Borderline-SMOTE,F1opt,Power,14,12,2,0.8571428571428571
4,Borderline-SMOTE,F1opt,Overstrain,12,11,1,0.9166666666666666
4,Borderline-SMOTE,F1opt,Tool wear,7,0,7,0.0
4,Borderline-SMOTE,F1opt,No mechanism recorded,2,0,2,0.0
4,Borderline-SMOTE,rec80,Heat dissipation,17,17,0,1.0
4,Borderline-SMOTE,rec80,Power,14,14,0,1.0
4,Borderline-SMOTE,rec80,Overstrain,12,11,1,0.9166666666666666
4,Borderline-SMOTE,rec80,Tool wear,7,2,5,0.2857142857142857
4,Borderline-SMOTE,rec80,No mechanism recorded,2,0,2,0.0
4,Borderline-SMOTE,rec90,Heat dissipation,17,17,0,1.0
4,Borderline-SMOTE,rec90,Power,14,14,0,1.0
4,Borderline-SMOTE,rec90,Overstrain,12,12,0,1.0
4,Borderline-SMOTE,rec90,Tool wear,7,5,2,0.7142857142857143
4,Borderline-SMOTE,rec90,No mechanism recorded,2,0,2,0.0
4,Borderline-SMOTE,fpr1,Heat dissipation,17,15,2,0.8823529411764706
4,Borderline-SMOTE,fpr1,Power,14,12,2,0.8571428571428571
4,Borderline-SMOTE,fpr1,Overstrain,12,11,1,0.9166666666666666
4,Borderline-SMOTE,fpr1,Tool wear,7,1,6,0.14285714285714285
4,Borderline-SMOTE,fpr1,No mechanism recorded,2,0,2,0.0
4,Borderline-SMOTE,fpr2,Heat dissipation,17,17,0,1.0
4,Borderline-SMOTE,fpr2,Power,14,14,0,1.0
4,Borderline-SMOTE,fpr2,Overstrain,12,11,1,0.9166666666666666
4,Borderline-SMOTE,fpr2,Tool wear,7,2,5,0.2857142857142857
4,Borderline-SMOTE,fpr2,No mechanism recorded,2,0,2,0.0
4,Multi WGAN-GP,t0.5,Heat dissipation,17,17,0,1.0
4,Multi WGAN-GP,t0.5,Power,14,14,0,1.0
4,Multi WGAN-GP,t0.5,Overstrain,12,12,0,1.0
4,Multi WGAN-GP,t0.5,Tool wear,7,4,3,0.5714285714285714
4,Multi WGAN-GP,t0.5,No mechanism recorded,2,0,2,0.0
4,Multi WGAN-GP,F1opt,Heat dissipation,17,14,3,0.8235294117647058
4,Multi WGAN-GP,F1opt,Power,14,11,3,0.7857142857142857
4,Multi WGAN-GP,F1opt,Overstrain,12,11,1,0.9166666666666666
4,Multi WGAN-GP,F1opt,Tool wear,7,2,5,0.2857142857142857
4,Multi WGAN-GP,F1opt,No mechanism recorded,2,0,2,0.0
4,Multi WGAN-GP,rec80,Heat dissipation,17,17,0,1.0
4,Multi WGAN-GP,rec80,Power,14,13,1,0.9285714285714286
4,Multi WGAN-GP,rec80,Overstrain,12,11,1,0.9166666666666666
4,Multi WGAN-GP,rec80,Tool wear,7,2,5,0.2857142857142857
4,Multi WGAN-GP,rec80,No mechanism recorded,2,0,2,0.0
4,Multi WGAN-GP,rec90,Heat dissipation,17,17,0,1.0
4,Multi WGAN-GP,rec90,Power,14,14,0,1.0
4,Multi WGAN-GP,rec90,Overstrain,12,12,0,1.0
4,Multi WGAN-GP,rec90,Tool wear,7,5,2,0.7142857142857143
4,Multi WGAN-GP,rec90,No mechanism recorded,2,0,2,0.0
4,Multi WGAN-GP,fpr1,Heat dissipation,17,15,2,0.8823529411764706
4,Multi WGAN-GP,fpr1,Power,14,11,3,0.7857142857142857
4,Multi WGAN-GP,fpr1,Overstrain,12,11,1,0.9166666666666666
4,Multi WGAN-GP,fpr1,Tool wear,7,2,5,0.2857142857142857
4,Multi WGAN-GP,fpr1,No mechanism recorded,2,0,2,0.0
4,Multi WGAN-GP,fpr2,Heat dissipation,17,17,0,1.0
4,Multi WGAN-GP,fpr2,Power,14,14,0,1.0
4,Multi WGAN-GP,fpr2,Overstrain,12,11,1,0.9166666666666666
4,Multi WGAN-GP,fpr2,Tool wear,7,2,5,0.2857142857142857
4,Multi WGAN-GP,fpr2,No mechanism recorded,2,0,2,0.0
4,RUS,t0.5,Heat dissipation,17,17,0,1.0
4,RUS,t0.5,Power,14,14,0,1.0
4,RUS,t0.5,Overstrain,12,12,0,1.0
4,RUS,t0.5,Tool wear,7,6,1,0.8571428571428571
4,RUS,t0.5,No mechanism recorded,2,0,2,0.0
4,RUS,F1opt,Heat dissipation,17,12,5,0.7058823529411765
4,RUS,F1opt,Power,14,8,6,0.5714285714285714
4,RUS,F1opt,Overstrain,12,8,4,0.6666666666666666
4,RUS,F1opt,Tool wear,7,0,7,0.0
4,RUS,F1opt,No mechanism recorded,2,0,2,0.0
4,RUS,rec80,Heat dissipation,17,17,0,1.0
4,RUS,rec80,Power,14,13,1,0.9285714285714286
4,RUS,rec80,Overstrain,12,10,2,0.8333333333333334
4,RUS,rec80,Tool wear,7,4,3,0.5714285714285714
4,RUS,rec80,No mechanism recorded,2,0,2,0.0
4,RUS,rec90,Heat dissipation,17,17,0,1.0
4,RUS,rec90,Power,14,14,0,1.0
4,RUS,rec90,Overstrain,12,12,0,1.0
4,RUS,rec90,Tool wear,7,4,3,0.5714285714285714
4,RUS,rec90,No mechanism recorded,2,0,2,0.0
4,RUS,fpr1,Heat dissipation,17,12,5,0.7058823529411765
4,RUS,fpr1,Power,14,8,6,0.5714285714285714
4,RUS,fpr1,Overstrain,12,8,4,0.6666666666666666
4,RUS,fpr1,Tool wear,7,0,7,0.0
4,RUS,fpr1,No mechanism recorded,2,0,2,0.0
4,RUS,fpr2,Heat dissipation,17,17,0,1.0
4,RUS,fpr2,Power,14,10,4,0.7142857142857143
4,RUS,fpr2,Overstrain,12,8,4,0.6666666666666666
4,RUS,fpr2,Tool wear,7,3,4,0.42857142857142855
4,RUS,fpr2,No mechanism recorded,2,0,2,0.0
4,SMOTE,t0.5,Heat dissipation,17,15,2,0.8823529411764706
4,SMOTE,t0.5,Power,14,13,1,0.9285714285714286
4,SMOTE,t0.5,Overstrain,12,11,1,0.9166666666666666
4,SMOTE,t0.5,Tool wear,7,2,5,0.2857142857142857
4,SMOTE,t0.5,No mechanism recorded,2,0,2,0.0
4,SMOTE,F1opt,Heat dissipation,17,15,2,0.8823529411764706
4,SMOTE,F1opt,Power,14,11,3,0.7857142857142857
4,SMOTE,F1opt,Overstrain,12,11,1,0.9166666666666666
4,SMOTE,F1opt,Tool wear,7,1,6,0.14285714285714285
4,SMOTE,F1opt,No mechanism recorded,2,0,2,0.0
4,SMOTE,rec80,Heat dissipation,17,15,2,0.8823529411764706
4,SMOTE,rec80,Power,14,13,1,0.9285714285714286
4,SMOTE,rec80,Overstrain,12,11,1,0.9166666666666666
4,SMOTE,rec80,Tool wear,7,2,5,0.2857142857142857
4,SMOTE,rec80,No mechanism recorded,2,0,2,0.0
4,SMOTE,rec90,Heat dissipation,17,17,0,1.0
4,SMOTE,rec90,Power,14,14,0,1.0
4,SMOTE,rec90,Overstrain,12,11,1,0.9166666666666666
4,SMOTE,rec90,Tool wear,7,5,2,0.7142857142857143
4,SMOTE,rec90,No mechanism recorded,2,0,2,0.0
4,SMOTE,fpr1,Heat dissipation,17,15,2,0.8823529411764706
4,SMOTE,fpr1,Power,14,11,3,0.7857142857142857
4,SMOTE,fpr1,Overstrain,12,11,1,0.9166666666666666
4,SMOTE,fpr1,Tool wear,7,1,6,0.14285714285714285
4,SMOTE,fpr1,No mechanism recorded,2,0,2,0.0
4,SMOTE,fpr2,Heat dissipation,17,15,2,0.8823529411764706
4,SMOTE,fpr2,Power,14,12,2,0.8571428571428571
4,SMOTE,fpr2,Overstrain,12,11,1,0.9166666666666666
4,SMOTE,fpr2,Tool wear,7,1,6,0.14285714285714285
4,SMOTE,fpr2,No mechanism recorded,2,0,2,0.0
4,SMOTENC,t0.5,Heat dissipation,17,15,2,0.8823529411764706
4,SMOTENC,t0.5,Power,14,13,1,0.9285714285714286
4,SMOTENC,t0.5,Overstrain,12,11,1,0.9166666666666666
4,SMOTENC,t0.5,Tool wear,7,1,6,0.14285714285714285
4,SMOTENC,t0.5,No mechanism recorded,2,0,2,0.0
4,SMOTENC,F1opt,Heat dissipation,17,12,5,0.7058823529411765
4,SMOTENC,F1opt,Power,14,11,3,0.7857142857142857
4,SMOTENC,F1opt,Overstrain,12,10,2,0.8333333333333334
4,SMOTENC,F1opt,Tool wear,7,0,7,0.0
4,SMOTENC,F1opt,No mechanism recorded,2,0,2,0.0
4,SMOTENC,rec80,Heat dissipation,17,15,2,0.8823529411764706
4,SMOTENC,rec80,Power,14,12,2,0.8571428571428571
4,SMOTENC,rec80,Overstrain,12,11,1,0.9166666666666666
4,SMOTENC,rec80,Tool wear,7,1,6,0.14285714285714285
4,SMOTENC,rec80,No mechanism recorded,2,0,2,0.0
4,SMOTENC,rec90,Heat dissipation,17,17,0,1.0
4,SMOTENC,rec90,Power,14,14,0,1.0
4,SMOTENC,rec90,Overstrain,12,11,1,0.9166666666666666
4,SMOTENC,rec90,Tool wear,7,5,2,0.7142857142857143
4,SMOTENC,rec90,No mechanism recorded,2,0,2,0.0
4,SMOTENC,fpr1,Heat dissipation,17,15,2,0.8823529411764706
4,SMOTENC,fpr1,Power,14,11,3,0.7857142857142857
4,SMOTENC,fpr1,Overstrain,12,11,1,0.9166666666666666
4,SMOTENC,fpr1,Tool wear,7,0,7,0.0
4,SMOTENC,fpr1,No mechanism recorded,2,0,2,0.0
4,SMOTENC,fpr2,Heat dissipation,17,15,2,0.8823529411764706
4,SMOTENC,fpr2,Power,14,12,2,0.8571428571428571
4,SMOTENC,fpr2,Overstrain,12,11,1,0.9166666666666666
4,SMOTENC,fpr2,Tool wear,7,0,7,0.0
4,SMOTENC,fpr2,No mechanism recorded,2,0,2,0.0
4,Single WGAN-GP,t0.5,Heat dissipation,17,17,0,1.0
4,Single WGAN-GP,t0.5,Power,14,14,0,1.0
4,Single WGAN-GP,t0.5,Overstrain,12,12,0,1.0
4,Single WGAN-GP,t0.5,Tool wear,7,3,4,0.42857142857142855
4,Single WGAN-GP,t0.5,No mechanism recorded,2,0,2,0.0
4,Single WGAN-GP,F1opt,Heat dissipation,17,15,2,0.8823529411764706
4,Single WGAN-GP,F1opt,Power,14,12,2,0.8571428571428571
4,Single WGAN-GP,F1opt,Overstrain,12,10,2,0.8333333333333334
4,Single WGAN-GP,F1opt,Tool wear,7,1,6,0.14285714285714285
4,Single WGAN-GP,F1opt,No mechanism recorded,2,0,2,0.0
4,Single WGAN-GP,rec80,Heat dissipation,17,17,0,1.0
4,Single WGAN-GP,rec80,Power,14,14,0,1.0
4,Single WGAN-GP,rec80,Overstrain,12,12,0,1.0
4,Single WGAN-GP,rec80,Tool wear,7,2,5,0.2857142857142857
4,Single WGAN-GP,rec80,No mechanism recorded,2,0,2,0.0
4,Single WGAN-GP,rec90,Heat dissipation,17,17,0,1.0
4,Single WGAN-GP,rec90,Power,14,14,0,1.0
4,Single WGAN-GP,rec90,Overstrain,12,12,0,1.0
4,Single WGAN-GP,rec90,Tool wear,7,3,4,0.42857142857142855
4,Single WGAN-GP,rec90,No mechanism recorded,2,0,2,0.0
4,Single WGAN-GP,fpr1,Heat dissipation,17,15,2,0.8823529411764706
4,Single WGAN-GP,fpr1,Power,14,8,6,0.5714285714285714
4,Single WGAN-GP,fpr1,Overstrain,12,7,5,0.5833333333333334
4,Single WGAN-GP,fpr1,Tool wear,7,1,6,0.14285714285714285
4,Single WGAN-GP,fpr1,No mechanism recorded,2,0,2,0.0
4,Single WGAN-GP,fpr2,Heat dissipation,17,16,1,0.9411764705882353
4,Single WGAN-GP,fpr2,Power,14,14,0,1.0
4,Single WGAN-GP,fpr2,Overstrain,12,12,0,1.0
4,Single WGAN-GP,fpr2,Tool wear,7,1,6,0.14285714285714285
4,Single WGAN-GP,fpr2,No mechanism recorded,2,0,2,0.0
5,ADASYN,t0.5,Heat dissipation,17,17,0,1.0
5,ADASYN,t0.5,Power,14,12,2,0.8571428571428571
5,ADASYN,t0.5,Overstrain,12,10,2,0.8333333333333334
5,ADASYN,t0.5,Tool wear,7,0,7,0.0
5,ADASYN,t0.5,No mechanism recorded,2,0,2,0.0
5,ADASYN,F1opt,Heat dissipation,17,17,0,1.0
5,ADASYN,F1opt,Power,14,12,2,0.8571428571428571
5,ADASYN,F1opt,Overstrain,12,8,4,0.6666666666666666
5,ADASYN,F1opt,Tool wear,7,0,7,0.0
5,ADASYN,F1opt,No mechanism recorded,2,0,2,0.0
5,ADASYN,rec80,Heat dissipation,17,17,0,1.0
5,ADASYN,rec80,Power,14,12,2,0.8571428571428571
5,ADASYN,rec80,Overstrain,12,8,4,0.6666666666666666
5,ADASYN,rec80,Tool wear,7,0,7,0.0
5,ADASYN,rec80,No mechanism recorded,2,0,2,0.0
5,ADASYN,rec90,Heat dissipation,17,17,0,1.0
5,ADASYN,rec90,Power,14,12,2,0.8571428571428571
5,ADASYN,rec90,Overstrain,12,12,0,1.0
5,ADASYN,rec90,Tool wear,7,3,4,0.42857142857142855
5,ADASYN,rec90,No mechanism recorded,2,0,2,0.0
5,ADASYN,fpr1,Heat dissipation,17,15,2,0.8823529411764706
5,ADASYN,fpr1,Power,14,8,6,0.5714285714285714
5,ADASYN,fpr1,Overstrain,12,8,4,0.6666666666666666
5,ADASYN,fpr1,Tool wear,7,0,7,0.0
5,ADASYN,fpr1,No mechanism recorded,2,0,2,0.0
5,ADASYN,fpr2,Heat dissipation,17,17,0,1.0
5,ADASYN,fpr2,Power,14,12,2,0.8571428571428571
5,ADASYN,fpr2,Overstrain,12,9,3,0.75
5,ADASYN,fpr2,Tool wear,7,0,7,0.0
5,ADASYN,fpr2,No mechanism recorded,2,0,2,0.0
5,Baseline,t0.5,Heat dissipation,17,17,0,1.0
5,Baseline,t0.5,Power,14,11,3,0.7857142857142857
5,Baseline,t0.5,Overstrain,12,8,4,0.6666666666666666
5,Baseline,t0.5,Tool wear,7,0,7,0.0
5,Baseline,t0.5,No mechanism recorded,2,0,2,0.0
5,Baseline,F1opt,Heat dissipation,17,17,0,1.0
5,Baseline,F1opt,Power,14,12,2,0.8571428571428571
5,Baseline,F1opt,Overstrain,12,9,3,0.75
5,Baseline,F1opt,Tool wear,7,0,7,0.0
5,Baseline,F1opt,No mechanism recorded,2,0,2,0.0
5,Baseline,rec80,Heat dissipation,17,17,0,1.0
5,Baseline,rec80,Power,14,12,2,0.8571428571428571
5,Baseline,rec80,Overstrain,12,9,3,0.75
5,Baseline,rec80,Tool wear,7,0,7,0.0
5,Baseline,rec80,No mechanism recorded,2,0,2,0.0
5,Baseline,rec90,Heat dissipation,17,17,0,1.0
5,Baseline,rec90,Power,14,14,0,1.0
5,Baseline,rec90,Overstrain,12,12,0,1.0
5,Baseline,rec90,Tool wear,7,3,4,0.42857142857142855
5,Baseline,rec90,No mechanism recorded,2,0,2,0.0
5,Baseline,fpr1,Heat dissipation,17,17,0,1.0
5,Baseline,fpr1,Power,14,12,2,0.8571428571428571
5,Baseline,fpr1,Overstrain,12,9,3,0.75
5,Baseline,fpr1,Tool wear,7,0,7,0.0
5,Baseline,fpr1,No mechanism recorded,2,0,2,0.0
5,Baseline,fpr2,Heat dissipation,17,17,0,1.0
5,Baseline,fpr2,Power,14,12,2,0.8571428571428571
5,Baseline,fpr2,Overstrain,12,9,3,0.75
5,Baseline,fpr2,Tool wear,7,0,7,0.0
5,Baseline,fpr2,No mechanism recorded,2,0,2,0.0
5,Borderline-SMOTE,t0.5,Heat dissipation,17,17,0,1.0
5,Borderline-SMOTE,t0.5,Power,14,12,2,0.8571428571428571
5,Borderline-SMOTE,t0.5,Overstrain,12,9,3,0.75
5,Borderline-SMOTE,t0.5,Tool wear,7,0,7,0.0
5,Borderline-SMOTE,t0.5,No mechanism recorded,2,0,2,0.0
5,Borderline-SMOTE,F1opt,Heat dissipation,17,17,0,1.0
5,Borderline-SMOTE,F1opt,Power,14,12,2,0.8571428571428571
5,Borderline-SMOTE,F1opt,Overstrain,12,9,3,0.75
5,Borderline-SMOTE,F1opt,Tool wear,7,0,7,0.0
5,Borderline-SMOTE,F1opt,No mechanism recorded,2,0,2,0.0
5,Borderline-SMOTE,rec80,Heat dissipation,17,17,0,1.0
5,Borderline-SMOTE,rec80,Power,14,12,2,0.8571428571428571
5,Borderline-SMOTE,rec80,Overstrain,12,9,3,0.75
5,Borderline-SMOTE,rec80,Tool wear,7,0,7,0.0
5,Borderline-SMOTE,rec80,No mechanism recorded,2,0,2,0.0
5,Borderline-SMOTE,rec90,Heat dissipation,17,17,0,1.0
5,Borderline-SMOTE,rec90,Power,14,13,1,0.9285714285714286
5,Borderline-SMOTE,rec90,Overstrain,12,12,0,1.0
5,Borderline-SMOTE,rec90,Tool wear,7,4,3,0.5714285714285714
5,Borderline-SMOTE,rec90,No mechanism recorded,2,0,2,0.0
5,Borderline-SMOTE,fpr1,Heat dissipation,17,17,0,1.0
5,Borderline-SMOTE,fpr1,Power,14,12,2,0.8571428571428571
5,Borderline-SMOTE,fpr1,Overstrain,12,9,3,0.75
5,Borderline-SMOTE,fpr1,Tool wear,7,0,7,0.0
5,Borderline-SMOTE,fpr1,No mechanism recorded,2,0,2,0.0
5,Borderline-SMOTE,fpr2,Heat dissipation,17,17,0,1.0
5,Borderline-SMOTE,fpr2,Power,14,12,2,0.8571428571428571
5,Borderline-SMOTE,fpr2,Overstrain,12,9,3,0.75
5,Borderline-SMOTE,fpr2,Tool wear,7,0,7,0.0
5,Borderline-SMOTE,fpr2,No mechanism recorded,2,0,2,0.0
5,Multi WGAN-GP,t0.5,Heat dissipation,17,17,0,1.0
5,Multi WGAN-GP,t0.5,Power,14,13,1,0.9285714285714286
5,Multi WGAN-GP,t0.5,Overstrain,12,12,0,1.0
5,Multi WGAN-GP,t0.5,Tool wear,7,2,5,0.2857142857142857
5,Multi WGAN-GP,t0.5,No mechanism recorded,2,0,2,0.0
5,Multi WGAN-GP,F1opt,Heat dissipation,17,16,1,0.9411764705882353
5,Multi WGAN-GP,F1opt,Power,14,10,4,0.7142857142857143
5,Multi WGAN-GP,F1opt,Overstrain,12,10,2,0.8333333333333334
5,Multi WGAN-GP,F1opt,Tool wear,7,0,7,0.0
5,Multi WGAN-GP,F1opt,No mechanism recorded,2,0,2,0.0
5,Multi WGAN-GP,rec80,Heat dissipation,17,17,0,1.0
5,Multi WGAN-GP,rec80,Power,14,12,2,0.8571428571428571
5,Multi WGAN-GP,rec80,Overstrain,12,12,0,1.0
5,Multi WGAN-GP,rec80,Tool wear,7,0,7,0.0
5,Multi WGAN-GP,rec80,No mechanism recorded,2,0,2,0.0
5,Multi WGAN-GP,rec90,Heat dissipation,17,17,0,1.0
5,Multi WGAN-GP,rec90,Power,14,13,1,0.9285714285714286
5,Multi WGAN-GP,rec90,Overstrain,12,12,0,1.0
5,Multi WGAN-GP,rec90,Tool wear,7,1,6,0.14285714285714285
5,Multi WGAN-GP,rec90,No mechanism recorded,2,0,2,0.0
5,Multi WGAN-GP,fpr1,Heat dissipation,17,16,1,0.9411764705882353
5,Multi WGAN-GP,fpr1,Power,14,10,4,0.7142857142857143
5,Multi WGAN-GP,fpr1,Overstrain,12,10,2,0.8333333333333334
5,Multi WGAN-GP,fpr1,Tool wear,7,0,7,0.0
5,Multi WGAN-GP,fpr1,No mechanism recorded,2,0,2,0.0
5,Multi WGAN-GP,fpr2,Heat dissipation,17,16,1,0.9411764705882353
5,Multi WGAN-GP,fpr2,Power,14,12,2,0.8571428571428571
5,Multi WGAN-GP,fpr2,Overstrain,12,12,0,1.0
5,Multi WGAN-GP,fpr2,Tool wear,7,0,7,0.0
5,Multi WGAN-GP,fpr2,No mechanism recorded,2,0,2,0.0
5,RUS,t0.5,Heat dissipation,17,17,0,1.0
5,RUS,t0.5,Power,14,14,0,1.0
5,RUS,t0.5,Overstrain,12,12,0,1.0
5,RUS,t0.5,Tool wear,7,6,1,0.8571428571428571
5,RUS,t0.5,No mechanism recorded,2,0,2,0.0
5,RUS,F1opt,Heat dissipation,17,17,0,1.0
5,RUS,F1opt,Power,14,9,5,0.6428571428571429
5,RUS,F1opt,Overstrain,12,8,4,0.6666666666666666
5,RUS,F1opt,Tool wear,7,0,7,0.0
5,RUS,F1opt,No mechanism recorded,2,0,2,0.0
5,RUS,rec80,Heat dissipation,17,17,0,1.0
5,RUS,rec80,Power,14,10,4,0.7142857142857143
5,RUS,rec80,Overstrain,12,10,2,0.8333333333333334
5,RUS,rec80,Tool wear,7,0,7,0.0
5,RUS,rec80,No mechanism recorded,2,0,2,0.0
5,RUS,rec90,Heat dissipation,17,17,0,1.0
5,RUS,rec90,Power,14,12,2,0.8571428571428571
5,RUS,rec90,Overstrain,12,12,0,1.0
5,RUS,rec90,Tool wear,7,2,5,0.2857142857142857
5,RUS,rec90,No mechanism recorded,2,0,2,0.0
5,RUS,fpr1,Heat dissipation,17,17,0,1.0
5,RUS,fpr1,Power,14,5,9,0.35714285714285715
5,RUS,fpr1,Overstrain,12,7,5,0.5833333333333334
5,RUS,fpr1,Tool wear,7,0,7,0.0
5,RUS,fpr1,No mechanism recorded,2,0,2,0.0
5,RUS,fpr2,Heat dissipation,17,17,0,1.0
5,RUS,fpr2,Power,14,9,5,0.6428571428571429
5,RUS,fpr2,Overstrain,12,8,4,0.6666666666666666
5,RUS,fpr2,Tool wear,7,0,7,0.0
5,RUS,fpr2,No mechanism recorded,2,0,2,0.0
5,SMOTE,t0.5,Heat dissipation,17,17,0,1.0
5,SMOTE,t0.5,Power,14,12,2,0.8571428571428571
5,SMOTE,t0.5,Overstrain,12,9,3,0.75
5,SMOTE,t0.5,Tool wear,7,0,7,0.0
5,SMOTE,t0.5,No mechanism recorded,2,0,2,0.0
5,SMOTE,F1opt,Heat dissipation,17,16,1,0.9411764705882353
5,SMOTE,F1opt,Power,14,12,2,0.8571428571428571
5,SMOTE,F1opt,Overstrain,12,9,3,0.75
5,SMOTE,F1opt,Tool wear,7,0,7,0.0
5,SMOTE,F1opt,No mechanism recorded,2,0,2,0.0
5,SMOTE,rec80,Heat dissipation,17,16,1,0.9411764705882353
5,SMOTE,rec80,Power,14,12,2,0.8571428571428571
5,SMOTE,rec80,Overstrain,12,9,3,0.75
5,SMOTE,rec80,Tool wear,7,0,7,0.0
5,SMOTE,rec80,No mechanism recorded,2,0,2,0.0
5,SMOTE,rec90,Heat dissipation,17,17,0,1.0
5,SMOTE,rec90,Power,14,12,2,0.8571428571428571
5,SMOTE,rec90,Overstrain,12,9,3,0.75
5,SMOTE,rec90,Tool wear,7,0,7,0.0
5,SMOTE,rec90,No mechanism recorded,2,0,2,0.0
5,SMOTE,fpr1,Heat dissipation,17,16,1,0.9411764705882353
5,SMOTE,fpr1,Power,14,12,2,0.8571428571428571
5,SMOTE,fpr1,Overstrain,12,9,3,0.75
5,SMOTE,fpr1,Tool wear,7,0,7,0.0
5,SMOTE,fpr1,No mechanism recorded,2,0,2,0.0
5,SMOTE,fpr2,Heat dissipation,17,16,1,0.9411764705882353
5,SMOTE,fpr2,Power,14,12,2,0.8571428571428571
5,SMOTE,fpr2,Overstrain,12,9,3,0.75
5,SMOTE,fpr2,Tool wear,7,0,7,0.0
5,SMOTE,fpr2,No mechanism recorded,2,0,2,0.0
5,SMOTENC,t0.5,Heat dissipation,17,17,0,1.0
5,SMOTENC,t0.5,Power,14,12,2,0.8571428571428571
5,SMOTENC,t0.5,Overstrain,12,10,2,0.8333333333333334
5,SMOTENC,t0.5,Tool wear,7,0,7,0.0
5,SMOTENC,t0.5,No mechanism recorded,2,0,2,0.0
5,SMOTENC,F1opt,Heat dissipation,17,17,0,1.0
5,SMOTENC,F1opt,Power,14,11,3,0.7857142857142857
5,SMOTENC,F1opt,Overstrain,12,9,3,0.75
5,SMOTENC,F1opt,Tool wear,7,0,7,0.0
5,SMOTENC,F1opt,No mechanism recorded,2,0,2,0.0
5,SMOTENC,rec80,Heat dissipation,17,17,0,1.0
5,SMOTENC,rec80,Power,14,12,2,0.8571428571428571
5,SMOTENC,rec80,Overstrain,12,10,2,0.8333333333333334
5,SMOTENC,rec80,Tool wear,7,0,7,0.0
5,SMOTENC,rec80,No mechanism recorded,2,0,2,0.0
5,SMOTENC,rec90,Heat dissipation,17,17,0,1.0
5,SMOTENC,rec90,Power,14,12,2,0.8571428571428571
5,SMOTENC,rec90,Overstrain,12,12,0,1.0
5,SMOTENC,rec90,Tool wear,7,3,4,0.42857142857142855
5,SMOTENC,rec90,No mechanism recorded,2,0,2,0.0
5,SMOTENC,fpr1,Heat dissipation,17,17,0,1.0
5,SMOTENC,fpr1,Power,14,11,3,0.7857142857142857
5,SMOTENC,fpr1,Overstrain,12,9,3,0.75
5,SMOTENC,fpr1,Tool wear,7,0,7,0.0
5,SMOTENC,fpr1,No mechanism recorded,2,0,2,0.0
5,SMOTENC,fpr2,Heat dissipation,17,17,0,1.0
5,SMOTENC,fpr2,Power,14,12,2,0.8571428571428571
5,SMOTENC,fpr2,Overstrain,12,10,2,0.8333333333333334
5,SMOTENC,fpr2,Tool wear,7,0,7,0.0
5,SMOTENC,fpr2,No mechanism recorded,2,0,2,0.0
5,Single WGAN-GP,t0.5,Heat dissipation,17,17,0,1.0
5,Single WGAN-GP,t0.5,Power,14,12,2,0.8571428571428571
5,Single WGAN-GP,t0.5,Overstrain,12,12,0,1.0
5,Single WGAN-GP,t0.5,Tool wear,7,1,6,0.14285714285714285
5,Single WGAN-GP,t0.5,No mechanism recorded,2,0,2,0.0
5,Single WGAN-GP,F1opt,Heat dissipation,17,17,0,1.0
5,Single WGAN-GP,F1opt,Power,14,9,5,0.6428571428571429
5,Single WGAN-GP,F1opt,Overstrain,12,9,3,0.75
5,Single WGAN-GP,F1opt,Tool wear,7,0,7,0.0
5,Single WGAN-GP,F1opt,No mechanism recorded,2,0,2,0.0
5,Single WGAN-GP,rec80,Heat dissipation,17,17,0,1.0
5,Single WGAN-GP,rec80,Power,14,9,5,0.6428571428571429
5,Single WGAN-GP,rec80,Overstrain,12,11,1,0.9166666666666666
5,Single WGAN-GP,rec80,Tool wear,7,0,7,0.0
5,Single WGAN-GP,rec80,No mechanism recorded,2,0,2,0.0
5,Single WGAN-GP,rec90,Heat dissipation,17,17,0,1.0
5,Single WGAN-GP,rec90,Power,14,13,1,0.9285714285714286
5,Single WGAN-GP,rec90,Overstrain,12,12,0,1.0
5,Single WGAN-GP,rec90,Tool wear,7,2,5,0.2857142857142857
5,Single WGAN-GP,rec90,No mechanism recorded,2,0,2,0.0
5,Single WGAN-GP,fpr1,Heat dissipation,17,16,1,0.9411764705882353
5,Single WGAN-GP,fpr1,Power,14,8,6,0.5714285714285714
5,Single WGAN-GP,fpr1,Overstrain,12,5,7,0.4166666666666667
5,Single WGAN-GP,fpr1,Tool wear,7,0,7,0.0
5,Single WGAN-GP,fpr1,No mechanism recorded,2,0,2,0.0
5,Single WGAN-GP,fpr2,Heat dissipation,17,17,0,1.0
5,Single WGAN-GP,fpr2,Power,14,9,5,0.6428571428571429
5,Single WGAN-GP,fpr2,Overstrain,12,10,2,0.8333333333333334
5,Single WGAN-GP,fpr2,Tool wear,7,0,7,0.0
5,Single WGAN-GP,fpr2,No mechanism recorded,2,0,2,0.0
6,ADASYN,t0.5,Heat dissipation,17,17,0,1.0
6,ADASYN,t0.5,Power,14,13,1,0.9285714285714286
6,ADASYN,t0.5,Overstrain,11,10,1,0.9090909090909091
6,ADASYN,t0.5,Tool wear,7,2,5,0.2857142857142857
6,ADASYN,t0.5,No mechanism recorded,2,0,2,0.0
6,ADASYN,F1opt,Heat dissipation,17,14,3,0.8235294117647058
6,ADASYN,F1opt,Power,14,11,3,0.7857142857142857
6,ADASYN,F1opt,Overstrain,11,9,2,0.8181818181818182
6,ADASYN,F1opt,Tool wear,7,1,6,0.14285714285714285
6,ADASYN,F1opt,No mechanism recorded,2,0,2,0.0
6,ADASYN,rec80,Heat dissipation,17,16,1,0.9411764705882353
6,ADASYN,rec80,Power,14,13,1,0.9285714285714286
6,ADASYN,rec80,Overstrain,11,10,1,0.9090909090909091
6,ADASYN,rec80,Tool wear,7,1,6,0.14285714285714285
6,ADASYN,rec80,No mechanism recorded,2,0,2,0.0
6,ADASYN,rec90,Heat dissipation,17,17,0,1.0
6,ADASYN,rec90,Power,14,14,0,1.0
6,ADASYN,rec90,Overstrain,11,10,1,0.9090909090909091
6,ADASYN,rec90,Tool wear,7,2,5,0.2857142857142857
6,ADASYN,rec90,No mechanism recorded,2,0,2,0.0
6,ADASYN,fpr1,Heat dissipation,17,14,3,0.8235294117647058
6,ADASYN,fpr1,Power,14,11,3,0.7857142857142857
6,ADASYN,fpr1,Overstrain,11,9,2,0.8181818181818182
6,ADASYN,fpr1,Tool wear,7,1,6,0.14285714285714285
6,ADASYN,fpr1,No mechanism recorded,2,0,2,0.0
6,ADASYN,fpr2,Heat dissipation,17,16,1,0.9411764705882353
6,ADASYN,fpr2,Power,14,13,1,0.9285714285714286
6,ADASYN,fpr2,Overstrain,11,10,1,0.9090909090909091
6,ADASYN,fpr2,Tool wear,7,1,6,0.14285714285714285
6,ADASYN,fpr2,No mechanism recorded,2,0,2,0.0
6,Baseline,t0.5,Heat dissipation,17,15,2,0.8823529411764706
6,Baseline,t0.5,Power,14,5,9,0.35714285714285715
6,Baseline,t0.5,Overstrain,11,6,5,0.5454545454545454
6,Baseline,t0.5,Tool wear,7,0,7,0.0
6,Baseline,t0.5,No mechanism recorded,2,0,2,0.0
6,Baseline,F1opt,Heat dissipation,17,16,1,0.9411764705882353
6,Baseline,F1opt,Power,14,11,3,0.7857142857142857
6,Baseline,F1opt,Overstrain,11,8,3,0.7272727272727273
6,Baseline,F1opt,Tool wear,7,0,7,0.0
6,Baseline,F1opt,No mechanism recorded,2,0,2,0.0
6,Baseline,rec80,Heat dissipation,17,17,0,1.0
6,Baseline,rec80,Power,14,13,1,0.9285714285714286
6,Baseline,rec80,Overstrain,11,9,2,0.8181818181818182
6,Baseline,rec80,Tool wear,7,0,7,0.0
6,Baseline,rec80,No mechanism recorded,2,0,2,0.0
6,Baseline,rec90,Heat dissipation,17,17,0,1.0
6,Baseline,rec90,Power,14,14,0,1.0
6,Baseline,rec90,Overstrain,11,11,0,1.0
6,Baseline,rec90,Tool wear,7,2,5,0.2857142857142857
6,Baseline,rec90,No mechanism recorded,2,0,2,0.0
6,Baseline,fpr1,Heat dissipation,17,17,0,1.0
6,Baseline,fpr1,Power,14,13,1,0.9285714285714286
6,Baseline,fpr1,Overstrain,11,9,2,0.8181818181818182
6,Baseline,fpr1,Tool wear,7,0,7,0.0
6,Baseline,fpr1,No mechanism recorded,2,0,2,0.0
6,Baseline,fpr2,Heat dissipation,17,17,0,1.0
6,Baseline,fpr2,Power,14,14,0,1.0
6,Baseline,fpr2,Overstrain,11,9,2,0.8181818181818182
6,Baseline,fpr2,Tool wear,7,0,7,0.0
6,Baseline,fpr2,No mechanism recorded,2,0,2,0.0
6,Borderline-SMOTE,t0.5,Heat dissipation,17,14,3,0.8235294117647058
6,Borderline-SMOTE,t0.5,Power,14,13,1,0.9285714285714286
6,Borderline-SMOTE,t0.5,Overstrain,11,9,2,0.8181818181818182
6,Borderline-SMOTE,t0.5,Tool wear,7,0,7,0.0
6,Borderline-SMOTE,t0.5,No mechanism recorded,2,0,2,0.0
6,Borderline-SMOTE,F1opt,Heat dissipation,17,13,4,0.7647058823529411
6,Borderline-SMOTE,F1opt,Power,14,11,3,0.7857142857142857
6,Borderline-SMOTE,F1opt,Overstrain,11,9,2,0.8181818181818182
6,Borderline-SMOTE,F1opt,Tool wear,7,0,7,0.0
6,Borderline-SMOTE,F1opt,No mechanism recorded,2,0,2,0.0
6,Borderline-SMOTE,rec80,Heat dissipation,17,15,2,0.8823529411764706
6,Borderline-SMOTE,rec80,Power,14,13,1,0.9285714285714286
6,Borderline-SMOTE,rec80,Overstrain,11,9,2,0.8181818181818182
6,Borderline-SMOTE,rec80,Tool wear,7,1,6,0.14285714285714285
6,Borderline-SMOTE,rec80,No mechanism recorded,2,0,2,0.0
6,Borderline-SMOTE,rec90,Heat dissipation,17,17,0,1.0
6,Borderline-SMOTE,rec90,Power,14,14,0,1.0
6,Borderline-SMOTE,rec90,Overstrain,11,11,0,1.0
6,Borderline-SMOTE,rec90,Tool wear,7,4,3,0.5714285714285714
6,Borderline-SMOTE,rec90,No mechanism recorded,2,0,2,0.0
6,Borderline-SMOTE,fpr1,Heat dissipation,17,16,1,0.9411764705882353
6,Borderline-SMOTE,fpr1,Power,14,13,1,0.9285714285714286
6,Borderline-SMOTE,fpr1,Overstrain,11,9,2,0.8181818181818182
6,Borderline-SMOTE,fpr1,Tool wear,7,1,6,0.14285714285714285
6,Borderline-SMOTE,fpr1,No mechanism recorded,2,0,2,0.0
6,Borderline-SMOTE,fpr2,Heat dissipation,17,17,0,1.0
6,Borderline-SMOTE,fpr2,Power,14,14,0,1.0
6,Borderline-SMOTE,fpr2,Overstrain,11,10,1,0.9090909090909091
6,Borderline-SMOTE,fpr2,Tool wear,7,1,6,0.14285714285714285
6,Borderline-SMOTE,fpr2,No mechanism recorded,2,0,2,0.0
6,Multi WGAN-GP,t0.5,Heat dissipation,17,17,0,1.0
6,Multi WGAN-GP,t0.5,Power,14,14,0,1.0
6,Multi WGAN-GP,t0.5,Overstrain,11,11,0,1.0
6,Multi WGAN-GP,t0.5,Tool wear,7,1,6,0.14285714285714285
6,Multi WGAN-GP,t0.5,No mechanism recorded,2,0,2,0.0
6,Multi WGAN-GP,F1opt,Heat dissipation,17,13,4,0.7647058823529411
6,Multi WGAN-GP,F1opt,Power,14,11,3,0.7857142857142857
6,Multi WGAN-GP,F1opt,Overstrain,11,7,4,0.6363636363636364
6,Multi WGAN-GP,F1opt,Tool wear,7,0,7,0.0
6,Multi WGAN-GP,F1opt,No mechanism recorded,2,0,2,0.0
6,Multi WGAN-GP,rec80,Heat dissipation,17,13,4,0.7647058823529411
6,Multi WGAN-GP,rec80,Power,14,12,2,0.8571428571428571
6,Multi WGAN-GP,rec80,Overstrain,11,9,2,0.8181818181818182
6,Multi WGAN-GP,rec80,Tool wear,7,0,7,0.0
6,Multi WGAN-GP,rec80,No mechanism recorded,2,0,2,0.0
6,Multi WGAN-GP,rec90,Heat dissipation,17,17,0,1.0
6,Multi WGAN-GP,rec90,Power,14,14,0,1.0
6,Multi WGAN-GP,rec90,Overstrain,11,11,0,1.0
6,Multi WGAN-GP,rec90,Tool wear,7,1,6,0.14285714285714285
6,Multi WGAN-GP,rec90,No mechanism recorded,2,0,2,0.0
6,Multi WGAN-GP,fpr1,Heat dissipation,17,13,4,0.7647058823529411
6,Multi WGAN-GP,fpr1,Power,14,12,2,0.8571428571428571
6,Multi WGAN-GP,fpr1,Overstrain,11,8,3,0.7272727272727273
6,Multi WGAN-GP,fpr1,Tool wear,7,0,7,0.0
6,Multi WGAN-GP,fpr1,No mechanism recorded,2,0,2,0.0
6,Multi WGAN-GP,fpr2,Heat dissipation,17,16,1,0.9411764705882353
6,Multi WGAN-GP,fpr2,Power,14,12,2,0.8571428571428571
6,Multi WGAN-GP,fpr2,Overstrain,11,9,2,0.8181818181818182
6,Multi WGAN-GP,fpr2,Tool wear,7,0,7,0.0
6,Multi WGAN-GP,fpr2,No mechanism recorded,2,0,2,0.0
6,RUS,t0.5,Heat dissipation,17,17,0,1.0
6,RUS,t0.5,Power,14,14,0,1.0
6,RUS,t0.5,Overstrain,11,11,0,1.0
6,RUS,t0.5,Tool wear,7,3,4,0.42857142857142855
6,RUS,t0.5,No mechanism recorded,2,0,2,0.0
6,RUS,F1opt,Heat dissipation,17,15,2,0.8823529411764706
6,RUS,F1opt,Power,14,6,8,0.42857142857142855
6,RUS,F1opt,Overstrain,11,6,5,0.5454545454545454
6,RUS,F1opt,Tool wear,7,0,7,0.0
6,RUS,F1opt,No mechanism recorded,2,0,2,0.0
6,RUS,rec80,Heat dissipation,17,17,0,1.0
6,RUS,rec80,Power,14,12,2,0.8571428571428571
6,RUS,rec80,Overstrain,11,10,1,0.9090909090909091
6,RUS,rec80,Tool wear,7,2,5,0.2857142857142857
6,RUS,rec80,No mechanism recorded,2,0,2,0.0
6,RUS,rec90,Heat dissipation,17,17,0,1.0
6,RUS,rec90,Power,14,13,1,0.9285714285714286
6,RUS,rec90,Overstrain,11,11,0,1.0
6,RUS,rec90,Tool wear,7,3,4,0.42857142857142855
6,RUS,rec90,No mechanism recorded,2,0,2,0.0
6,RUS,fpr1,Heat dissipation,17,15,2,0.8823529411764706
6,RUS,fpr1,Power,14,7,7,0.5
6,RUS,fpr1,Overstrain,11,6,5,0.5454545454545454
6,RUS,fpr1,Tool wear,7,0,7,0.0
6,RUS,fpr1,No mechanism recorded,2,0,2,0.0
6,RUS,fpr2,Heat dissipation,17,16,1,0.9411764705882353
6,RUS,fpr2,Power,14,11,3,0.7857142857142857
6,RUS,fpr2,Overstrain,11,8,3,0.7272727272727273
6,RUS,fpr2,Tool wear,7,0,7,0.0
6,RUS,fpr2,No mechanism recorded,2,0,2,0.0
6,SMOTE,t0.5,Heat dissipation,17,16,1,0.9411764705882353
6,SMOTE,t0.5,Power,14,14,0,1.0
6,SMOTE,t0.5,Overstrain,11,10,1,0.9090909090909091
6,SMOTE,t0.5,Tool wear,7,1,6,0.14285714285714285
6,SMOTE,t0.5,No mechanism recorded,2,0,2,0.0
6,SMOTE,F1opt,Heat dissipation,17,13,4,0.7647058823529411
6,SMOTE,F1opt,Power,14,10,4,0.7142857142857143
6,SMOTE,F1opt,Overstrain,11,9,2,0.8181818181818182
6,SMOTE,F1opt,Tool wear,7,0,7,0.0
6,SMOTE,F1opt,No mechanism recorded,2,0,2,0.0
6,SMOTE,rec80,Heat dissipation,17,15,2,0.8823529411764706
6,SMOTE,rec80,Power,14,12,2,0.8571428571428571
6,SMOTE,rec80,Overstrain,11,10,1,0.9090909090909091
6,SMOTE,rec80,Tool wear,7,1,6,0.14285714285714285
6,SMOTE,rec80,No mechanism recorded,2,0,2,0.0
6,SMOTE,rec90,Heat dissipation,17,17,0,1.0
6,SMOTE,rec90,Power,14,14,0,1.0
6,SMOTE,rec90,Overstrain,11,10,1,0.9090909090909091
6,SMOTE,rec90,Tool wear,7,2,5,0.2857142857142857
6,SMOTE,rec90,No mechanism recorded,2,0,2,0.0
6,SMOTE,fpr1,Heat dissipation,17,14,3,0.8235294117647058
6,SMOTE,fpr1,Power,14,10,4,0.7142857142857143
6,SMOTE,fpr1,Overstrain,11,9,2,0.8181818181818182
6,SMOTE,fpr1,Tool wear,7,1,6,0.14285714285714285
6,SMOTE,fpr1,No mechanism recorded,2,0,2,0.0
6,SMOTE,fpr2,Heat dissipation,17,15,2,0.8823529411764706
6,SMOTE,fpr2,Power,14,12,2,0.8571428571428571
6,SMOTE,fpr2,Overstrain,11,10,1,0.9090909090909091
6,SMOTE,fpr2,Tool wear,7,1,6,0.14285714285714285
6,SMOTE,fpr2,No mechanism recorded,2,0,2,0.0
6,SMOTENC,t0.5,Heat dissipation,17,16,1,0.9411764705882353
6,SMOTENC,t0.5,Power,14,14,0,1.0
6,SMOTENC,t0.5,Overstrain,11,10,1,0.9090909090909091
6,SMOTENC,t0.5,Tool wear,7,1,6,0.14285714285714285
6,SMOTENC,t0.5,No mechanism recorded,2,0,2,0.0
6,SMOTENC,F1opt,Heat dissipation,17,14,3,0.8235294117647058
6,SMOTENC,F1opt,Power,14,10,4,0.7142857142857143
6,SMOTENC,F1opt,Overstrain,11,9,2,0.8181818181818182
6,SMOTENC,F1opt,Tool wear,7,0,7,0.0
6,SMOTENC,F1opt,No mechanism recorded,2,0,2,0.0
6,SMOTENC,rec80,Heat dissipation,17,14,3,0.8235294117647058
6,SMOTENC,rec80,Power,14,11,3,0.7857142857142857
6,SMOTENC,rec80,Overstrain,11,9,2,0.8181818181818182
6,SMOTENC,rec80,Tool wear,7,1,6,0.14285714285714285
6,SMOTENC,rec80,No mechanism recorded,2,0,2,0.0
6,SMOTENC,rec90,Heat dissipation,17,17,0,1.0
6,SMOTENC,rec90,Power,14,14,0,1.0
6,SMOTENC,rec90,Overstrain,11,10,1,0.9090909090909091
6,SMOTENC,rec90,Tool wear,7,3,4,0.42857142857142855
6,SMOTENC,rec90,No mechanism recorded,2,0,2,0.0
6,SMOTENC,fpr1,Heat dissipation,17,14,3,0.8235294117647058
6,SMOTENC,fpr1,Power,14,10,4,0.7142857142857143
6,SMOTENC,fpr1,Overstrain,11,9,2,0.8181818181818182
6,SMOTENC,fpr1,Tool wear,7,0,7,0.0
6,SMOTENC,fpr1,No mechanism recorded,2,0,2,0.0
6,SMOTENC,fpr2,Heat dissipation,17,14,3,0.8235294117647058
6,SMOTENC,fpr2,Power,14,11,3,0.7857142857142857
6,SMOTENC,fpr2,Overstrain,11,9,2,0.8181818181818182
6,SMOTENC,fpr2,Tool wear,7,1,6,0.14285714285714285
6,SMOTENC,fpr2,No mechanism recorded,2,0,2,0.0
6,Single WGAN-GP,t0.5,Heat dissipation,17,17,0,1.0
6,Single WGAN-GP,t0.5,Power,14,14,0,1.0
6,Single WGAN-GP,t0.5,Overstrain,11,11,0,1.0
6,Single WGAN-GP,t0.5,Tool wear,7,1,6,0.14285714285714285
6,Single WGAN-GP,t0.5,No mechanism recorded,2,0,2,0.0
6,Single WGAN-GP,F1opt,Heat dissipation,17,13,4,0.7647058823529411
6,Single WGAN-GP,F1opt,Power,14,11,3,0.7857142857142857
6,Single WGAN-GP,F1opt,Overstrain,11,7,4,0.6363636363636364
6,Single WGAN-GP,F1opt,Tool wear,7,0,7,0.0
6,Single WGAN-GP,F1opt,No mechanism recorded,2,0,2,0.0
6,Single WGAN-GP,rec80,Heat dissipation,17,14,3,0.8235294117647058
6,Single WGAN-GP,rec80,Power,14,12,2,0.8571428571428571
6,Single WGAN-GP,rec80,Overstrain,11,7,4,0.6363636363636364
6,Single WGAN-GP,rec80,Tool wear,7,0,7,0.0
6,Single WGAN-GP,rec80,No mechanism recorded,2,0,2,0.0
6,Single WGAN-GP,rec90,Heat dissipation,17,17,0,1.0
6,Single WGAN-GP,rec90,Power,14,14,0,1.0
6,Single WGAN-GP,rec90,Overstrain,11,11,0,1.0
6,Single WGAN-GP,rec90,Tool wear,7,1,6,0.14285714285714285
6,Single WGAN-GP,rec90,No mechanism recorded,2,0,2,0.0
6,Single WGAN-GP,fpr1,Heat dissipation,17,13,4,0.7647058823529411
6,Single WGAN-GP,fpr1,Power,14,11,3,0.7857142857142857
6,Single WGAN-GP,fpr1,Overstrain,11,7,4,0.6363636363636364
6,Single WGAN-GP,fpr1,Tool wear,7,0,7,0.0
6,Single WGAN-GP,fpr1,No mechanism recorded,2,0,2,0.0
6,Single WGAN-GP,fpr2,Heat dissipation,17,14,3,0.8235294117647058
6,Single WGAN-GP,fpr2,Power,14,13,1,0.9285714285714286
6,Single WGAN-GP,fpr2,Overstrain,11,9,2,0.8181818181818182
6,Single WGAN-GP,fpr2,Tool wear,7,0,7,0.0
6,Single WGAN-GP,fpr2,No mechanism recorded,2,0,2,0.0
7,ADASYN,t0.5,Heat dissipation,17,17,0,1.0
7,ADASYN,t0.5,Power,14,13,1,0.9285714285714286
7,ADASYN,t0.5,Overstrain,12,12,0,1.0
7,ADASYN,t0.5,Tool wear,7,1,6,0.14285714285714285
7,ADASYN,t0.5,No mechanism recorded,1,0,1,0.0
7,ADASYN,F1opt,Heat dissipation,17,17,0,1.0
7,ADASYN,F1opt,Power,14,12,2,0.8571428571428571
7,ADASYN,F1opt,Overstrain,12,10,2,0.8333333333333334
7,ADASYN,F1opt,Tool wear,7,0,7,0.0
7,ADASYN,F1opt,No mechanism recorded,1,0,1,0.0
7,ADASYN,rec80,Heat dissipation,17,17,0,1.0
7,ADASYN,rec80,Power,14,14,0,1.0
7,ADASYN,rec80,Overstrain,12,12,0,1.0
7,ADASYN,rec80,Tool wear,7,1,6,0.14285714285714285
7,ADASYN,rec80,No mechanism recorded,1,0,1,0.0
7,ADASYN,rec90,Heat dissipation,17,17,0,1.0
7,ADASYN,rec90,Power,14,14,0,1.0
7,ADASYN,rec90,Overstrain,12,12,0,1.0
7,ADASYN,rec90,Tool wear,7,4,3,0.5714285714285714
7,ADASYN,rec90,No mechanism recorded,1,0,1,0.0
7,ADASYN,fpr1,Heat dissipation,17,16,1,0.9411764705882353
7,ADASYN,fpr1,Power,14,10,4,0.7142857142857143
7,ADASYN,fpr1,Overstrain,12,9,3,0.75
7,ADASYN,fpr1,Tool wear,7,0,7,0.0
7,ADASYN,fpr1,No mechanism recorded,1,0,1,0.0
7,ADASYN,fpr2,Heat dissipation,17,17,0,1.0
7,ADASYN,fpr2,Power,14,13,1,0.9285714285714286
7,ADASYN,fpr2,Overstrain,12,11,1,0.9166666666666666
7,ADASYN,fpr2,Tool wear,7,1,6,0.14285714285714285
7,ADASYN,fpr2,No mechanism recorded,1,0,1,0.0
7,Baseline,t0.5,Heat dissipation,17,17,0,1.0
7,Baseline,t0.5,Power,14,8,6,0.5714285714285714
7,Baseline,t0.5,Overstrain,12,6,6,0.5
7,Baseline,t0.5,Tool wear,7,0,7,0.0
7,Baseline,t0.5,No mechanism recorded,1,0,1,0.0
7,Baseline,F1opt,Heat dissipation,17,17,0,1.0
7,Baseline,F1opt,Power,14,11,3,0.7857142857142857
7,Baseline,F1opt,Overstrain,12,10,2,0.8333333333333334
7,Baseline,F1opt,Tool wear,7,0,7,0.0
7,Baseline,F1opt,No mechanism recorded,1,0,1,0.0
7,Baseline,rec80,Heat dissipation,17,17,0,1.0
7,Baseline,rec80,Power,14,14,0,1.0
7,Baseline,rec80,Overstrain,12,12,0,1.0
7,Baseline,rec80,Tool wear,7,2,5,0.2857142857142857
7,Baseline,rec80,No mechanism recorded,1,0,1,0.0
7,Baseline,rec90,Heat dissipation,17,17,0,1.0
7,Baseline,rec90,Power,14,14,0,1.0
7,Baseline,rec90,Overstrain,12,12,0,1.0
7,Baseline,rec90,Tool wear,7,4,3,0.5714285714285714
7,Baseline,rec90,No mechanism recorded,1,0,1,0.0
7,Baseline,fpr1,Heat dissipation,17,17,0,1.0
7,Baseline,fpr1,Power,14,14,0,1.0
7,Baseline,fpr1,Overstrain,12,12,0,1.0
7,Baseline,fpr1,Tool wear,7,0,7,0.0
7,Baseline,fpr1,No mechanism recorded,1,0,1,0.0
7,Baseline,fpr2,Heat dissipation,17,17,0,1.0
7,Baseline,fpr2,Power,14,14,0,1.0
7,Baseline,fpr2,Overstrain,12,12,0,1.0
7,Baseline,fpr2,Tool wear,7,0,7,0.0
7,Baseline,fpr2,No mechanism recorded,1,0,1,0.0
7,Borderline-SMOTE,t0.5,Heat dissipation,17,17,0,1.0
7,Borderline-SMOTE,t0.5,Power,14,14,0,1.0
7,Borderline-SMOTE,t0.5,Overstrain,12,11,1,0.9166666666666666
7,Borderline-SMOTE,t0.5,Tool wear,7,1,6,0.14285714285714285
7,Borderline-SMOTE,t0.5,No mechanism recorded,1,0,1,0.0
7,Borderline-SMOTE,F1opt,Heat dissipation,17,17,0,1.0
7,Borderline-SMOTE,F1opt,Power,14,13,1,0.9285714285714286
7,Borderline-SMOTE,F1opt,Overstrain,12,11,1,0.9166666666666666
7,Borderline-SMOTE,F1opt,Tool wear,7,0,7,0.0
7,Borderline-SMOTE,F1opt,No mechanism recorded,1,0,1,0.0
7,Borderline-SMOTE,rec80,Heat dissipation,17,17,0,1.0
7,Borderline-SMOTE,rec80,Power,14,14,0,1.0
7,Borderline-SMOTE,rec80,Overstrain,12,12,0,1.0
7,Borderline-SMOTE,rec80,Tool wear,7,2,5,0.2857142857142857
7,Borderline-SMOTE,rec80,No mechanism recorded,1,0,1,0.0
7,Borderline-SMOTE,rec90,Heat dissipation,17,17,0,1.0
7,Borderline-SMOTE,rec90,Power,14,14,0,1.0
7,Borderline-SMOTE,rec90,Overstrain,12,12,0,1.0
7,Borderline-SMOTE,rec90,Tool wear,7,4,3,0.5714285714285714
7,Borderline-SMOTE,rec90,No mechanism recorded,1,0,1,0.0
7,Borderline-SMOTE,fpr1,Heat dissipation,17,17,0,1.0
7,Borderline-SMOTE,fpr1,Power,14,13,1,0.9285714285714286
7,Borderline-SMOTE,fpr1,Overstrain,12,11,1,0.9166666666666666
7,Borderline-SMOTE,fpr1,Tool wear,7,0,7,0.0
7,Borderline-SMOTE,fpr1,No mechanism recorded,1,0,1,0.0
7,Borderline-SMOTE,fpr2,Heat dissipation,17,17,0,1.0
7,Borderline-SMOTE,fpr2,Power,14,14,0,1.0
7,Borderline-SMOTE,fpr2,Overstrain,12,12,0,1.0
7,Borderline-SMOTE,fpr2,Tool wear,7,1,6,0.14285714285714285
7,Borderline-SMOTE,fpr2,No mechanism recorded,1,0,1,0.0
7,Multi WGAN-GP,t0.5,Heat dissipation,17,17,0,1.0
7,Multi WGAN-GP,t0.5,Power,14,14,0,1.0
7,Multi WGAN-GP,t0.5,Overstrain,12,12,0,1.0
7,Multi WGAN-GP,t0.5,Tool wear,7,1,6,0.14285714285714285
7,Multi WGAN-GP,t0.5,No mechanism recorded,1,0,1,0.0
7,Multi WGAN-GP,F1opt,Heat dissipation,17,17,0,1.0
7,Multi WGAN-GP,F1opt,Power,14,12,2,0.8571428571428571
7,Multi WGAN-GP,F1opt,Overstrain,12,9,3,0.75
7,Multi WGAN-GP,F1opt,Tool wear,7,0,7,0.0
7,Multi WGAN-GP,F1opt,No mechanism recorded,1,0,1,0.0
7,Multi WGAN-GP,rec80,Heat dissipation,17,17,0,1.0
7,Multi WGAN-GP,rec80,Power,14,13,1,0.9285714285714286
7,Multi WGAN-GP,rec80,Overstrain,12,12,0,1.0
7,Multi WGAN-GP,rec80,Tool wear,7,0,7,0.0
7,Multi WGAN-GP,rec80,No mechanism recorded,1,0,1,0.0
7,Multi WGAN-GP,rec90,Heat dissipation,17,17,0,1.0
7,Multi WGAN-GP,rec90,Power,14,14,0,1.0
7,Multi WGAN-GP,rec90,Overstrain,12,12,0,1.0
7,Multi WGAN-GP,rec90,Tool wear,7,3,4,0.42857142857142855
7,Multi WGAN-GP,rec90,No mechanism recorded,1,0,1,0.0
7,Multi WGAN-GP,fpr1,Heat dissipation,17,17,0,1.0
7,Multi WGAN-GP,fpr1,Power,14,13,1,0.9285714285714286
7,Multi WGAN-GP,fpr1,Overstrain,12,12,0,1.0
7,Multi WGAN-GP,fpr1,Tool wear,7,0,7,0.0
7,Multi WGAN-GP,fpr1,No mechanism recorded,1,0,1,0.0
7,Multi WGAN-GP,fpr2,Heat dissipation,17,17,0,1.0
7,Multi WGAN-GP,fpr2,Power,14,13,1,0.9285714285714286
7,Multi WGAN-GP,fpr2,Overstrain,12,12,0,1.0
7,Multi WGAN-GP,fpr2,Tool wear,7,0,7,0.0
7,Multi WGAN-GP,fpr2,No mechanism recorded,1,0,1,0.0
7,RUS,t0.5,Heat dissipation,17,17,0,1.0
7,RUS,t0.5,Power,14,14,0,1.0
7,RUS,t0.5,Overstrain,12,12,0,1.0
7,RUS,t0.5,Tool wear,7,4,3,0.5714285714285714
7,RUS,t0.5,No mechanism recorded,1,1,0,1.0
7,RUS,F1opt,Heat dissipation,17,16,1,0.9411764705882353
7,RUS,F1opt,Power,14,8,6,0.5714285714285714
7,RUS,F1opt,Overstrain,12,10,2,0.8333333333333334
7,RUS,F1opt,Tool wear,7,0,7,0.0
7,RUS,F1opt,No mechanism recorded,1,0,1,0.0
7,RUS,rec80,Heat dissipation,17,17,0,1.0
7,RUS,rec80,Power,14,13,1,0.9285714285714286
7,RUS,rec80,Overstrain,12,12,0,1.0
7,RUS,rec80,Tool wear,7,1,6,0.14285714285714285
7,RUS,rec80,No mechanism recorded,1,0,1,0.0
7,RUS,rec90,Heat dissipation,17,17,0,1.0
7,RUS,rec90,Power,14,14,0,1.0
7,RUS,rec90,Overstrain,12,12,0,1.0
7,RUS,rec90,Tool wear,7,4,3,0.5714285714285714
7,RUS,rec90,No mechanism recorded,1,1,0,1.0
7,RUS,fpr1,Heat dissipation,17,17,0,1.0
7,RUS,fpr1,Power,14,9,5,0.6428571428571429
7,RUS,fpr1,Overstrain,12,11,1,0.9166666666666666
7,RUS,fpr1,Tool wear,7,1,6,0.14285714285714285
7,RUS,fpr1,No mechanism recorded,1,0,1,0.0
7,RUS,fpr2,Heat dissipation,17,17,0,1.0
7,RUS,fpr2,Power,14,11,3,0.7857142857142857
7,RUS,fpr2,Overstrain,12,11,1,0.9166666666666666
7,RUS,fpr2,Tool wear,7,1,6,0.14285714285714285
7,RUS,fpr2,No mechanism recorded,1,0,1,0.0
7,SMOTE,t0.5,Heat dissipation,17,17,0,1.0
7,SMOTE,t0.5,Power,14,14,0,1.0
7,SMOTE,t0.5,Overstrain,12,12,0,1.0
7,SMOTE,t0.5,Tool wear,7,2,5,0.2857142857142857
7,SMOTE,t0.5,No mechanism recorded,1,0,1,0.0
7,SMOTE,F1opt,Heat dissipation,17,17,0,1.0
7,SMOTE,F1opt,Power,14,11,3,0.7857142857142857
7,SMOTE,F1opt,Overstrain,12,9,3,0.75
7,SMOTE,F1opt,Tool wear,7,0,7,0.0
7,SMOTE,F1opt,No mechanism recorded,1,0,1,0.0
7,SMOTE,rec80,Heat dissipation,17,17,0,1.0
7,SMOTE,rec80,Power,14,14,0,1.0
7,SMOTE,rec80,Overstrain,12,12,0,1.0
7,SMOTE,rec80,Tool wear,7,3,4,0.42857142857142855
7,SMOTE,rec80,No mechanism recorded,1,0,1,0.0
7,SMOTE,rec90,Heat dissipation,17,17,0,1.0
7,SMOTE,rec90,Power,14,14,0,1.0
7,SMOTE,rec90,Overstrain,12,12,0,1.0
7,SMOTE,rec90,Tool wear,7,3,4,0.42857142857142855
7,SMOTE,rec90,No mechanism recorded,1,0,1,0.0
7,SMOTE,fpr1,Heat dissipation,17,17,0,1.0
7,SMOTE,fpr1,Power,14,11,3,0.7857142857142857
7,SMOTE,fpr1,Overstrain,12,9,3,0.75
7,SMOTE,fpr1,Tool wear,7,0,7,0.0
7,SMOTE,fpr1,No mechanism recorded,1,0,1,0.0
7,SMOTE,fpr2,Heat dissipation,17,17,0,1.0
7,SMOTE,fpr2,Power,14,13,1,0.9285714285714286
7,SMOTE,fpr2,Overstrain,12,11,1,0.9166666666666666
7,SMOTE,fpr2,Tool wear,7,2,5,0.2857142857142857
7,SMOTE,fpr2,No mechanism recorded,1,0,1,0.0
7,SMOTENC,t0.5,Heat dissipation,17,17,0,1.0
7,SMOTENC,t0.5,Power,14,11,3,0.7857142857142857
7,SMOTENC,t0.5,Overstrain,12,10,2,0.8333333333333334
7,SMOTENC,t0.5,Tool wear,7,1,6,0.14285714285714285
7,SMOTENC,t0.5,No mechanism recorded,1,0,1,0.0
7,SMOTENC,F1opt,Heat dissipation,17,17,0,1.0
7,SMOTENC,F1opt,Power,14,9,5,0.6428571428571429
7,SMOTENC,F1opt,Overstrain,12,9,3,0.75
7,SMOTENC,F1opt,Tool wear,7,0,7,0.0
7,SMOTENC,F1opt,No mechanism recorded,1,0,1,0.0
7,SMOTENC,rec80,Heat dissipation,17,17,0,1.0
7,SMOTENC,rec80,Power,14,11,3,0.7857142857142857
7,SMOTENC,rec80,Overstrain,12,10,2,0.8333333333333334
7,SMOTENC,rec80,Tool wear,7,1,6,0.14285714285714285
7,SMOTENC,rec80,No mechanism recorded,1,0,1,0.0
7,SMOTENC,rec90,Heat dissipation,17,17,0,1.0
7,SMOTENC,rec90,Power,14,14,0,1.0
7,SMOTENC,rec90,Overstrain,12,12,0,1.0
7,SMOTENC,rec90,Tool wear,7,4,3,0.5714285714285714
7,SMOTENC,rec90,No mechanism recorded,1,0,1,0.0
7,SMOTENC,fpr1,Heat dissipation,17,17,0,1.0
7,SMOTENC,fpr1,Power,14,9,5,0.6428571428571429
7,SMOTENC,fpr1,Overstrain,12,9,3,0.75
7,SMOTENC,fpr1,Tool wear,7,0,7,0.0
7,SMOTENC,fpr1,No mechanism recorded,1,0,1,0.0
7,SMOTENC,fpr2,Heat dissipation,17,17,0,1.0
7,SMOTENC,fpr2,Power,14,10,4,0.7142857142857143
7,SMOTENC,fpr2,Overstrain,12,9,3,0.75
7,SMOTENC,fpr2,Tool wear,7,1,6,0.14285714285714285
7,SMOTENC,fpr2,No mechanism recorded,1,0,1,0.0
7,Single WGAN-GP,t0.5,Heat dissipation,17,17,0,1.0
7,Single WGAN-GP,t0.5,Power,14,13,1,0.9285714285714286
7,Single WGAN-GP,t0.5,Overstrain,12,12,0,1.0
7,Single WGAN-GP,t0.5,Tool wear,7,1,6,0.14285714285714285
7,Single WGAN-GP,t0.5,No mechanism recorded,1,0,1,0.0
7,Single WGAN-GP,F1opt,Heat dissipation,17,16,1,0.9411764705882353
7,Single WGAN-GP,F1opt,Power,14,11,3,0.7857142857142857
7,Single WGAN-GP,F1opt,Overstrain,12,10,2,0.8333333333333334
7,Single WGAN-GP,F1opt,Tool wear,7,0,7,0.0
7,Single WGAN-GP,F1opt,No mechanism recorded,1,0,1,0.0
7,Single WGAN-GP,rec80,Heat dissipation,17,16,1,0.9411764705882353
7,Single WGAN-GP,rec80,Power,14,13,1,0.9285714285714286
7,Single WGAN-GP,rec80,Overstrain,12,12,0,1.0
7,Single WGAN-GP,rec80,Tool wear,7,1,6,0.14285714285714285
7,Single WGAN-GP,rec80,No mechanism recorded,1,0,1,0.0
7,Single WGAN-GP,rec90,Heat dissipation,17,17,0,1.0
7,Single WGAN-GP,rec90,Power,14,14,0,1.0
7,Single WGAN-GP,rec90,Overstrain,12,12,0,1.0
7,Single WGAN-GP,rec90,Tool wear,7,4,3,0.5714285714285714
7,Single WGAN-GP,rec90,No mechanism recorded,1,0,1,0.0
7,Single WGAN-GP,fpr1,Heat dissipation,17,16,1,0.9411764705882353
7,Single WGAN-GP,fpr1,Power,14,13,1,0.9285714285714286
7,Single WGAN-GP,fpr1,Overstrain,12,12,0,1.0
7,Single WGAN-GP,fpr1,Tool wear,7,0,7,0.0
7,Single WGAN-GP,fpr1,No mechanism recorded,1,0,1,0.0
7,Single WGAN-GP,fpr2,Heat dissipation,17,17,0,1.0
7,Single WGAN-GP,fpr2,Power,14,13,1,0.9285714285714286
7,Single WGAN-GP,fpr2,Overstrain,12,12,0,1.0
7,Single WGAN-GP,fpr2,Tool wear,7,1,6,0.14285714285714285
7,Single WGAN-GP,fpr2,No mechanism recorded,1,0,1,0.0
8,ADASYN,t0.5,Heat dissipation,17,17,0,1.0
8,ADASYN,t0.5,Power,14,13,1,0.9285714285714286
8,ADASYN,t0.5,Overstrain,12,11,1,0.9166666666666666
8,ADASYN,t0.5,Tool wear,7,0,7,0.0
8,ADASYN,t0.5,No mechanism recorded,1,0,1,0.0
8,ADASYN,F1opt,Heat dissipation,17,17,0,1.0
8,ADASYN,F1opt,Power,14,11,3,0.7857142857142857
8,ADASYN,F1opt,Overstrain,12,9,3,0.75
8,ADASYN,F1opt,Tool wear,7,0,7,0.0
8,ADASYN,F1opt,No mechanism recorded,1,0,1,0.0
8,ADASYN,rec80,Heat dissipation,17,17,0,1.0
8,ADASYN,rec80,Power,14,11,3,0.7857142857142857
8,ADASYN,rec80,Overstrain,12,9,3,0.75
8,ADASYN,rec80,Tool wear,7,0,7,0.0
8,ADASYN,rec80,No mechanism recorded,1,0,1,0.0
8,ADASYN,rec90,Heat dissipation,17,17,0,1.0
8,ADASYN,rec90,Power,14,14,0,1.0
8,ADASYN,rec90,Overstrain,12,12,0,1.0
8,ADASYN,rec90,Tool wear,7,1,6,0.14285714285714285
8,ADASYN,rec90,No mechanism recorded,1,0,1,0.0
8,ADASYN,fpr1,Heat dissipation,17,16,1,0.9411764705882353
8,ADASYN,fpr1,Power,14,8,6,0.5714285714285714
8,ADASYN,fpr1,Overstrain,12,6,6,0.5
8,ADASYN,fpr1,Tool wear,7,0,7,0.0
8,ADASYN,fpr1,No mechanism recorded,1,0,1,0.0
8,ADASYN,fpr2,Heat dissipation,17,17,0,1.0
8,ADASYN,fpr2,Power,14,11,3,0.7857142857142857
8,ADASYN,fpr2,Overstrain,12,9,3,0.75
8,ADASYN,fpr2,Tool wear,7,0,7,0.0
8,ADASYN,fpr2,No mechanism recorded,1,0,1,0.0
8,Baseline,t0.5,Heat dissipation,17,16,1,0.9411764705882353
8,Baseline,t0.5,Power,14,8,6,0.5714285714285714
8,Baseline,t0.5,Overstrain,12,4,8,0.3333333333333333
8,Baseline,t0.5,Tool wear,7,0,7,0.0
8,Baseline,t0.5,No mechanism recorded,1,0,1,0.0
8,Baseline,F1opt,Heat dissipation,17,17,0,1.0
8,Baseline,F1opt,Power,14,10,4,0.7142857142857143
8,Baseline,F1opt,Overstrain,12,5,7,0.4166666666666667
8,Baseline,F1opt,Tool wear,7,0,7,0.0
8,Baseline,F1opt,No mechanism recorded,1,0,1,0.0
8,Baseline,rec80,Heat dissipation,17,17,0,1.0
8,Baseline,rec80,Power,14,12,2,0.8571428571428571
8,Baseline,rec80,Overstrain,12,8,4,0.6666666666666666
8,Baseline,rec80,Tool wear,7,0,7,0.0
8,Baseline,rec80,No mechanism recorded,1,0,1,0.0
8,Baseline,rec90,Heat dissipation,17,17,0,1.0
8,Baseline,rec90,Power,14,14,0,1.0
8,Baseline,rec90,Overstrain,12,12,0,1.0
8,Baseline,rec90,Tool wear,7,3,4,0.42857142857142855
8,Baseline,rec90,No mechanism recorded,1,0,1,0.0
8,Baseline,fpr1,Heat dissipation,17,17,0,1.0
8,Baseline,fpr1,Power,14,11,3,0.7857142857142857
8,Baseline,fpr1,Overstrain,12,7,5,0.5833333333333334
8,Baseline,fpr1,Tool wear,7,0,7,0.0
8,Baseline,fpr1,No mechanism recorded,1,0,1,0.0
8,Baseline,fpr2,Heat dissipation,17,17,0,1.0
8,Baseline,fpr2,Power,14,13,1,0.9285714285714286
8,Baseline,fpr2,Overstrain,12,9,3,0.75
8,Baseline,fpr2,Tool wear,7,0,7,0.0
8,Baseline,fpr2,No mechanism recorded,1,0,1,0.0
8,Borderline-SMOTE,t0.5,Heat dissipation,17,17,0,1.0
8,Borderline-SMOTE,t0.5,Power,14,10,4,0.7142857142857143
8,Borderline-SMOTE,t0.5,Overstrain,12,7,5,0.5833333333333334
8,Borderline-SMOTE,t0.5,Tool wear,7,0,7,0.0
8,Borderline-SMOTE,t0.5,No mechanism recorded,1,0,1,0.0
8,Borderline-SMOTE,F1opt,Heat dissipation,17,17,0,1.0
8,Borderline-SMOTE,F1opt,Power,14,10,4,0.7142857142857143
8,Borderline-SMOTE,F1opt,Overstrain,12,7,5,0.5833333333333334
8,Borderline-SMOTE,F1opt,Tool wear,7,0,7,0.0
8,Borderline-SMOTE,F1opt,No mechanism recorded,1,0,1,0.0
8,Borderline-SMOTE,rec80,Heat dissipation,17,17,0,1.0
8,Borderline-SMOTE,rec80,Power,14,13,1,0.9285714285714286
8,Borderline-SMOTE,rec80,Overstrain,12,9,3,0.75
8,Borderline-SMOTE,rec80,Tool wear,7,0,7,0.0
8,Borderline-SMOTE,rec80,No mechanism recorded,1,0,1,0.0
8,Borderline-SMOTE,rec90,Heat dissipation,17,17,0,1.0
8,Borderline-SMOTE,rec90,Power,14,14,0,1.0
8,Borderline-SMOTE,rec90,Overstrain,12,12,0,1.0
8,Borderline-SMOTE,rec90,Tool wear,7,2,5,0.2857142857142857
8,Borderline-SMOTE,rec90,No mechanism recorded,1,0,1,0.0
8,Borderline-SMOTE,fpr1,Heat dissipation,17,17,0,1.0
8,Borderline-SMOTE,fpr1,Power,14,12,2,0.8571428571428571
8,Borderline-SMOTE,fpr1,Overstrain,12,7,5,0.5833333333333334
8,Borderline-SMOTE,fpr1,Tool wear,7,0,7,0.0
8,Borderline-SMOTE,fpr1,No mechanism recorded,1,0,1,0.0
8,Borderline-SMOTE,fpr2,Heat dissipation,17,17,0,1.0
8,Borderline-SMOTE,fpr2,Power,14,13,1,0.9285714285714286
8,Borderline-SMOTE,fpr2,Overstrain,12,9,3,0.75
8,Borderline-SMOTE,fpr2,Tool wear,7,0,7,0.0
8,Borderline-SMOTE,fpr2,No mechanism recorded,1,0,1,0.0
8,Multi WGAN-GP,t0.5,Heat dissipation,17,17,0,1.0
8,Multi WGAN-GP,t0.5,Power,14,14,0,1.0
8,Multi WGAN-GP,t0.5,Overstrain,12,12,0,1.0
8,Multi WGAN-GP,t0.5,Tool wear,7,2,5,0.2857142857142857
8,Multi WGAN-GP,t0.5,No mechanism recorded,1,0,1,0.0
8,Multi WGAN-GP,F1opt,Heat dissipation,17,17,0,1.0
8,Multi WGAN-GP,F1opt,Power,14,10,4,0.7142857142857143
8,Multi WGAN-GP,F1opt,Overstrain,12,7,5,0.5833333333333334
8,Multi WGAN-GP,F1opt,Tool wear,7,0,7,0.0
8,Multi WGAN-GP,F1opt,No mechanism recorded,1,0,1,0.0
8,Multi WGAN-GP,rec80,Heat dissipation,17,17,0,1.0
8,Multi WGAN-GP,rec80,Power,14,13,1,0.9285714285714286
8,Multi WGAN-GP,rec80,Overstrain,12,11,1,0.9166666666666666
8,Multi WGAN-GP,rec80,Tool wear,7,0,7,0.0
8,Multi WGAN-GP,rec80,No mechanism recorded,1,0,1,0.0
8,Multi WGAN-GP,rec90,Heat dissipation,17,17,0,1.0
8,Multi WGAN-GP,rec90,Power,14,14,0,1.0
8,Multi WGAN-GP,rec90,Overstrain,12,12,0,1.0
8,Multi WGAN-GP,rec90,Tool wear,7,2,5,0.2857142857142857
8,Multi WGAN-GP,rec90,No mechanism recorded,1,0,1,0.0
8,Multi WGAN-GP,fpr1,Heat dissipation,17,17,0,1.0
8,Multi WGAN-GP,fpr1,Power,14,10,4,0.7142857142857143
8,Multi WGAN-GP,fpr1,Overstrain,12,7,5,0.5833333333333334
8,Multi WGAN-GP,fpr1,Tool wear,7,0,7,0.0
8,Multi WGAN-GP,fpr1,No mechanism recorded,1,0,1,0.0
8,Multi WGAN-GP,fpr2,Heat dissipation,17,17,0,1.0
8,Multi WGAN-GP,fpr2,Power,14,13,1,0.9285714285714286
8,Multi WGAN-GP,fpr2,Overstrain,12,11,1,0.9166666666666666
8,Multi WGAN-GP,fpr2,Tool wear,7,0,7,0.0
8,Multi WGAN-GP,fpr2,No mechanism recorded,1,0,1,0.0
8,RUS,t0.5,Heat dissipation,17,17,0,1.0
8,RUS,t0.5,Power,14,14,0,1.0
8,RUS,t0.5,Overstrain,12,12,0,1.0
8,RUS,t0.5,Tool wear,7,6,1,0.8571428571428571
8,RUS,t0.5,No mechanism recorded,1,0,1,0.0
8,RUS,F1opt,Heat dissipation,17,16,1,0.9411764705882353
8,RUS,F1opt,Power,14,7,7,0.5
8,RUS,F1opt,Overstrain,12,7,5,0.5833333333333334
8,RUS,F1opt,Tool wear,7,0,7,0.0
8,RUS,F1opt,No mechanism recorded,1,0,1,0.0
8,RUS,rec80,Heat dissipation,17,17,0,1.0
8,RUS,rec80,Power,14,10,4,0.7142857142857143
8,RUS,rec80,Overstrain,12,10,2,0.8333333333333334
8,RUS,rec80,Tool wear,7,1,6,0.14285714285714285
8,RUS,rec80,No mechanism recorded,1,0,1,0.0
8,RUS,rec90,Heat dissipation,17,17,0,1.0
8,RUS,rec90,Power,14,11,3,0.7857142857142857
8,RUS,rec90,Overstrain,12,12,0,1.0
8,RUS,rec90,Tool wear,7,2,5,0.2857142857142857
8,RUS,rec90,No mechanism recorded,1,0,1,0.0
8,RUS,fpr1,Heat dissipation,17,15,2,0.8823529411764706
8,RUS,fpr1,Power,14,5,9,0.35714285714285715
8,RUS,fpr1,Overstrain,12,4,8,0.3333333333333333
8,RUS,fpr1,Tool wear,7,0,7,0.0
8,RUS,fpr1,No mechanism recorded,1,0,1,0.0
8,RUS,fpr2,Heat dissipation,17,16,1,0.9411764705882353
8,RUS,fpr2,Power,14,7,7,0.5
8,RUS,fpr2,Overstrain,12,7,5,0.5833333333333334
8,RUS,fpr2,Tool wear,7,0,7,0.0
8,RUS,fpr2,No mechanism recorded,1,0,1,0.0
8,SMOTE,t0.5,Heat dissipation,17,17,0,1.0
8,SMOTE,t0.5,Power,14,13,1,0.9285714285714286
8,SMOTE,t0.5,Overstrain,12,9,3,0.75
8,SMOTE,t0.5,Tool wear,7,0,7,0.0
8,SMOTE,t0.5,No mechanism recorded,1,0,1,0.0
8,SMOTE,F1opt,Heat dissipation,17,16,1,0.9411764705882353
8,SMOTE,F1opt,Power,14,6,8,0.42857142857142855
8,SMOTE,F1opt,Overstrain,12,5,7,0.4166666666666667
8,SMOTE,F1opt,Tool wear,7,0,7,0.0
8,SMOTE,F1opt,No mechanism recorded,1,0,1,0.0
8,SMOTE,rec80,Heat dissipation,17,17,0,1.0
8,SMOTE,rec80,Power,14,11,3,0.7857142857142857
8,SMOTE,rec80,Overstrain,12,9,3,0.75
8,SMOTE,rec80,Tool wear,7,0,7,0.0
8,SMOTE,rec80,No mechanism recorded,1,0,1,0.0
8,SMOTE,rec90,Heat dissipation,17,17,0,1.0
8,SMOTE,rec90,Power,14,14,0,1.0
8,SMOTE,rec90,Overstrain,12,12,0,1.0
8,SMOTE,rec90,Tool wear,7,1,6,0.14285714285714285
8,SMOTE,rec90,No mechanism recorded,1,0,1,0.0
8,SMOTE,fpr1,Heat dissipation,17,16,1,0.9411764705882353
8,SMOTE,fpr1,Power,14,9,5,0.6428571428571429
8,SMOTE,fpr1,Overstrain,12,7,5,0.5833333333333334
8,SMOTE,fpr1,Tool wear,7,0,7,0.0
8,SMOTE,fpr1,No mechanism recorded,1,0,1,0.0
8,SMOTE,fpr2,Heat dissipation,17,17,0,1.0
8,SMOTE,fpr2,Power,14,13,1,0.9285714285714286
8,SMOTE,fpr2,Overstrain,12,9,3,0.75
8,SMOTE,fpr2,Tool wear,7,0,7,0.0
8,SMOTE,fpr2,No mechanism recorded,1,0,1,0.0
8,SMOTENC,t0.5,Heat dissipation,17,17,0,1.0
8,SMOTENC,t0.5,Power,14,12,2,0.8571428571428571
8,SMOTENC,t0.5,Overstrain,12,7,5,0.5833333333333334
8,SMOTENC,t0.5,Tool wear,7,1,6,0.14285714285714285
8,SMOTENC,t0.5,No mechanism recorded,1,0,1,0.0
8,SMOTENC,F1opt,Heat dissipation,17,17,0,1.0
8,SMOTENC,F1opt,Power,14,11,3,0.7857142857142857
8,SMOTENC,F1opt,Overstrain,12,7,5,0.5833333333333334
8,SMOTENC,F1opt,Tool wear,7,0,7,0.0
8,SMOTENC,F1opt,No mechanism recorded,1,0,1,0.0
8,SMOTENC,rec80,Heat dissipation,17,17,0,1.0
8,SMOTENC,rec80,Power,14,12,2,0.8571428571428571
8,SMOTENC,rec80,Overstrain,12,7,5,0.5833333333333334
8,SMOTENC,rec80,Tool wear,7,0,7,0.0
8,SMOTENC,rec80,No mechanism recorded,1,0,1,0.0
8,SMOTENC,rec90,Heat dissipation,17,17,0,1.0
8,SMOTENC,rec90,Power,14,14,0,1.0
8,SMOTENC,rec90,Overstrain,12,11,1,0.9166666666666666
8,SMOTENC,rec90,Tool wear,7,1,6,0.14285714285714285
8,SMOTENC,rec90,No mechanism recorded,1,0,1,0.0
8,SMOTENC,fpr1,Heat dissipation,17,17,0,1.0
8,SMOTENC,fpr1,Power,14,11,3,0.7857142857142857
8,SMOTENC,fpr1,Overstrain,12,7,5,0.5833333333333334
8,SMOTENC,fpr1,Tool wear,7,0,7,0.0
8,SMOTENC,fpr1,No mechanism recorded,1,0,1,0.0
8,SMOTENC,fpr2,Heat dissipation,17,17,0,1.0
8,SMOTENC,fpr2,Power,14,12,2,0.8571428571428571
8,SMOTENC,fpr2,Overstrain,12,8,4,0.6666666666666666
8,SMOTENC,fpr2,Tool wear,7,1,6,0.14285714285714285
8,SMOTENC,fpr2,No mechanism recorded,1,0,1,0.0
8,Single WGAN-GP,t0.5,Heat dissipation,17,17,0,1.0
8,Single WGAN-GP,t0.5,Power,14,14,0,1.0
8,Single WGAN-GP,t0.5,Overstrain,12,12,0,1.0
8,Single WGAN-GP,t0.5,Tool wear,7,1,6,0.14285714285714285
8,Single WGAN-GP,t0.5,No mechanism recorded,1,0,1,0.0
8,Single WGAN-GP,F1opt,Heat dissipation,17,17,0,1.0
8,Single WGAN-GP,F1opt,Power,14,13,1,0.9285714285714286
8,Single WGAN-GP,F1opt,Overstrain,12,6,6,0.5
8,Single WGAN-GP,F1opt,Tool wear,7,0,7,0.0
8,Single WGAN-GP,F1opt,No mechanism recorded,1,0,1,0.0
8,Single WGAN-GP,rec80,Heat dissipation,17,17,0,1.0
8,Single WGAN-GP,rec80,Power,14,14,0,1.0
8,Single WGAN-GP,rec80,Overstrain,12,8,4,0.6666666666666666
8,Single WGAN-GP,rec80,Tool wear,7,0,7,0.0
8,Single WGAN-GP,rec80,No mechanism recorded,1,0,1,0.0
8,Single WGAN-GP,rec90,Heat dissipation,17,17,0,1.0
8,Single WGAN-GP,rec90,Power,14,14,0,1.0
8,Single WGAN-GP,rec90,Overstrain,12,12,0,1.0
8,Single WGAN-GP,rec90,Tool wear,7,1,6,0.14285714285714285
8,Single WGAN-GP,rec90,No mechanism recorded,1,0,1,0.0
8,Single WGAN-GP,fpr1,Heat dissipation,17,17,0,1.0
8,Single WGAN-GP,fpr1,Power,14,13,1,0.9285714285714286
8,Single WGAN-GP,fpr1,Overstrain,12,6,6,0.5
8,Single WGAN-GP,fpr1,Tool wear,7,0,7,0.0
8,Single WGAN-GP,fpr1,No mechanism recorded,1,0,1,0.0
8,Single WGAN-GP,fpr2,Heat dissipation,17,17,0,1.0
8,Single WGAN-GP,fpr2,Power,14,13,1,0.9285714285714286
8,Single WGAN-GP,fpr2,Overstrain,12,8,4,0.6666666666666666
8,Single WGAN-GP,fpr2,Tool wear,7,0,7,0.0
8,Single WGAN-GP,fpr2,No mechanism recorded,1,0,1,0.0
9,ADASYN,t0.5,Heat dissipation,17,17,0,1.0
9,ADASYN,t0.5,Power,14,13,1,0.9285714285714286
9,ADASYN,t0.5,Overstrain,11,10,1,0.9090909090909091
9,ADASYN,t0.5,Tool wear,7,0,7,0.0
9,ADASYN,t0.5,No mechanism recorded,2,0,2,0.0
9,ADASYN,F1opt,Heat dissipation,17,15,2,0.8823529411764706
9,ADASYN,F1opt,Power,14,7,7,0.5
9,ADASYN,F1opt,Overstrain,11,8,3,0.7272727272727273
9,ADASYN,F1opt,Tool wear,7,0,7,0.0
9,ADASYN,F1opt,No mechanism recorded,2,0,2,0.0
9,ADASYN,rec80,Heat dissipation,17,17,0,1.0
9,ADASYN,rec80,Power,14,13,1,0.9285714285714286
9,ADASYN,rec80,Overstrain,11,11,0,1.0
9,ADASYN,rec80,Tool wear,7,0,7,0.0
9,ADASYN,rec80,No mechanism recorded,2,0,2,0.0
9,ADASYN,rec90,Heat dissipation,17,17,0,1.0
9,ADASYN,rec90,Power,14,13,1,0.9285714285714286
9,ADASYN,rec90,Overstrain,11,11,0,1.0
9,ADASYN,rec90,Tool wear,7,2,5,0.2857142857142857
9,ADASYN,rec90,No mechanism recorded,2,0,2,0.0
9,ADASYN,fpr1,Heat dissipation,17,17,0,1.0
9,ADASYN,fpr1,Power,14,11,3,0.7857142857142857
9,ADASYN,fpr1,Overstrain,11,10,1,0.9090909090909091
9,ADASYN,fpr1,Tool wear,7,0,7,0.0
9,ADASYN,fpr1,No mechanism recorded,2,0,2,0.0
9,ADASYN,fpr2,Heat dissipation,17,17,0,1.0
9,ADASYN,fpr2,Power,14,12,2,0.8571428571428571
9,ADASYN,fpr2,Overstrain,11,10,1,0.9090909090909091
9,ADASYN,fpr2,Tool wear,7,0,7,0.0
9,ADASYN,fpr2,No mechanism recorded,2,0,2,0.0
9,Baseline,t0.5,Heat dissipation,17,17,0,1.0
9,Baseline,t0.5,Power,14,12,2,0.8571428571428571
9,Baseline,t0.5,Overstrain,11,9,2,0.8181818181818182
9,Baseline,t0.5,Tool wear,7,0,7,0.0
9,Baseline,t0.5,No mechanism recorded,2,0,2,0.0
9,Baseline,F1opt,Heat dissipation,17,16,1,0.9411764705882353
9,Baseline,F1opt,Power,14,8,6,0.5714285714285714
9,Baseline,F1opt,Overstrain,11,7,4,0.6363636363636364
9,Baseline,F1opt,Tool wear,7,0,7,0.0
9,Baseline,F1opt,No mechanism recorded,2,0,2,0.0
9,Baseline,rec80,Heat dissipation,17,17,0,1.0
9,Baseline,rec80,Power,14,13,1,0.9285714285714286
9,Baseline,rec80,Overstrain,11,10,1,0.9090909090909091
9,Baseline,rec80,Tool wear,7,0,7,0.0
9,Baseline,rec80,No mechanism recorded,2,0,2,0.0
9,Baseline,rec90,Heat dissipation,17,17,0,1.0
9,Baseline,rec90,Power,14,13,1,0.9285714285714286
9,Baseline,rec90,Overstrain,11,11,0,1.0
9,Baseline,rec90,Tool wear,7,2,5,0.2857142857142857
9,Baseline,rec90,No mechanism recorded,2,0,2,0.0
9,Baseline,fpr1,Heat dissipation,17,17,0,1.0
9,Baseline,fpr1,Power,14,11,3,0.7857142857142857
9,Baseline,fpr1,Overstrain,11,9,2,0.8181818181818182
9,Baseline,fpr1,Tool wear,7,0,7,0.0
9,Baseline,fpr1,No mechanism recorded,2,0,2,0.0
9,Baseline,fpr2,Heat dissipation,17,17,0,1.0
9,Baseline,fpr2,Power,14,13,1,0.9285714285714286
9,Baseline,fpr2,Overstrain,11,10,1,0.9090909090909091
9,Baseline,fpr2,Tool wear,7,0,7,0.0
9,Baseline,fpr2,No mechanism recorded,2,0,2,0.0
9,Borderline-SMOTE,t0.5,Heat dissipation,17,17,0,1.0
9,Borderline-SMOTE,t0.5,Power,14,12,2,0.8571428571428571
9,Borderline-SMOTE,t0.5,Overstrain,11,10,1,0.9090909090909091
9,Borderline-SMOTE,t0.5,Tool wear,7,0,7,0.0
9,Borderline-SMOTE,t0.5,No mechanism recorded,2,0,2,0.0
9,Borderline-SMOTE,F1opt,Heat dissipation,17,15,2,0.8823529411764706
9,Borderline-SMOTE,F1opt,Power,14,10,4,0.7142857142857143
9,Borderline-SMOTE,F1opt,Overstrain,11,10,1,0.9090909090909091
9,Borderline-SMOTE,F1opt,Tool wear,7,0,7,0.0
9,Borderline-SMOTE,F1opt,No mechanism recorded,2,0,2,0.0
9,Borderline-SMOTE,rec80,Heat dissipation,17,17,0,1.0
9,Borderline-SMOTE,rec80,Power,14,13,1,0.9285714285714286
9,Borderline-SMOTE,rec80,Overstrain,11,11,0,1.0
9,Borderline-SMOTE,rec80,Tool wear,7,0,7,0.0
9,Borderline-SMOTE,rec80,No mechanism recorded,2,0,2,0.0
9,Borderline-SMOTE,rec90,Heat dissipation,17,17,0,1.0
9,Borderline-SMOTE,rec90,Power,14,13,1,0.9285714285714286
9,Borderline-SMOTE,rec90,Overstrain,11,11,0,1.0
9,Borderline-SMOTE,rec90,Tool wear,7,3,4,0.42857142857142855
9,Borderline-SMOTE,rec90,No mechanism recorded,2,0,2,0.0
9,Borderline-SMOTE,fpr1,Heat dissipation,17,16,1,0.9411764705882353
9,Borderline-SMOTE,fpr1,Power,14,11,3,0.7857142857142857
9,Borderline-SMOTE,fpr1,Overstrain,11,10,1,0.9090909090909091
9,Borderline-SMOTE,fpr1,Tool wear,7,0,7,0.0
9,Borderline-SMOTE,fpr1,No mechanism recorded,2,0,2,0.0
9,Borderline-SMOTE,fpr2,Heat dissipation,17,17,0,1.0
9,Borderline-SMOTE,fpr2,Power,14,12,2,0.8571428571428571
9,Borderline-SMOTE,fpr2,Overstrain,11,10,1,0.9090909090909091
9,Borderline-SMOTE,fpr2,Tool wear,7,0,7,0.0
9,Borderline-SMOTE,fpr2,No mechanism recorded,2,0,2,0.0
9,Multi WGAN-GP,t0.5,Heat dissipation,17,17,0,1.0
9,Multi WGAN-GP,t0.5,Power,14,13,1,0.9285714285714286
9,Multi WGAN-GP,t0.5,Overstrain,11,11,0,1.0
9,Multi WGAN-GP,t0.5,Tool wear,7,2,5,0.2857142857142857
9,Multi WGAN-GP,t0.5,No mechanism recorded,2,0,2,0.0
9,Multi WGAN-GP,F1opt,Heat dissipation,17,17,0,1.0
9,Multi WGAN-GP,F1opt,Power,14,8,6,0.5714285714285714
9,Multi WGAN-GP,F1opt,Overstrain,11,6,5,0.5454545454545454
9,Multi WGAN-GP,F1opt,Tool wear,7,0,7,0.0
9,Multi WGAN-GP,F1opt,No mechanism recorded,2,0,2,0.0
9,Multi WGAN-GP,rec80,Heat dissipation,17,17,0,1.0
9,Multi WGAN-GP,rec80,Power,14,13,1,0.9285714285714286
9,Multi WGAN-GP,rec80,Overstrain,11,11,0,1.0
9,Multi WGAN-GP,rec80,Tool wear,7,1,6,0.14285714285714285
9,Multi WGAN-GP,rec80,No mechanism recorded,2,0,2,0.0
9,Multi WGAN-GP,rec90,Heat dissipation,17,17,0,1.0
9,Multi WGAN-GP,rec90,Power,14,13,1,0.9285714285714286
9,Multi WGAN-GP,rec90,Overstrain,11,11,0,1.0
9,Multi WGAN-GP,rec90,Tool wear,7,2,5,0.2857142857142857
9,Multi WGAN-GP,rec90,No mechanism recorded,2,0,2,0.0
9,Multi WGAN-GP,fpr1,Heat dissipation,17,17,0,1.0
9,Multi WGAN-GP,fpr1,Power,14,10,4,0.7142857142857143
9,Multi WGAN-GP,fpr1,Overstrain,11,8,3,0.7272727272727273
9,Multi WGAN-GP,fpr1,Tool wear,7,0,7,0.0
9,Multi WGAN-GP,fpr1,No mechanism recorded,2,0,2,0.0
9,Multi WGAN-GP,fpr2,Heat dissipation,17,17,0,1.0
9,Multi WGAN-GP,fpr2,Power,14,10,4,0.7142857142857143
9,Multi WGAN-GP,fpr2,Overstrain,11,10,1,0.9090909090909091
9,Multi WGAN-GP,fpr2,Tool wear,7,0,7,0.0
9,Multi WGAN-GP,fpr2,No mechanism recorded,2,0,2,0.0
9,RUS,t0.5,Heat dissipation,17,17,0,1.0
9,RUS,t0.5,Power,14,13,1,0.9285714285714286
9,RUS,t0.5,Overstrain,11,11,0,1.0
9,RUS,t0.5,Tool wear,7,6,1,0.8571428571428571
9,RUS,t0.5,No mechanism recorded,2,0,2,0.0
9,RUS,F1opt,Heat dissipation,17,17,0,1.0
9,RUS,F1opt,Power,14,10,4,0.7142857142857143
9,RUS,F1opt,Overstrain,11,8,3,0.7272727272727273
9,RUS,F1opt,Tool wear,7,0,7,0.0
9,RUS,F1opt,No mechanism recorded,2,0,2,0.0
9,RUS,rec80,Heat dissipation,17,17,0,1.0
9,RUS,rec80,Power,14,12,2,0.8571428571428571
9,RUS,rec80,Overstrain,11,11,0,1.0
9,RUS,rec80,Tool wear,7,0,7,0.0
9,RUS,rec80,No mechanism recorded,2,0,2,0.0
9,RUS,rec90,Heat dissipation,17,17,0,1.0
9,RUS,rec90,Power,14,13,1,0.9285714285714286
9,RUS,rec90,Overstrain,11,11,0,1.0
9,RUS,rec90,Tool wear,7,2,5,0.2857142857142857
9,RUS,rec90,No mechanism recorded,2,0,2,0.0
9,RUS,fpr1,Heat dissipation,17,17,0,1.0
9,RUS,fpr1,Power,14,10,4,0.7142857142857143
9,RUS,fpr1,Overstrain,11,8,3,0.7272727272727273
9,RUS,fpr1,Tool wear,7,0,7,0.0
9,RUS,fpr1,No mechanism recorded,2,0,2,0.0
9,RUS,fpr2,Heat dissipation,17,17,0,1.0
9,RUS,fpr2,Power,14,11,3,0.7857142857142857
9,RUS,fpr2,Overstrain,11,10,1,0.9090909090909091
9,RUS,fpr2,Tool wear,7,0,7,0.0
9,RUS,fpr2,No mechanism recorded,2,0,2,0.0
9,SMOTE,t0.5,Heat dissipation,17,17,0,1.0
9,SMOTE,t0.5,Power,14,13,1,0.9285714285714286
9,SMOTE,t0.5,Overstrain,11,10,1,0.9090909090909091
9,SMOTE,t0.5,Tool wear,7,0,7,0.0
9,SMOTE,t0.5,No mechanism recorded,2,0,2,0.0
9,SMOTE,F1opt,Heat dissipation,17,15,2,0.8823529411764706
9,SMOTE,F1opt,Power,14,7,7,0.5
9,SMOTE,F1opt,Overstrain,11,8,3,0.7272727272727273
9,SMOTE,F1opt,Tool wear,7,0,7,0.0
9,SMOTE,F1opt,No mechanism recorded,2,0,2,0.0
9,SMOTE,rec80,Heat dissipation,17,17,0,1.0
9,SMOTE,rec80,Power,14,13,1,0.9285714285714286
9,SMOTE,rec80,Overstrain,11,11,0,1.0
9,SMOTE,rec80,Tool wear,7,0,7,0.0
9,SMOTE,rec80,No mechanism recorded,2,0,2,0.0
9,SMOTE,rec90,Heat dissipation,17,17,0,1.0
9,SMOTE,rec90,Power,14,13,1,0.9285714285714286
9,SMOTE,rec90,Overstrain,11,11,0,1.0
9,SMOTE,rec90,Tool wear,7,1,6,0.14285714285714285
9,SMOTE,rec90,No mechanism recorded,2,0,2,0.0
9,SMOTE,fpr1,Heat dissipation,17,15,2,0.8823529411764706
9,SMOTE,fpr1,Power,14,10,4,0.7142857142857143
9,SMOTE,fpr1,Overstrain,11,10,1,0.9090909090909091
9,SMOTE,fpr1,Tool wear,7,0,7,0.0
9,SMOTE,fpr1,No mechanism recorded,2,0,2,0.0
9,SMOTE,fpr2,Heat dissipation,17,17,0,1.0
9,SMOTE,fpr2,Power,14,13,1,0.9285714285714286
9,SMOTE,fpr2,Overstrain,11,10,1,0.9090909090909091
9,SMOTE,fpr2,Tool wear,7,0,7,0.0
9,SMOTE,fpr2,No mechanism recorded,2,0,2,0.0
9,SMOTENC,t0.5,Heat dissipation,17,17,0,1.0
9,SMOTENC,t0.5,Power,14,12,2,0.8571428571428571
9,SMOTENC,t0.5,Overstrain,11,10,1,0.9090909090909091
9,SMOTENC,t0.5,Tool wear,7,0,7,0.0
9,SMOTENC,t0.5,No mechanism recorded,2,0,2,0.0
9,SMOTENC,F1opt,Heat dissipation,17,15,2,0.8823529411764706
9,SMOTENC,F1opt,Power,14,8,6,0.5714285714285714
9,SMOTENC,F1opt,Overstrain,11,8,3,0.7272727272727273
9,SMOTENC,F1opt,Tool wear,7,0,7,0.0
9,SMOTENC,F1opt,No mechanism recorded,2,0,2,0.0
9,SMOTENC,rec80,Heat dissipation,17,17,0,1.0
9,SMOTENC,rec80,Power,14,13,1,0.9285714285714286
9,SMOTENC,rec80,Overstrain,11,11,0,1.0
9,SMOTENC,rec80,Tool wear,7,0,7,0.0
9,SMOTENC,rec80,No mechanism recorded,2,0,2,0.0
9,SMOTENC,rec90,Heat dissipation,17,17,0,1.0
9,SMOTENC,rec90,Power,14,13,1,0.9285714285714286
9,SMOTENC,rec90,Overstrain,11,11,0,1.0
9,SMOTENC,rec90,Tool wear,7,0,7,0.0
9,SMOTENC,rec90,No mechanism recorded,2,0,2,0.0
9,SMOTENC,fpr1,Heat dissipation,17,17,0,1.0
9,SMOTENC,fpr1,Power,14,12,2,0.8571428571428571
9,SMOTENC,fpr1,Overstrain,11,10,1,0.9090909090909091
9,SMOTENC,fpr1,Tool wear,7,0,7,0.0
9,SMOTENC,fpr1,No mechanism recorded,2,0,2,0.0
9,SMOTENC,fpr2,Heat dissipation,17,17,0,1.0
9,SMOTENC,fpr2,Power,14,12,2,0.8571428571428571
9,SMOTENC,fpr2,Overstrain,11,10,1,0.9090909090909091
9,SMOTENC,fpr2,Tool wear,7,0,7,0.0
9,SMOTENC,fpr2,No mechanism recorded,2,0,2,0.0
9,Single WGAN-GP,t0.5,Heat dissipation,17,17,0,1.0
9,Single WGAN-GP,t0.5,Power,14,13,1,0.9285714285714286
9,Single WGAN-GP,t0.5,Overstrain,11,11,0,1.0
9,Single WGAN-GP,t0.5,Tool wear,7,0,7,0.0
9,Single WGAN-GP,t0.5,No mechanism recorded,2,0,2,0.0
9,Single WGAN-GP,F1opt,Heat dissipation,17,17,0,1.0
9,Single WGAN-GP,F1opt,Power,14,12,2,0.8571428571428571
9,Single WGAN-GP,F1opt,Overstrain,11,7,4,0.6363636363636364
9,Single WGAN-GP,F1opt,Tool wear,7,0,7,0.0
9,Single WGAN-GP,F1opt,No mechanism recorded,2,0,2,0.0
9,Single WGAN-GP,rec80,Heat dissipation,17,17,0,1.0
9,Single WGAN-GP,rec80,Power,14,13,1,0.9285714285714286
9,Single WGAN-GP,rec80,Overstrain,11,11,0,1.0
9,Single WGAN-GP,rec80,Tool wear,7,0,7,0.0
9,Single WGAN-GP,rec80,No mechanism recorded,2,0,2,0.0
9,Single WGAN-GP,rec90,Heat dissipation,17,17,0,1.0
9,Single WGAN-GP,rec90,Power,14,13,1,0.9285714285714286
9,Single WGAN-GP,rec90,Overstrain,11,11,0,1.0
9,Single WGAN-GP,rec90,Tool wear,7,0,7,0.0
9,Single WGAN-GP,rec90,No mechanism recorded,2,0,2,0.0
9,Single WGAN-GP,fpr1,Heat dissipation,17,17,0,1.0
9,Single WGAN-GP,fpr1,Power,14,12,2,0.8571428571428571
9,Single WGAN-GP,fpr1,Overstrain,11,5,6,0.45454545454545453
9,Single WGAN-GP,fpr1,Tool wear,7,0,7,0.0
9,Single WGAN-GP,fpr1,No mechanism recorded,2,0,2,0.0
9,Single WGAN-GP,fpr2,Heat dissipation,17,17,0,1.0
9,Single WGAN-GP,fpr2,Power,14,12,2,0.8571428571428571
9,Single WGAN-GP,fpr2,Overstrain,11,8,3,0.7272727272727273
9,Single WGAN-GP,fpr2,Tool wear,7,0,7,0.0
9,Single WGAN-GP,fpr2,No mechanism recorded,2,0,2,0.0
10,ADASYN,t0.5,Heat dissipation,17,16,1,0.9411764705882353
10,ADASYN,t0.5,Power,14,11,3,0.7857142857142857
10,ADASYN,t0.5,Overstrain,12,11,1,0.9166666666666666
10,ADASYN,t0.5,Tool wear,7,1,6,0.14285714285714285
10,ADASYN,t0.5,No mechanism recorded,1,0,1,0.0
10,ADASYN,F1opt,Heat dissipation,17,12,5,0.7058823529411765
10,ADASYN,F1opt,Power,14,4,10,0.2857142857142857
10,ADASYN,F1opt,Overstrain,12,9,3,0.75
10,ADASYN,F1opt,Tool wear,7,0,7,0.0
10,ADASYN,F1opt,No mechanism recorded,1,0,1,0.0
10,ADASYN,rec80,Heat dissipation,17,17,0,1.0
10,ADASYN,rec80,Power,14,13,1,0.9285714285714286
10,ADASYN,rec80,Overstrain,12,12,0,1.0
10,ADASYN,rec80,Tool wear,7,3,4,0.42857142857142855
10,ADASYN,rec80,No mechanism recorded,1,0,1,0.0
10,ADASYN,rec90,Heat dissipation,17,17,0,1.0
10,ADASYN,rec90,Power,14,14,0,1.0
10,ADASYN,rec90,Overstrain,12,12,0,1.0
10,ADASYN,rec90,Tool wear,7,5,2,0.7142857142857143
10,ADASYN,rec90,No mechanism recorded,1,0,1,0.0
10,ADASYN,fpr1,Heat dissipation,17,14,3,0.8235294117647058
10,ADASYN,fpr1,Power,14,8,6,0.5714285714285714
10,ADASYN,fpr1,Overstrain,12,10,2,0.8333333333333334
10,ADASYN,fpr1,Tool wear,7,0,7,0.0
10,ADASYN,fpr1,No mechanism recorded,1,0,1,0.0
10,ADASYN,fpr2,Heat dissipation,17,17,0,1.0
10,ADASYN,fpr2,Power,14,13,1,0.9285714285714286
10,ADASYN,fpr2,Overstrain,12,12,0,1.0
10,ADASYN,fpr2,Tool wear,7,1,6,0.14285714285714285
10,ADASYN,fpr2,No mechanism recorded,1,0,1,0.0
10,Baseline,t0.5,Heat dissipation,17,15,2,0.8823529411764706
10,Baseline,t0.5,Power,14,4,10,0.2857142857142857
10,Baseline,t0.5,Overstrain,12,7,5,0.5833333333333334
10,Baseline,t0.5,Tool wear,7,0,7,0.0
10,Baseline,t0.5,No mechanism recorded,1,0,1,0.0
10,Baseline,F1opt,Heat dissipation,17,17,0,1.0
10,Baseline,F1opt,Power,14,8,6,0.5714285714285714
10,Baseline,F1opt,Overstrain,12,10,2,0.8333333333333334
10,Baseline,F1opt,Tool wear,7,1,6,0.14285714285714285
10,Baseline,F1opt,No mechanism recorded,1,0,1,0.0
10,Baseline,rec80,Heat dissipation,17,17,0,1.0
10,Baseline,rec80,Power,14,12,2,0.8571428571428571
10,Baseline,rec80,Overstrain,12,12,0,1.0
10,Baseline,rec80,Tool wear,7,2,5,0.2857142857142857
10,Baseline,rec80,No mechanism recorded,1,0,1,0.0
10,Baseline,rec90,Heat dissipation,17,17,0,1.0
10,Baseline,rec90,Power,14,14,0,1.0
10,Baseline,rec90,Overstrain,12,12,0,1.0
10,Baseline,rec90,Tool wear,7,6,1,0.8571428571428571
10,Baseline,rec90,No mechanism recorded,1,0,1,0.0
10,Baseline,fpr1,Heat dissipation,17,17,0,1.0
10,Baseline,fpr1,Power,14,8,6,0.5714285714285714
10,Baseline,fpr1,Overstrain,12,10,2,0.8333333333333334
10,Baseline,fpr1,Tool wear,7,1,6,0.14285714285714285
10,Baseline,fpr1,No mechanism recorded,1,0,1,0.0
10,Baseline,fpr2,Heat dissipation,17,17,0,1.0
10,Baseline,fpr2,Power,14,12,2,0.8571428571428571
10,Baseline,fpr2,Overstrain,12,12,0,1.0
10,Baseline,fpr2,Tool wear,7,2,5,0.2857142857142857
10,Baseline,fpr2,No mechanism recorded,1,0,1,0.0
10,Borderline-SMOTE,t0.5,Heat dissipation,17,15,2,0.8823529411764706
10,Borderline-SMOTE,t0.5,Power,14,10,4,0.7142857142857143
10,Borderline-SMOTE,t0.5,Overstrain,12,11,1,0.9166666666666666
10,Borderline-SMOTE,t0.5,Tool wear,7,1,6,0.14285714285714285
10,Borderline-SMOTE,t0.5,No mechanism recorded,1,0,1,0.0
10,Borderline-SMOTE,F1opt,Heat dissipation,17,12,5,0.7058823529411765
10,Borderline-SMOTE,F1opt,Power,14,2,12,0.14285714285714285
10,Borderline-SMOTE,F1opt,Overstrain,12,7,5,0.5833333333333334
10,Borderline-SMOTE,F1opt,Tool wear,7,0,7,0.0
10,Borderline-SMOTE,F1opt,No mechanism recorded,1,0,1,0.0
10,Borderline-SMOTE,rec80,Heat dissipation,17,17,0,1.0
10,Borderline-SMOTE,rec80,Power,14,13,1,0.9285714285714286
10,Borderline-SMOTE,rec80,Overstrain,12,12,0,1.0
10,Borderline-SMOTE,rec80,Tool wear,7,3,4,0.42857142857142855
10,Borderline-SMOTE,rec80,No mechanism recorded,1,0,1,0.0
10,Borderline-SMOTE,rec90,Heat dissipation,17,17,0,1.0
10,Borderline-SMOTE,rec90,Power,14,14,0,1.0
10,Borderline-SMOTE,rec90,Overstrain,12,12,0,1.0
10,Borderline-SMOTE,rec90,Tool wear,7,6,1,0.8571428571428571
10,Borderline-SMOTE,rec90,No mechanism recorded,1,0,1,0.0
10,Borderline-SMOTE,fpr1,Heat dissipation,17,14,3,0.8235294117647058
10,Borderline-SMOTE,fpr1,Power,14,7,7,0.5
10,Borderline-SMOTE,fpr1,Overstrain,12,10,2,0.8333333333333334
10,Borderline-SMOTE,fpr1,Tool wear,7,0,7,0.0
10,Borderline-SMOTE,fpr1,No mechanism recorded,1,0,1,0.0
10,Borderline-SMOTE,fpr2,Heat dissipation,17,15,2,0.8823529411764706
10,Borderline-SMOTE,fpr2,Power,14,11,3,0.7857142857142857
10,Borderline-SMOTE,fpr2,Overstrain,12,11,1,0.9166666666666666
10,Borderline-SMOTE,fpr2,Tool wear,7,2,5,0.2857142857142857
10,Borderline-SMOTE,fpr2,No mechanism recorded,1,0,1,0.0
10,Multi WGAN-GP,t0.5,Heat dissipation,17,17,0,1.0
10,Multi WGAN-GP,t0.5,Power,14,12,2,0.8571428571428571
10,Multi WGAN-GP,t0.5,Overstrain,12,12,0,1.0
10,Multi WGAN-GP,t0.5,Tool wear,7,4,3,0.5714285714285714
10,Multi WGAN-GP,t0.5,No mechanism recorded,1,0,1,0.0
10,Multi WGAN-GP,F1opt,Heat dissipation,17,15,2,0.8823529411764706
10,Multi WGAN-GP,F1opt,Power,14,9,5,0.6428571428571429
10,Multi WGAN-GP,F1opt,Overstrain,12,11,1,0.9166666666666666
10,Multi WGAN-GP,F1opt,Tool wear,7,1,6,0.14285714285714285
10,Multi WGAN-GP,F1opt,No mechanism recorded,1,0,1,0.0
10,Multi WGAN-GP,rec80,Heat dissipation,17,17,0,1.0
10,Multi WGAN-GP,rec80,Power,14,10,4,0.7142857142857143
10,Multi WGAN-GP,rec80,Overstrain,12,12,0,1.0
10,Multi WGAN-GP,rec80,Tool wear,7,3,4,0.42857142857142855
10,Multi WGAN-GP,rec80,No mechanism recorded,1,0,1,0.0
10,Multi WGAN-GP,rec90,Heat dissipation,17,17,0,1.0
10,Multi WGAN-GP,rec90,Power,14,12,2,0.8571428571428571
10,Multi WGAN-GP,rec90,Overstrain,12,12,0,1.0
10,Multi WGAN-GP,rec90,Tool wear,7,4,3,0.5714285714285714
10,Multi WGAN-GP,rec90,No mechanism recorded,1,0,1,0.0
10,Multi WGAN-GP,fpr1,Heat dissipation,17,15,2,0.8823529411764706
10,Multi WGAN-GP,fpr1,Power,14,9,5,0.6428571428571429
10,Multi WGAN-GP,fpr1,Overstrain,12,11,1,0.9166666666666666
10,Multi WGAN-GP,fpr1,Tool wear,7,1,6,0.14285714285714285
10,Multi WGAN-GP,fpr1,No mechanism recorded,1,0,1,0.0
10,Multi WGAN-GP,fpr2,Heat dissipation,17,17,0,1.0
10,Multi WGAN-GP,fpr2,Power,14,10,4,0.7142857142857143
10,Multi WGAN-GP,fpr2,Overstrain,12,11,1,0.9166666666666666
10,Multi WGAN-GP,fpr2,Tool wear,7,1,6,0.14285714285714285
10,Multi WGAN-GP,fpr2,No mechanism recorded,1,0,1,0.0
10,RUS,t0.5,Heat dissipation,17,17,0,1.0
10,RUS,t0.5,Power,14,14,0,1.0
10,RUS,t0.5,Overstrain,12,12,0,1.0
10,RUS,t0.5,Tool wear,7,6,1,0.8571428571428571
10,RUS,t0.5,No mechanism recorded,1,0,1,0.0
10,RUS,F1opt,Heat dissipation,17,15,2,0.8823529411764706
10,RUS,F1opt,Power,14,5,9,0.35714285714285715
10,RUS,F1opt,Overstrain,12,10,2,0.8333333333333334
10,RUS,F1opt,Tool wear,7,1,6,0.14285714285714285
10,RUS,F1opt,No mechanism recorded,1,0,1,0.0
10,RUS,rec80,Heat dissipation,17,16,1,0.9411764705882353
10,RUS,rec80,Power,14,11,3,0.7857142857142857
10,RUS,rec80,Overstrain,12,12,0,1.0
10,RUS,rec80,Tool wear,7,2,5,0.2857142857142857
10,RUS,rec80,No mechanism recorded,1,0,1,0.0
10,RUS,rec90,Heat dissipation,17,17,0,1.0
10,RUS,rec90,Power,14,13,1,0.9285714285714286
10,RUS,rec90,Overstrain,12,12,0,1.0
10,RUS,rec90,Tool wear,7,5,2,0.7142857142857143
10,RUS,rec90,No mechanism recorded,1,0,1,0.0
10,RUS,fpr1,Heat dissipation,17,15,2,0.8823529411764706
10,RUS,fpr1,Power,14,5,9,0.35714285714285715
10,RUS,fpr1,Overstrain,12,10,2,0.8333333333333334
10,RUS,fpr1,Tool wear,7,1,6,0.14285714285714285
10,RUS,fpr1,No mechanism recorded,1,0,1,0.0
10,RUS,fpr2,Heat dissipation,17,16,1,0.9411764705882353
10,RUS,fpr2,Power,14,7,7,0.5
10,RUS,fpr2,Overstrain,12,11,1,0.9166666666666666
10,RUS,fpr2,Tool wear,7,1,6,0.14285714285714285
10,RUS,fpr2,No mechanism recorded,1,0,1,0.0
10,SMOTE,t0.5,Heat dissipation,17,16,1,0.9411764705882353
10,SMOTE,t0.5,Power,14,13,1,0.9285714285714286
10,SMOTE,t0.5,Overstrain,12,12,0,1.0
10,SMOTE,t0.5,Tool wear,7,1,6,0.14285714285714285
10,SMOTE,t0.5,No mechanism recorded,1,0,1,0.0
10,SMOTE,F1opt,Heat dissipation,17,12,5,0.7058823529411765
10,SMOTE,F1opt,Power,14,3,11,0.21428571428571427
10,SMOTE,F1opt,Overstrain,12,9,3,0.75
10,SMOTE,F1opt,Tool wear,7,0,7,0.0
10,SMOTE,F1opt,No mechanism recorded,1,0,1,0.0
10,SMOTE,rec80,Heat dissipation,17,17,0,1.0
10,SMOTE,rec80,Power,14,13,1,0.9285714285714286
10,SMOTE,rec80,Overstrain,12,12,0,1.0
10,SMOTE,rec80,Tool wear,7,3,4,0.42857142857142855
10,SMOTE,rec80,No mechanism recorded,1,0,1,0.0
10,SMOTE,rec90,Heat dissipation,17,17,0,1.0
10,SMOTE,rec90,Power,14,14,0,1.0
10,SMOTE,rec90,Overstrain,12,12,0,1.0
10,SMOTE,rec90,Tool wear,7,5,2,0.7142857142857143
10,SMOTE,rec90,No mechanism recorded,1,0,1,0.0
10,SMOTE,fpr1,Heat dissipation,17,12,5,0.7058823529411765
10,SMOTE,fpr1,Power,14,7,7,0.5
10,SMOTE,fpr1,Overstrain,12,9,3,0.75
10,SMOTE,fpr1,Tool wear,7,0,7,0.0
10,SMOTE,fpr1,No mechanism recorded,1,0,1,0.0
10,SMOTE,fpr2,Heat dissipation,17,16,1,0.9411764705882353
10,SMOTE,fpr2,Power,14,13,1,0.9285714285714286
10,SMOTE,fpr2,Overstrain,12,12,0,1.0
10,SMOTE,fpr2,Tool wear,7,1,6,0.14285714285714285
10,SMOTE,fpr2,No mechanism recorded,1,0,1,0.0
10,SMOTENC,t0.5,Heat dissipation,17,16,1,0.9411764705882353
10,SMOTENC,t0.5,Power,14,13,1,0.9285714285714286
10,SMOTENC,t0.5,Overstrain,12,12,0,1.0
10,SMOTENC,t0.5,Tool wear,7,0,7,0.0
10,SMOTENC,t0.5,No mechanism recorded,1,0,1,0.0
10,SMOTENC,F1opt,Heat dissipation,17,12,5,0.7058823529411765
10,SMOTENC,F1opt,Power,14,3,11,0.21428571428571427
10,SMOTENC,F1opt,Overstrain,12,9,3,0.75
10,SMOTENC,F1opt,Tool wear,7,0,7,0.0
10,SMOTENC,F1opt,No mechanism recorded,1,0,1,0.0
10,SMOTENC,rec80,Heat dissipation,17,16,1,0.9411764705882353
10,SMOTENC,rec80,Power,14,13,1,0.9285714285714286
10,SMOTENC,rec80,Overstrain,12,12,0,1.0
10,SMOTENC,rec80,Tool wear,7,0,7,0.0
10,SMOTENC,rec80,No mechanism recorded,1,0,1,0.0
10,SMOTENC,rec90,Heat dissipation,17,17,0,1.0
10,SMOTENC,rec90,Power,14,14,0,1.0
10,SMOTENC,rec90,Overstrain,12,12,0,1.0
10,SMOTENC,rec90,Tool wear,7,5,2,0.7142857142857143
10,SMOTENC,rec90,No mechanism recorded,1,0,1,0.0
10,SMOTENC,fpr1,Heat dissipation,17,13,4,0.7647058823529411
10,SMOTENC,fpr1,Power,14,7,7,0.5
10,SMOTENC,fpr1,Overstrain,12,10,2,0.8333333333333334
10,SMOTENC,fpr1,Tool wear,7,0,7,0.0
10,SMOTENC,fpr1,No mechanism recorded,1,0,1,0.0
10,SMOTENC,fpr2,Heat dissipation,17,16,1,0.9411764705882353
10,SMOTENC,fpr2,Power,14,13,1,0.9285714285714286
10,SMOTENC,fpr2,Overstrain,12,12,0,1.0
10,SMOTENC,fpr2,Tool wear,7,0,7,0.0
10,SMOTENC,fpr2,No mechanism recorded,1,0,1,0.0
10,Single WGAN-GP,t0.5,Heat dissipation,17,17,0,1.0
10,Single WGAN-GP,t0.5,Power,14,14,0,1.0
10,Single WGAN-GP,t0.5,Overstrain,12,12,0,1.0
10,Single WGAN-GP,t0.5,Tool wear,7,3,4,0.42857142857142855
10,Single WGAN-GP,t0.5,No mechanism recorded,1,0,1,0.0
10,Single WGAN-GP,F1opt,Heat dissipation,17,14,3,0.8235294117647058
10,Single WGAN-GP,F1opt,Power,14,8,6,0.5714285714285714
10,Single WGAN-GP,F1opt,Overstrain,12,8,4,0.6666666666666666
10,Single WGAN-GP,F1opt,Tool wear,7,0,7,0.0
10,Single WGAN-GP,F1opt,No mechanism recorded,1,0,1,0.0
10,Single WGAN-GP,rec80,Heat dissipation,17,14,3,0.8235294117647058
10,Single WGAN-GP,rec80,Power,14,11,3,0.7857142857142857
10,Single WGAN-GP,rec80,Overstrain,12,11,1,0.9166666666666666
10,Single WGAN-GP,rec80,Tool wear,7,2,5,0.2857142857142857
10,Single WGAN-GP,rec80,No mechanism recorded,1,0,1,0.0
10,Single WGAN-GP,rec90,Heat dissipation,17,17,0,1.0
10,Single WGAN-GP,rec90,Power,14,14,0,1.0
10,Single WGAN-GP,rec90,Overstrain,12,12,0,1.0
10,Single WGAN-GP,rec90,Tool wear,7,4,3,0.5714285714285714
10,Single WGAN-GP,rec90,No mechanism recorded,1,0,1,0.0
10,Single WGAN-GP,fpr1,Heat dissipation,17,14,3,0.8235294117647058
10,Single WGAN-GP,fpr1,Power,14,10,4,0.7142857142857143
10,Single WGAN-GP,fpr1,Overstrain,12,9,3,0.75
10,Single WGAN-GP,fpr1,Tool wear,7,1,6,0.14285714285714285
10,Single WGAN-GP,fpr1,No mechanism recorded,1,0,1,0.0
10,Single WGAN-GP,fpr2,Heat dissipation,17,14,3,0.8235294117647058
10,Single WGAN-GP,fpr2,Power,14,11,3,0.7857142857142857
10,Single WGAN-GP,fpr2,Overstrain,12,11,1,0.9166666666666666
10,Single WGAN-GP,fpr2,Tool wear,7,2,5,0.2857142857142857
10,Single WGAN-GP,fpr2,No mechanism recorded,1,0,1,0.0
11,ADASYN,t0.5,Heat dissipation,17,17,0,1.0
11,ADASYN,t0.5,Power,14,12,2,0.8571428571428571
11,ADASYN,t0.5,Overstrain,11,11,0,1.0
11,ADASYN,t0.5,Tool wear,7,1,6,0.14285714285714285
11,ADASYN,t0.5,No mechanism recorded,1,0,1,0.0
11,ADASYN,F1opt,Heat dissipation,17,16,1,0.9411764705882353
11,ADASYN,F1opt,Power,14,10,4,0.7142857142857143
11,ADASYN,F1opt,Overstrain,11,9,2,0.8181818181818182
11,ADASYN,F1opt,Tool wear,7,0,7,0.0
11,ADASYN,F1opt,No mechanism recorded,1,0,1,0.0
11,ADASYN,rec80,Heat dissipation,17,17,0,1.0
11,ADASYN,rec80,Power,14,12,2,0.8571428571428571
11,ADASYN,rec80,Overstrain,11,11,0,1.0
11,ADASYN,rec80,Tool wear,7,1,6,0.14285714285714285
11,ADASYN,rec80,No mechanism recorded,1,0,1,0.0
11,ADASYN,rec90,Heat dissipation,17,17,0,1.0
11,ADASYN,rec90,Power,14,13,1,0.9285714285714286
11,ADASYN,rec90,Overstrain,11,11,0,1.0
11,ADASYN,rec90,Tool wear,7,4,3,0.5714285714285714
11,ADASYN,rec90,No mechanism recorded,1,0,1,0.0
11,ADASYN,fpr1,Heat dissipation,17,16,1,0.9411764705882353
11,ADASYN,fpr1,Power,14,10,4,0.7142857142857143
11,ADASYN,fpr1,Overstrain,11,9,2,0.8181818181818182
11,ADASYN,fpr1,Tool wear,7,0,7,0.0
11,ADASYN,fpr1,No mechanism recorded,1,0,1,0.0
11,ADASYN,fpr2,Heat dissipation,17,17,0,1.0
11,ADASYN,fpr2,Power,14,11,3,0.7857142857142857
11,ADASYN,fpr2,Overstrain,11,9,2,0.8181818181818182
11,ADASYN,fpr2,Tool wear,7,1,6,0.14285714285714285
11,ADASYN,fpr2,No mechanism recorded,1,0,1,0.0
11,Baseline,t0.5,Heat dissipation,17,17,0,1.0
11,Baseline,t0.5,Power,14,8,6,0.5714285714285714
11,Baseline,t0.5,Overstrain,11,6,5,0.5454545454545454
11,Baseline,t0.5,Tool wear,7,0,7,0.0
11,Baseline,t0.5,No mechanism recorded,1,0,1,0.0
11,Baseline,F1opt,Heat dissipation,17,17,0,1.0
11,Baseline,F1opt,Power,14,9,5,0.6428571428571429
11,Baseline,F1opt,Overstrain,11,6,5,0.5454545454545454
11,Baseline,F1opt,Tool wear,7,0,7,0.0
11,Baseline,F1opt,No mechanism recorded,1,0,1,0.0
11,Baseline,rec80,Heat dissipation,17,17,0,1.0
11,Baseline,rec80,Power,14,12,2,0.8571428571428571
11,Baseline,rec80,Overstrain,11,11,0,1.0
11,Baseline,rec80,Tool wear,7,1,6,0.14285714285714285
11,Baseline,rec80,No mechanism recorded,1,0,1,0.0
11,Baseline,rec90,Heat dissipation,17,17,0,1.0
11,Baseline,rec90,Power,14,13,1,0.9285714285714286
11,Baseline,rec90,Overstrain,11,11,0,1.0
11,Baseline,rec90,Tool wear,7,5,2,0.7142857142857143
11,Baseline,rec90,No mechanism recorded,1,0,1,0.0
11,Baseline,fpr1,Heat dissipation,17,17,0,1.0
11,Baseline,fpr1,Power,14,12,2,0.8571428571428571
11,Baseline,fpr1,Overstrain,11,7,4,0.6363636363636364
11,Baseline,fpr1,Tool wear,7,1,6,0.14285714285714285
11,Baseline,fpr1,No mechanism recorded,1,0,1,0.0
11,Baseline,fpr2,Heat dissipation,17,17,0,1.0
11,Baseline,fpr2,Power,14,12,2,0.8571428571428571
11,Baseline,fpr2,Overstrain,11,10,1,0.9090909090909091
11,Baseline,fpr2,Tool wear,7,1,6,0.14285714285714285
11,Baseline,fpr2,No mechanism recorded,1,0,1,0.0
11,Borderline-SMOTE,t0.5,Heat dissipation,17,17,0,1.0
11,Borderline-SMOTE,t0.5,Power,14,12,2,0.8571428571428571
11,Borderline-SMOTE,t0.5,Overstrain,11,9,2,0.8181818181818182
11,Borderline-SMOTE,t0.5,Tool wear,7,1,6,0.14285714285714285
11,Borderline-SMOTE,t0.5,No mechanism recorded,1,0,1,0.0
11,Borderline-SMOTE,F1opt,Heat dissipation,17,16,1,0.9411764705882353
11,Borderline-SMOTE,F1opt,Power,14,6,8,0.42857142857142855
11,Borderline-SMOTE,F1opt,Overstrain,11,7,4,0.6363636363636364
11,Borderline-SMOTE,F1opt,Tool wear,7,0,7,0.0
11,Borderline-SMOTE,F1opt,No mechanism recorded,1,0,1,0.0
11,Borderline-SMOTE,rec80,Heat dissipation,17,17,0,1.0
11,Borderline-SMOTE,rec80,Power,14,12,2,0.8571428571428571
11,Borderline-SMOTE,rec80,Overstrain,11,11,0,1.0
11,Borderline-SMOTE,rec80,Tool wear,7,2,5,0.2857142857142857
11,Borderline-SMOTE,rec80,No mechanism recorded,1,0,1,0.0
11,Borderline-SMOTE,rec90,Heat dissipation,17,17,0,1.0
11,Borderline-SMOTE,rec90,Power,14,13,1,0.9285714285714286
11,Borderline-SMOTE,rec90,Overstrain,11,11,0,1.0
11,Borderline-SMOTE,rec90,Tool wear,7,4,3,0.5714285714285714
11,Borderline-SMOTE,rec90,No mechanism recorded,1,0,1,0.0
11,Borderline-SMOTE,fpr1,Heat dissipation,17,17,0,1.0
11,Borderline-SMOTE,fpr1,Power,14,12,2,0.8571428571428571
11,Borderline-SMOTE,fpr1,Overstrain,11,8,3,0.7272727272727273
11,Borderline-SMOTE,fpr1,Tool wear,7,1,6,0.14285714285714285
11,Borderline-SMOTE,fpr1,No mechanism recorded,1,0,1,0.0
11,Borderline-SMOTE,fpr2,Heat dissipation,17,17,0,1.0
11,Borderline-SMOTE,fpr2,Power,14,12,2,0.8571428571428571
11,Borderline-SMOTE,fpr2,Overstrain,11,11,0,1.0
11,Borderline-SMOTE,fpr2,Tool wear,7,1,6,0.14285714285714285
11,Borderline-SMOTE,fpr2,No mechanism recorded,1,0,1,0.0
11,Multi WGAN-GP,t0.5,Heat dissipation,17,17,0,1.0
11,Multi WGAN-GP,t0.5,Power,14,12,2,0.8571428571428571
11,Multi WGAN-GP,t0.5,Overstrain,11,11,0,1.0
11,Multi WGAN-GP,t0.5,Tool wear,7,1,6,0.14285714285714285
11,Multi WGAN-GP,t0.5,No mechanism recorded,1,0,1,0.0
11,Multi WGAN-GP,F1opt,Heat dissipation,17,17,0,1.0
11,Multi WGAN-GP,F1opt,Power,14,11,3,0.7857142857142857
11,Multi WGAN-GP,F1opt,Overstrain,11,9,2,0.8181818181818182
11,Multi WGAN-GP,F1opt,Tool wear,7,0,7,0.0
11,Multi WGAN-GP,F1opt,No mechanism recorded,1,0,1,0.0
11,Multi WGAN-GP,rec80,Heat dissipation,17,17,0,1.0
11,Multi WGAN-GP,rec80,Power,14,12,2,0.8571428571428571
11,Multi WGAN-GP,rec80,Overstrain,11,11,0,1.0
11,Multi WGAN-GP,rec80,Tool wear,7,1,6,0.14285714285714285
11,Multi WGAN-GP,rec80,No mechanism recorded,1,0,1,0.0
11,Multi WGAN-GP,rec90,Heat dissipation,17,17,0,1.0
11,Multi WGAN-GP,rec90,Power,14,13,1,0.9285714285714286
11,Multi WGAN-GP,rec90,Overstrain,11,11,0,1.0
11,Multi WGAN-GP,rec90,Tool wear,7,5,2,0.7142857142857143
11,Multi WGAN-GP,rec90,No mechanism recorded,1,1,0,1.0
11,Multi WGAN-GP,fpr1,Heat dissipation,17,17,0,1.0
11,Multi WGAN-GP,fpr1,Power,14,12,2,0.8571428571428571
11,Multi WGAN-GP,fpr1,Overstrain,11,10,1,0.9090909090909091
11,Multi WGAN-GP,fpr1,Tool wear,7,0,7,0.0
11,Multi WGAN-GP,fpr1,No mechanism recorded,1,0,1,0.0
11,Multi WGAN-GP,fpr2,Heat dissipation,17,17,0,1.0
11,Multi WGAN-GP,fpr2,Power,14,12,2,0.8571428571428571
11,Multi WGAN-GP,fpr2,Overstrain,11,11,0,1.0
11,Multi WGAN-GP,fpr2,Tool wear,7,0,7,0.0
11,Multi WGAN-GP,fpr2,No mechanism recorded,1,0,1,0.0
11,RUS,t0.5,Heat dissipation,17,17,0,1.0
11,RUS,t0.5,Power,14,12,2,0.8571428571428571
11,RUS,t0.5,Overstrain,11,11,0,1.0
11,RUS,t0.5,Tool wear,7,5,2,0.7142857142857143
11,RUS,t0.5,No mechanism recorded,1,0,1,0.0
11,RUS,F1opt,Heat dissipation,17,17,0,1.0
11,RUS,F1opt,Power,14,7,7,0.5
11,RUS,F1opt,Overstrain,11,7,4,0.6363636363636364
11,RUS,F1opt,Tool wear,7,0,7,0.0
11,RUS,F1opt,No mechanism recorded,1,0,1,0.0
11,RUS,rec80,Heat dissipation,17,17,0,1.0
11,RUS,rec80,Power,14,10,4,0.7142857142857143
11,RUS,rec80,Overstrain,11,10,1,0.9090909090909091
11,RUS,rec80,Tool wear,7,2,5,0.2857142857142857
11,RUS,rec80,No mechanism recorded,1,0,1,0.0
11,RUS,rec90,Heat dissipation,17,17,0,1.0
11,RUS,rec90,Power,14,12,2,0.8571428571428571
11,RUS,rec90,Overstrain,11,11,0,1.0
11,RUS,rec90,Tool wear,7,5,2,0.7142857142857143
11,RUS,rec90,No mechanism recorded,1,0,1,0.0
11,RUS,fpr1,Heat dissipation,17,17,0,1.0
11,RUS,fpr1,Power,14,7,7,0.5
11,RUS,fpr1,Overstrain,11,7,4,0.6363636363636364
11,RUS,fpr1,Tool wear,7,1,6,0.14285714285714285
11,RUS,fpr1,No mechanism recorded,1,0,1,0.0
11,RUS,fpr2,Heat dissipation,17,17,0,1.0
11,RUS,fpr2,Power,14,7,7,0.5
11,RUS,fpr2,Overstrain,11,9,2,0.8181818181818182
11,RUS,fpr2,Tool wear,7,1,6,0.14285714285714285
11,RUS,fpr2,No mechanism recorded,1,0,1,0.0
11,SMOTE,t0.5,Heat dissipation,17,17,0,1.0
11,SMOTE,t0.5,Power,14,12,2,0.8571428571428571
11,SMOTE,t0.5,Overstrain,11,10,1,0.9090909090909091
11,SMOTE,t0.5,Tool wear,7,1,6,0.14285714285714285
11,SMOTE,t0.5,No mechanism recorded,1,0,1,0.0
11,SMOTE,F1opt,Heat dissipation,17,16,1,0.9411764705882353
11,SMOTE,F1opt,Power,14,8,6,0.5714285714285714
11,SMOTE,F1opt,Overstrain,11,7,4,0.6363636363636364
11,SMOTE,F1opt,Tool wear,7,0,7,0.0
11,SMOTE,F1opt,No mechanism recorded,1,0,1,0.0
11,SMOTE,rec80,Heat dissipation,17,17,0,1.0
11,SMOTE,rec80,Power,14,12,2,0.8571428571428571
11,SMOTE,rec80,Overstrain,11,11,0,1.0
11,SMOTE,rec80,Tool wear,7,2,5,0.2857142857142857
11,SMOTE,rec80,No mechanism recorded,1,0,1,0.0
11,SMOTE,rec90,Heat dissipation,17,17,0,1.0
11,SMOTE,rec90,Power,14,13,1,0.9285714285714286
11,SMOTE,rec90,Overstrain,11,11,0,1.0
11,SMOTE,rec90,Tool wear,7,4,3,0.5714285714285714
11,SMOTE,rec90,No mechanism recorded,1,0,1,0.0
11,SMOTE,fpr1,Heat dissipation,17,16,1,0.9411764705882353
11,SMOTE,fpr1,Power,14,8,6,0.5714285714285714
11,SMOTE,fpr1,Overstrain,11,7,4,0.6363636363636364
11,SMOTE,fpr1,Tool wear,7,0,7,0.0
11,SMOTE,fpr1,No mechanism recorded,1,0,1,0.0
11,SMOTE,fpr2,Heat dissipation,17,16,1,0.9411764705882353
11,SMOTE,fpr2,Power,14,8,6,0.5714285714285714
11,SMOTE,fpr2,Overstrain,11,7,4,0.6363636363636364
11,SMOTE,fpr2,Tool wear,7,0,7,0.0
11,SMOTE,fpr2,No mechanism recorded,1,0,1,0.0
11,SMOTENC,t0.5,Heat dissipation,17,17,0,1.0
11,SMOTENC,t0.5,Power,14,13,1,0.9285714285714286
11,SMOTENC,t0.5,Overstrain,11,11,0,1.0
11,SMOTENC,t0.5,Tool wear,7,1,6,0.14285714285714285
11,SMOTENC,t0.5,No mechanism recorded,1,0,1,0.0
11,SMOTENC,F1opt,Heat dissipation,17,15,2,0.8823529411764706
11,SMOTENC,F1opt,Power,14,7,7,0.5
11,SMOTENC,F1opt,Overstrain,11,9,2,0.8181818181818182
11,SMOTENC,F1opt,Tool wear,7,0,7,0.0
11,SMOTENC,F1opt,No mechanism recorded,1,0,1,0.0
11,SMOTENC,rec80,Heat dissipation,17,17,0,1.0
11,SMOTENC,rec80,Power,14,13,1,0.9285714285714286
11,SMOTENC,rec80,Overstrain,11,11,0,1.0
11,SMOTENC,rec80,Tool wear,7,1,6,0.14285714285714285
11,SMOTENC,rec80,No mechanism recorded,1,0,1,0.0
11,SMOTENC,rec90,Heat dissipation,17,17,0,1.0
11,SMOTENC,rec90,Power,14,13,1,0.9285714285714286
11,SMOTENC,rec90,Overstrain,11,11,0,1.0
11,SMOTENC,rec90,Tool wear,7,4,3,0.5714285714285714
11,SMOTENC,rec90,No mechanism recorded,1,0,1,0.0
11,SMOTENC,fpr1,Heat dissipation,17,15,2,0.8823529411764706
11,SMOTENC,fpr1,Power,14,7,7,0.5
11,SMOTENC,fpr1,Overstrain,11,10,1,0.9090909090909091
11,SMOTENC,fpr1,Tool wear,7,0,7,0.0
11,SMOTENC,fpr1,No mechanism recorded,1,0,1,0.0
11,SMOTENC,fpr2,Heat dissipation,17,17,0,1.0
11,SMOTENC,fpr2,Power,14,9,5,0.6428571428571429
11,SMOTENC,fpr2,Overstrain,11,10,1,0.9090909090909091
11,SMOTENC,fpr2,Tool wear,7,0,7,0.0
11,SMOTENC,fpr2,No mechanism recorded,1,0,1,0.0
11,Single WGAN-GP,t0.5,Heat dissipation,17,17,0,1.0
11,Single WGAN-GP,t0.5,Power,14,13,1,0.9285714285714286
11,Single WGAN-GP,t0.5,Overstrain,11,11,0,1.0
11,Single WGAN-GP,t0.5,Tool wear,7,3,4,0.42857142857142855
11,Single WGAN-GP,t0.5,No mechanism recorded,1,0,1,0.0
11,Single WGAN-GP,F1opt,Heat dissipation,17,17,0,1.0
11,Single WGAN-GP,F1opt,Power,14,8,6,0.5714285714285714
11,Single WGAN-GP,F1opt,Overstrain,11,6,5,0.5454545454545454
11,Single WGAN-GP,F1opt,Tool wear,7,1,6,0.14285714285714285
11,Single WGAN-GP,F1opt,No mechanism recorded,1,0,1,0.0
11,Single WGAN-GP,rec80,Heat dissipation,17,17,0,1.0
11,Single WGAN-GP,rec80,Power,14,12,2,0.8571428571428571
11,Single WGAN-GP,rec80,Overstrain,11,9,2,0.8181818181818182
11,Single WGAN-GP,rec80,Tool wear,7,3,4,0.42857142857142855
11,Single WGAN-GP,rec80,No mechanism recorded,1,0,1,0.0
11,Single WGAN-GP,rec90,Heat dissipation,17,17,0,1.0
11,Single WGAN-GP,rec90,Power,14,13,1,0.9285714285714286
11,Single WGAN-GP,rec90,Overstrain,11,11,0,1.0
11,Single WGAN-GP,rec90,Tool wear,7,4,3,0.5714285714285714
11,Single WGAN-GP,rec90,No mechanism recorded,1,1,0,1.0
11,Single WGAN-GP,fpr1,Heat dissipation,17,17,0,1.0
11,Single WGAN-GP,fpr1,Power,14,6,8,0.42857142857142855
11,Single WGAN-GP,fpr1,Overstrain,11,6,5,0.5454545454545454
11,Single WGAN-GP,fpr1,Tool wear,7,1,6,0.14285714285714285
11,Single WGAN-GP,fpr1,No mechanism recorded,1,0,1,0.0
11,Single WGAN-GP,fpr2,Heat dissipation,17,17,0,1.0
11,Single WGAN-GP,fpr2,Power,14,12,2,0.8571428571428571
11,Single WGAN-GP,fpr2,Overstrain,11,8,3,0.7272727272727273
11,Single WGAN-GP,fpr2,Tool wear,7,1,6,0.14285714285714285
11,Single WGAN-GP,fpr2,No mechanism recorded,1,0,1,0.0
12,ADASYN,t0.5,Heat dissipation,17,17,0,1.0
12,ADASYN,t0.5,Power,14,11,3,0.7857142857142857
12,ADASYN,t0.5,Overstrain,12,10,2,0.8333333333333334
12,ADASYN,t0.5,Tool wear,7,2,5,0.2857142857142857
12,ADASYN,t0.5,No mechanism recorded,2,0,2,0.0
12,ADASYN,F1opt,Heat dissipation,17,15,2,0.8823529411764706
12,ADASYN,F1opt,Power,14,10,4,0.7142857142857143
12,ADASYN,F1opt,Overstrain,12,8,4,0.6666666666666666
12,ADASYN,F1opt,Tool wear,7,0,7,0.0
12,ADASYN,F1opt,No mechanism recorded,2,0,2,0.0
12,ADASYN,rec80,Heat dissipation,17,17,0,1.0
12,ADASYN,rec80,Power,14,11,3,0.7857142857142857
12,ADASYN,rec80,Overstrain,12,10,2,0.8333333333333334
12,ADASYN,rec80,Tool wear,7,4,3,0.5714285714285714
12,ADASYN,rec80,No mechanism recorded,2,0,2,0.0
12,ADASYN,rec90,Heat dissipation,17,17,0,1.0
12,ADASYN,rec90,Power,14,14,0,1.0
12,ADASYN,rec90,Overstrain,12,12,0,1.0
12,ADASYN,rec90,Tool wear,7,7,0,1.0
12,ADASYN,rec90,No mechanism recorded,2,0,2,0.0
12,ADASYN,fpr1,Heat dissipation,17,15,2,0.8823529411764706
12,ADASYN,fpr1,Power,14,10,4,0.7142857142857143
12,ADASYN,fpr1,Overstrain,12,8,4,0.6666666666666666
12,ADASYN,fpr1,Tool wear,7,0,7,0.0
12,ADASYN,fpr1,No mechanism recorded,2,0,2,0.0
12,ADASYN,fpr2,Heat dissipation,17,17,0,1.0
12,ADASYN,fpr2,Power,14,11,3,0.7857142857142857
12,ADASYN,fpr2,Overstrain,12,10,2,0.8333333333333334
12,ADASYN,fpr2,Tool wear,7,2,5,0.2857142857142857
12,ADASYN,fpr2,No mechanism recorded,2,0,2,0.0
12,Baseline,t0.5,Heat dissipation,17,17,0,1.0
12,Baseline,t0.5,Power,14,10,4,0.7142857142857143
12,Baseline,t0.5,Overstrain,12,9,3,0.75
12,Baseline,t0.5,Tool wear,7,0,7,0.0
12,Baseline,t0.5,No mechanism recorded,2,0,2,0.0
12,Baseline,F1opt,Heat dissipation,17,17,0,1.0
12,Baseline,F1opt,Power,14,10,4,0.7142857142857143
12,Baseline,F1opt,Overstrain,12,10,2,0.8333333333333334
12,Baseline,F1opt,Tool wear,7,0,7,0.0
12,Baseline,F1opt,No mechanism recorded,2,0,2,0.0
12,Baseline,rec80,Heat dissipation,17,17,0,1.0
12,Baseline,rec80,Power,14,10,4,0.7142857142857143
12,Baseline,rec80,Overstrain,12,10,2,0.8333333333333334
12,Baseline,rec80,Tool wear,7,0,7,0.0
12,Baseline,rec80,No mechanism recorded,2,0,2,0.0
12,Baseline,rec90,Heat dissipation,17,17,0,1.0
12,Baseline,rec90,Power,14,13,1,0.9285714285714286
12,Baseline,rec90,Overstrain,12,12,0,1.0
12,Baseline,rec90,Tool wear,7,7,0,1.0
12,Baseline,rec90,No mechanism recorded,2,0,2,0.0
12,Baseline,fpr1,Heat dissipation,17,17,0,1.0
12,Baseline,fpr1,Power,14,10,4,0.7142857142857143
12,Baseline,fpr1,Overstrain,12,10,2,0.8333333333333334
12,Baseline,fpr1,Tool wear,7,0,7,0.0
12,Baseline,fpr1,No mechanism recorded,2,0,2,0.0
12,Baseline,fpr2,Heat dissipation,17,17,0,1.0
12,Baseline,fpr2,Power,14,10,4,0.7142857142857143
12,Baseline,fpr2,Overstrain,12,10,2,0.8333333333333334
12,Baseline,fpr2,Tool wear,7,0,7,0.0
12,Baseline,fpr2,No mechanism recorded,2,0,2,0.0
12,Borderline-SMOTE,t0.5,Heat dissipation,17,16,1,0.9411764705882353
12,Borderline-SMOTE,t0.5,Power,14,10,4,0.7142857142857143
12,Borderline-SMOTE,t0.5,Overstrain,12,9,3,0.75
12,Borderline-SMOTE,t0.5,Tool wear,7,0,7,0.0
12,Borderline-SMOTE,t0.5,No mechanism recorded,2,0,2,0.0
12,Borderline-SMOTE,F1opt,Heat dissipation,17,15,2,0.8823529411764706
12,Borderline-SMOTE,F1opt,Power,14,8,6,0.5714285714285714
12,Borderline-SMOTE,F1opt,Overstrain,12,9,3,0.75
12,Borderline-SMOTE,F1opt,Tool wear,7,0,7,0.0
12,Borderline-SMOTE,F1opt,No mechanism recorded,2,0,2,0.0
12,Borderline-SMOTE,rec80,Heat dissipation,17,17,0,1.0
12,Borderline-SMOTE,rec80,Power,14,12,2,0.8571428571428571
12,Borderline-SMOTE,rec80,Overstrain,12,10,2,0.8333333333333334
12,Borderline-SMOTE,rec80,Tool wear,7,0,7,0.0
12,Borderline-SMOTE,rec80,No mechanism recorded,2,0,2,0.0
12,Borderline-SMOTE,rec90,Heat dissipation,17,17,0,1.0
12,Borderline-SMOTE,rec90,Power,14,14,0,1.0
12,Borderline-SMOTE,rec90,Overstrain,12,12,0,1.0
12,Borderline-SMOTE,rec90,Tool wear,7,7,0,1.0
12,Borderline-SMOTE,rec90,No mechanism recorded,2,0,2,0.0
12,Borderline-SMOTE,fpr1,Heat dissipation,17,17,0,1.0
12,Borderline-SMOTE,fpr1,Power,14,12,2,0.8571428571428571
12,Borderline-SMOTE,fpr1,Overstrain,12,10,2,0.8333333333333334
12,Borderline-SMOTE,fpr1,Tool wear,7,0,7,0.0
12,Borderline-SMOTE,fpr1,No mechanism recorded,2,0,2,0.0
12,Borderline-SMOTE,fpr2,Heat dissipation,17,17,0,1.0
12,Borderline-SMOTE,fpr2,Power,14,12,2,0.8571428571428571
12,Borderline-SMOTE,fpr2,Overstrain,12,10,2,0.8333333333333334
12,Borderline-SMOTE,fpr2,Tool wear,7,0,7,0.0
12,Borderline-SMOTE,fpr2,No mechanism recorded,2,0,2,0.0
12,Multi WGAN-GP,t0.5,Heat dissipation,17,17,0,1.0
12,Multi WGAN-GP,t0.5,Power,14,12,2,0.8571428571428571
12,Multi WGAN-GP,t0.5,Overstrain,12,12,0,1.0
12,Multi WGAN-GP,t0.5,Tool wear,7,2,5,0.2857142857142857
12,Multi WGAN-GP,t0.5,No mechanism recorded,2,0,2,0.0
12,Multi WGAN-GP,F1opt,Heat dissipation,17,17,0,1.0
12,Multi WGAN-GP,F1opt,Power,14,10,4,0.7142857142857143
12,Multi WGAN-GP,F1opt,Overstrain,12,7,5,0.5833333333333334
12,Multi WGAN-GP,F1opt,Tool wear,7,1,6,0.14285714285714285
12,Multi WGAN-GP,F1opt,No mechanism recorded,2,0,2,0.0
12,Multi WGAN-GP,rec80,Heat dissipation,17,17,0,1.0
12,Multi WGAN-GP,rec80,Power,14,12,2,0.8571428571428571
12,Multi WGAN-GP,rec80,Overstrain,12,11,1,0.9166666666666666
12,Multi WGAN-GP,rec80,Tool wear,7,1,6,0.14285714285714285
12,Multi WGAN-GP,rec80,No mechanism recorded,2,0,2,0.0
12,Multi WGAN-GP,rec90,Heat dissipation,17,17,0,1.0
12,Multi WGAN-GP,rec90,Power,14,14,0,1.0
12,Multi WGAN-GP,rec90,Overstrain,12,12,0,1.0
12,Multi WGAN-GP,rec90,Tool wear,7,3,4,0.42857142857142855
12,Multi WGAN-GP,rec90,No mechanism recorded,2,0,2,0.0
12,Multi WGAN-GP,fpr1,Heat dissipation,17,17,0,1.0
12,Multi WGAN-GP,fpr1,Power,14,10,4,0.7142857142857143
12,Multi WGAN-GP,fpr1,Overstrain,12,8,4,0.6666666666666666
12,Multi WGAN-GP,fpr1,Tool wear,7,1,6,0.14285714285714285
12,Multi WGAN-GP,fpr1,No mechanism recorded,2,0,2,0.0
12,Multi WGAN-GP,fpr2,Heat dissipation,17,17,0,1.0
12,Multi WGAN-GP,fpr2,Power,14,12,2,0.8571428571428571
12,Multi WGAN-GP,fpr2,Overstrain,12,12,0,1.0
12,Multi WGAN-GP,fpr2,Tool wear,7,2,5,0.2857142857142857
12,Multi WGAN-GP,fpr2,No mechanism recorded,2,0,2,0.0
12,RUS,t0.5,Heat dissipation,17,17,0,1.0
12,RUS,t0.5,Power,14,12,2,0.8571428571428571
12,RUS,t0.5,Overstrain,12,12,0,1.0
12,RUS,t0.5,Tool wear,7,7,0,1.0
12,RUS,t0.5,No mechanism recorded,2,0,2,0.0
12,RUS,F1opt,Heat dissipation,17,16,1,0.9411764705882353
12,RUS,F1opt,Power,14,8,6,0.5714285714285714
12,RUS,F1opt,Overstrain,12,11,1,0.9166666666666666
12,RUS,F1opt,Tool wear,7,1,6,0.14285714285714285
12,RUS,F1opt,No mechanism recorded,2,0,2,0.0
12,RUS,rec80,Heat dissipation,17,16,1,0.9411764705882353
12,RUS,rec80,Power,14,9,5,0.6428571428571429
12,RUS,rec80,Overstrain,12,11,1,0.9166666666666666
12,RUS,rec80,Tool wear,7,2,5,0.2857142857142857
12,RUS,rec80,No mechanism recorded,2,0,2,0.0
12,RUS,rec90,Heat dissipation,17,17,0,1.0
12,RUS,rec90,Power,14,12,2,0.8571428571428571
12,RUS,rec90,Overstrain,12,12,0,1.0
12,RUS,rec90,Tool wear,7,7,0,1.0
12,RUS,rec90,No mechanism recorded,2,0,2,0.0
12,RUS,fpr1,Heat dissipation,17,15,2,0.8823529411764706
12,RUS,fpr1,Power,14,8,6,0.5714285714285714
12,RUS,fpr1,Overstrain,12,11,1,0.9166666666666666
12,RUS,fpr1,Tool wear,7,0,7,0.0
12,RUS,fpr1,No mechanism recorded,2,0,2,0.0
12,RUS,fpr2,Heat dissipation,17,16,1,0.9411764705882353
12,RUS,fpr2,Power,14,9,5,0.6428571428571429
12,RUS,fpr2,Overstrain,12,11,1,0.9166666666666666
12,RUS,fpr2,Tool wear,7,2,5,0.2857142857142857
12,RUS,fpr2,No mechanism recorded,2,0,2,0.0
12,SMOTE,t0.5,Heat dissipation,17,17,0,1.0
12,SMOTE,t0.5,Power,14,11,3,0.7857142857142857
12,SMOTE,t0.5,Overstrain,12,10,2,0.8333333333333334
12,SMOTE,t0.5,Tool wear,7,1,6,0.14285714285714285
12,SMOTE,t0.5,No mechanism recorded,2,0,2,0.0
12,SMOTE,F1opt,Heat dissipation,17,15,2,0.8823529411764706
12,SMOTE,F1opt,Power,14,8,6,0.5714285714285714
12,SMOTE,F1opt,Overstrain,12,9,3,0.75
12,SMOTE,F1opt,Tool wear,7,0,7,0.0
12,SMOTE,F1opt,No mechanism recorded,2,0,2,0.0
12,SMOTE,rec80,Heat dissipation,17,17,0,1.0
12,SMOTE,rec80,Power,14,11,3,0.7857142857142857
12,SMOTE,rec80,Overstrain,12,10,2,0.8333333333333334
12,SMOTE,rec80,Tool wear,7,2,5,0.2857142857142857
12,SMOTE,rec80,No mechanism recorded,2,0,2,0.0
12,SMOTE,rec90,Heat dissipation,17,17,0,1.0
12,SMOTE,rec90,Power,14,14,0,1.0
12,SMOTE,rec90,Overstrain,12,12,0,1.0
12,SMOTE,rec90,Tool wear,7,6,1,0.8571428571428571
12,SMOTE,rec90,No mechanism recorded,2,0,2,0.0
12,SMOTE,fpr1,Heat dissipation,17,16,1,0.9411764705882353
12,SMOTE,fpr1,Power,14,9,5,0.6428571428571429
12,SMOTE,fpr1,Overstrain,12,9,3,0.75
12,SMOTE,fpr1,Tool wear,7,0,7,0.0
12,SMOTE,fpr1,No mechanism recorded,2,0,2,0.0
12,SMOTE,fpr2,Heat dissipation,17,17,0,1.0
12,SMOTE,fpr2,Power,14,11,3,0.7857142857142857
12,SMOTE,fpr2,Overstrain,12,10,2,0.8333333333333334
12,SMOTE,fpr2,Tool wear,7,5,2,0.7142857142857143
12,SMOTE,fpr2,No mechanism recorded,2,0,2,0.0
12,SMOTENC,t0.5,Heat dissipation,17,17,0,1.0
12,SMOTENC,t0.5,Power,14,11,3,0.7857142857142857
12,SMOTENC,t0.5,Overstrain,12,10,2,0.8333333333333334
12,SMOTENC,t0.5,Tool wear,7,3,4,0.42857142857142855
12,SMOTENC,t0.5,No mechanism recorded,2,0,2,0.0
12,SMOTENC,F1opt,Heat dissipation,17,17,0,1.0
12,SMOTENC,F1opt,Power,14,9,5,0.6428571428571429
12,SMOTENC,F1opt,Overstrain,12,9,3,0.75
12,SMOTENC,F1opt,Tool wear,7,1,6,0.14285714285714285
12,SMOTENC,F1opt,No mechanism recorded,2,0,2,0.0
12,SMOTENC,rec80,Heat dissipation,17,17,0,1.0
12,SMOTENC,rec80,Power,14,11,3,0.7857142857142857
12,SMOTENC,rec80,Overstrain,12,10,2,0.8333333333333334
12,SMOTENC,rec80,Tool wear,7,3,4,0.42857142857142855
12,SMOTENC,rec80,No mechanism recorded,2,0,2,0.0
12,SMOTENC,rec90,Heat dissipation,17,17,0,1.0
12,SMOTENC,rec90,Power,14,14,0,1.0
12,SMOTENC,rec90,Overstrain,12,12,0,1.0
12,SMOTENC,rec90,Tool wear,7,5,2,0.7142857142857143
12,SMOTENC,rec90,No mechanism recorded,2,0,2,0.0
12,SMOTENC,fpr1,Heat dissipation,17,17,0,1.0
12,SMOTENC,fpr1,Power,14,10,4,0.7142857142857143
12,SMOTENC,fpr1,Overstrain,12,10,2,0.8333333333333334
12,SMOTENC,fpr1,Tool wear,7,1,6,0.14285714285714285
12,SMOTENC,fpr1,No mechanism recorded,2,0,2,0.0
12,SMOTENC,fpr2,Heat dissipation,17,17,0,1.0
12,SMOTENC,fpr2,Power,14,11,3,0.7857142857142857
12,SMOTENC,fpr2,Overstrain,12,10,2,0.8333333333333334
12,SMOTENC,fpr2,Tool wear,7,3,4,0.42857142857142855
12,SMOTENC,fpr2,No mechanism recorded,2,0,2,0.0
12,Single WGAN-GP,t0.5,Heat dissipation,17,17,0,1.0
12,Single WGAN-GP,t0.5,Power,14,13,1,0.9285714285714286
12,Single WGAN-GP,t0.5,Overstrain,12,12,0,1.0
12,Single WGAN-GP,t0.5,Tool wear,7,3,4,0.42857142857142855
12,Single WGAN-GP,t0.5,No mechanism recorded,2,0,2,0.0
12,Single WGAN-GP,F1opt,Heat dissipation,17,17,0,1.0
12,Single WGAN-GP,F1opt,Power,14,12,2,0.8571428571428571
12,Single WGAN-GP,F1opt,Overstrain,12,10,2,0.8333333333333334
12,Single WGAN-GP,F1opt,Tool wear,7,2,5,0.2857142857142857
12,Single WGAN-GP,F1opt,No mechanism recorded,2,0,2,0.0
12,Single WGAN-GP,rec80,Heat dissipation,17,17,0,1.0
12,Single WGAN-GP,rec80,Power,14,12,2,0.8571428571428571
12,Single WGAN-GP,rec80,Overstrain,12,10,2,0.8333333333333334
12,Single WGAN-GP,rec80,Tool wear,7,2,5,0.2857142857142857
12,Single WGAN-GP,rec80,No mechanism recorded,2,0,2,0.0
12,Single WGAN-GP,rec90,Heat dissipation,17,17,0,1.0
12,Single WGAN-GP,rec90,Power,14,14,0,1.0
12,Single WGAN-GP,rec90,Overstrain,12,12,0,1.0
12,Single WGAN-GP,rec90,Tool wear,7,3,4,0.42857142857142855
12,Single WGAN-GP,rec90,No mechanism recorded,2,0,2,0.0
12,Single WGAN-GP,fpr1,Heat dissipation,17,17,0,1.0
12,Single WGAN-GP,fpr1,Power,14,12,2,0.8571428571428571
12,Single WGAN-GP,fpr1,Overstrain,12,10,2,0.8333333333333334
12,Single WGAN-GP,fpr1,Tool wear,7,2,5,0.2857142857142857
12,Single WGAN-GP,fpr1,No mechanism recorded,2,0,2,0.0
12,Single WGAN-GP,fpr2,Heat dissipation,17,17,0,1.0
12,Single WGAN-GP,fpr2,Power,14,12,2,0.8571428571428571
12,Single WGAN-GP,fpr2,Overstrain,12,10,2,0.8333333333333334
12,Single WGAN-GP,fpr2,Tool wear,7,3,4,0.42857142857142855
12,Single WGAN-GP,fpr2,No mechanism recorded,2,0,2,0.0
13,ADASYN,t0.5,Heat dissipation,17,17,0,1.0
13,ADASYN,t0.5,Power,14,12,2,0.8571428571428571
13,ADASYN,t0.5,Overstrain,11,11,0,1.0
13,ADASYN,t0.5,Tool wear,7,1,6,0.14285714285714285
13,ADASYN,t0.5,No mechanism recorded,2,0,2,0.0
13,ADASYN,F1opt,Heat dissipation,17,16,1,0.9411764705882353
13,ADASYN,F1opt,Power,14,10,4,0.7142857142857143
13,ADASYN,F1opt,Overstrain,11,9,2,0.8181818181818182
13,ADASYN,F1opt,Tool wear,7,1,6,0.14285714285714285
13,ADASYN,F1opt,No mechanism recorded,2,0,2,0.0
13,ADASYN,rec80,Heat dissipation,17,17,0,1.0
13,ADASYN,rec80,Power,14,12,2,0.8571428571428571
13,ADASYN,rec80,Overstrain,11,11,0,1.0
13,ADASYN,rec80,Tool wear,7,1,6,0.14285714285714285
13,ADASYN,rec80,No mechanism recorded,2,0,2,0.0
13,ADASYN,rec90,Heat dissipation,17,17,0,1.0
13,ADASYN,rec90,Power,14,14,0,1.0
13,ADASYN,rec90,Overstrain,11,11,0,1.0
13,ADASYN,rec90,Tool wear,7,4,3,0.5714285714285714
13,ADASYN,rec90,No mechanism recorded,2,0,2,0.0
13,ADASYN,fpr1,Heat dissipation,17,17,0,1.0
13,ADASYN,fpr1,Power,14,10,4,0.7142857142857143
13,ADASYN,fpr1,Overstrain,11,9,2,0.8181818181818182
13,ADASYN,fpr1,Tool wear,7,1,6,0.14285714285714285
13,ADASYN,fpr1,No mechanism recorded,2,0,2,0.0
13,ADASYN,fpr2,Heat dissipation,17,17,0,1.0
13,ADASYN,fpr2,Power,14,12,2,0.8571428571428571
13,ADASYN,fpr2,Overstrain,11,11,0,1.0
13,ADASYN,fpr2,Tool wear,7,1,6,0.14285714285714285
13,ADASYN,fpr2,No mechanism recorded,2,0,2,0.0
13,Baseline,t0.5,Heat dissipation,17,17,0,1.0
13,Baseline,t0.5,Power,14,9,5,0.6428571428571429
13,Baseline,t0.5,Overstrain,11,9,2,0.8181818181818182
13,Baseline,t0.5,Tool wear,7,0,7,0.0
13,Baseline,t0.5,No mechanism recorded,2,0,2,0.0
13,Baseline,F1opt,Heat dissipation,17,17,0,1.0
13,Baseline,F1opt,Power,14,9,5,0.6428571428571429
13,Baseline,F1opt,Overstrain,11,9,2,0.8181818181818182
13,Baseline,F1opt,Tool wear,7,0,7,0.0
13,Baseline,F1opt,No mechanism recorded,2,0,2,0.0
13,Baseline,rec80,Heat dissipation,17,17,0,1.0
13,Baseline,rec80,Power,14,13,1,0.9285714285714286
13,Baseline,rec80,Overstrain,11,10,1,0.9090909090909091
13,Baseline,rec80,Tool wear,7,1,6,0.14285714285714285
13,Baseline,rec80,No mechanism recorded,2,0,2,0.0
13,Baseline,rec90,Heat dissipation,17,17,0,1.0
13,Baseline,rec90,Power,14,14,0,1.0
13,Baseline,rec90,Overstrain,11,11,0,1.0
13,Baseline,rec90,Tool wear,7,4,3,0.5714285714285714
13,Baseline,rec90,No mechanism recorded,2,0,2,0.0
13,Baseline,fpr1,Heat dissipation,17,17,0,1.0
13,Baseline,fpr1,Power,14,9,5,0.6428571428571429
13,Baseline,fpr1,Overstrain,11,9,2,0.8181818181818182
13,Baseline,fpr1,Tool wear,7,0,7,0.0
13,Baseline,fpr1,No mechanism recorded,2,0,2,0.0
13,Baseline,fpr2,Heat dissipation,17,17,0,1.0
13,Baseline,fpr2,Power,14,13,1,0.9285714285714286
13,Baseline,fpr2,Overstrain,11,10,1,0.9090909090909091
13,Baseline,fpr2,Tool wear,7,1,6,0.14285714285714285
13,Baseline,fpr2,No mechanism recorded,2,0,2,0.0
13,Borderline-SMOTE,t0.5,Heat dissipation,17,17,0,1.0
13,Borderline-SMOTE,t0.5,Power,14,12,2,0.8571428571428571
13,Borderline-SMOTE,t0.5,Overstrain,11,9,2,0.8181818181818182
13,Borderline-SMOTE,t0.5,Tool wear,7,0,7,0.0
13,Borderline-SMOTE,t0.5,No mechanism recorded,2,0,2,0.0
13,Borderline-SMOTE,F1opt,Heat dissipation,17,17,0,1.0
13,Borderline-SMOTE,F1opt,Power,14,8,6,0.5714285714285714
13,Borderline-SMOTE,F1opt,Overstrain,11,8,3,0.7272727272727273
13,Borderline-SMOTE,F1opt,Tool wear,7,0,7,0.0
13,Borderline-SMOTE,F1opt,No mechanism recorded,2,0,2,0.0
13,Borderline-SMOTE,rec80,Heat dissipation,17,17,0,1.0
13,Borderline-SMOTE,rec80,Power,14,14,0,1.0
13,Borderline-SMOTE,rec80,Overstrain,11,11,0,1.0
13,Borderline-SMOTE,rec80,Tool wear,7,1,6,0.14285714285714285
13,Borderline-SMOTE,rec80,No mechanism recorded,2,0,2,0.0
13,Borderline-SMOTE,rec90,Heat dissipation,17,17,0,1.0
13,Borderline-SMOTE,rec90,Power,14,14,0,1.0
13,Borderline-SMOTE,rec90,Overstrain,11,11,0,1.0
13,Borderline-SMOTE,rec90,Tool wear,7,5,2,0.7142857142857143
13,Borderline-SMOTE,rec90,No mechanism recorded,2,0,2,0.0
13,Borderline-SMOTE,fpr1,Heat dissipation,17,17,0,1.0
13,Borderline-SMOTE,fpr1,Power,14,10,4,0.7142857142857143
13,Borderline-SMOTE,fpr1,Overstrain,11,9,2,0.8181818181818182
13,Borderline-SMOTE,fpr1,Tool wear,7,0,7,0.0
13,Borderline-SMOTE,fpr1,No mechanism recorded,2,0,2,0.0
13,Borderline-SMOTE,fpr2,Heat dissipation,17,17,0,1.0
13,Borderline-SMOTE,fpr2,Power,14,13,1,0.9285714285714286
13,Borderline-SMOTE,fpr2,Overstrain,11,10,1,0.9090909090909091
13,Borderline-SMOTE,fpr2,Tool wear,7,0,7,0.0
13,Borderline-SMOTE,fpr2,No mechanism recorded,2,0,2,0.0
13,Multi WGAN-GP,t0.5,Heat dissipation,17,17,0,1.0
13,Multi WGAN-GP,t0.5,Power,14,13,1,0.9285714285714286
13,Multi WGAN-GP,t0.5,Overstrain,11,11,0,1.0
13,Multi WGAN-GP,t0.5,Tool wear,7,2,5,0.2857142857142857
13,Multi WGAN-GP,t0.5,No mechanism recorded,2,0,2,0.0
13,Multi WGAN-GP,F1opt,Heat dissipation,17,17,0,1.0
13,Multi WGAN-GP,F1opt,Power,14,8,6,0.5714285714285714
13,Multi WGAN-GP,F1opt,Overstrain,11,11,0,1.0
13,Multi WGAN-GP,F1opt,Tool wear,7,0,7,0.0
13,Multi WGAN-GP,F1opt,No mechanism recorded,2,0,2,0.0
13,Multi WGAN-GP,rec80,Heat dissipation,17,17,0,1.0
13,Multi WGAN-GP,rec80,Power,14,12,2,0.8571428571428571
13,Multi WGAN-GP,rec80,Overstrain,11,11,0,1.0
13,Multi WGAN-GP,rec80,Tool wear,7,1,6,0.14285714285714285
13,Multi WGAN-GP,rec80,No mechanism recorded,2,0,2,0.0
13,Multi WGAN-GP,rec90,Heat dissipation,17,17,0,1.0
13,Multi WGAN-GP,rec90,Power,14,14,0,1.0
13,Multi WGAN-GP,rec90,Overstrain,11,11,0,1.0
13,Multi WGAN-GP,rec90,Tool wear,7,4,3,0.5714285714285714
13,Multi WGAN-GP,rec90,No mechanism recorded,2,0,2,0.0
13,Multi WGAN-GP,fpr1,Heat dissipation,17,17,0,1.0
13,Multi WGAN-GP,fpr1,Power,14,8,6,0.5714285714285714
13,Multi WGAN-GP,fpr1,Overstrain,11,11,0,1.0
13,Multi WGAN-GP,fpr1,Tool wear,7,0,7,0.0
13,Multi WGAN-GP,fpr1,No mechanism recorded,2,0,2,0.0
13,Multi WGAN-GP,fpr2,Heat dissipation,17,17,0,1.0
13,Multi WGAN-GP,fpr2,Power,14,9,5,0.6428571428571429
13,Multi WGAN-GP,fpr2,Overstrain,11,11,0,1.0
13,Multi WGAN-GP,fpr2,Tool wear,7,0,7,0.0
13,Multi WGAN-GP,fpr2,No mechanism recorded,2,0,2,0.0
13,RUS,t0.5,Heat dissipation,17,17,0,1.0
13,RUS,t0.5,Power,14,14,0,1.0
13,RUS,t0.5,Overstrain,11,11,0,1.0
13,RUS,t0.5,Tool wear,7,7,0,1.0
13,RUS,t0.5,No mechanism recorded,2,0,2,0.0
13,RUS,F1opt,Heat dissipation,17,16,1,0.9411764705882353
13,RUS,F1opt,Power,14,8,6,0.5714285714285714
13,RUS,F1opt,Overstrain,11,9,2,0.8181818181818182
13,RUS,F1opt,Tool wear,7,0,7,0.0
13,RUS,F1opt,No mechanism recorded,2,0,2,0.0
13,RUS,rec80,Heat dissipation,17,17,0,1.0
13,RUS,rec80,Power,14,14,0,1.0
13,RUS,rec80,Overstrain,11,11,0,1.0
13,RUS,rec80,Tool wear,7,2,5,0.2857142857142857
13,RUS,rec80,No mechanism recorded,2,0,2,0.0
13,RUS,rec90,Heat dissipation,17,17,0,1.0
13,RUS,rec90,Power,14,14,0,1.0
13,RUS,rec90,Overstrain,11,11,0,1.0
13,RUS,rec90,Tool wear,7,5,2,0.7142857142857143
13,RUS,rec90,No mechanism recorded,2,0,2,0.0
13,RUS,fpr1,Heat dissipation,17,16,1,0.9411764705882353
13,RUS,fpr1,Power,14,8,6,0.5714285714285714
13,RUS,fpr1,Overstrain,11,9,2,0.8181818181818182
13,RUS,fpr1,Tool wear,7,0,7,0.0
13,RUS,fpr1,No mechanism recorded,2,0,2,0.0
13,RUS,fpr2,Heat dissipation,17,16,1,0.9411764705882353
13,RUS,fpr2,Power,14,10,4,0.7142857142857143
13,RUS,fpr2,Overstrain,11,10,1,0.9090909090909091
13,RUS,fpr2,Tool wear,7,1,6,0.14285714285714285
13,RUS,fpr2,No mechanism recorded,2,0,2,0.0
13,SMOTE,t0.5,Heat dissipation,17,17,0,1.0
13,SMOTE,t0.5,Power,14,14,0,1.0
13,SMOTE,t0.5,Overstrain,11,11,0,1.0
13,SMOTE,t0.5,Tool wear,7,1,6,0.14285714285714285
13,SMOTE,t0.5,No mechanism recorded,2,0,2,0.0
13,SMOTE,F1opt,Heat dissipation,17,16,1,0.9411764705882353
13,SMOTE,F1opt,Power,14,10,4,0.7142857142857143
13,SMOTE,F1opt,Overstrain,11,9,2,0.8181818181818182
13,SMOTE,F1opt,Tool wear,7,0,7,0.0
13,SMOTE,F1opt,No mechanism recorded,2,0,2,0.0
13,SMOTE,rec80,Heat dissipation,17,17,0,1.0
13,SMOTE,rec80,Power,14,13,1,0.9285714285714286
13,SMOTE,rec80,Overstrain,11,11,0,1.0
13,SMOTE,rec80,Tool wear,7,1,6,0.14285714285714285
13,SMOTE,rec80,No mechanism recorded,2,0,2,0.0
13,SMOTE,rec90,Heat dissipation,17,17,0,1.0
13,SMOTE,rec90,Power,14,14,0,1.0
13,SMOTE,rec90,Overstrain,11,11,0,1.0
13,SMOTE,rec90,Tool wear,7,3,4,0.42857142857142855
13,SMOTE,rec90,No mechanism recorded,2,0,2,0.0
13,SMOTE,fpr1,Heat dissipation,17,17,0,1.0
13,SMOTE,fpr1,Power,14,10,4,0.7142857142857143
13,SMOTE,fpr1,Overstrain,11,10,1,0.9090909090909091
13,SMOTE,fpr1,Tool wear,7,0,7,0.0
13,SMOTE,fpr1,No mechanism recorded,2,0,2,0.0
13,SMOTE,fpr2,Heat dissipation,17,17,0,1.0
13,SMOTE,fpr2,Power,14,12,2,0.8571428571428571
13,SMOTE,fpr2,Overstrain,11,11,0,1.0
13,SMOTE,fpr2,Tool wear,7,1,6,0.14285714285714285
13,SMOTE,fpr2,No mechanism recorded,2,0,2,0.0
13,SMOTENC,t0.5,Heat dissipation,17,17,0,1.0
13,SMOTENC,t0.5,Power,14,14,0,1.0
13,SMOTENC,t0.5,Overstrain,11,11,0,1.0
13,SMOTENC,t0.5,Tool wear,7,1,6,0.14285714285714285
13,SMOTENC,t0.5,No mechanism recorded,2,0,2,0.0
13,SMOTENC,F1opt,Heat dissipation,17,17,0,1.0
13,SMOTENC,F1opt,Power,14,14,0,1.0
13,SMOTENC,F1opt,Overstrain,11,10,1,0.9090909090909091
13,SMOTENC,F1opt,Tool wear,7,1,6,0.14285714285714285
13,SMOTENC,F1opt,No mechanism recorded,2,0,2,0.0
13,SMOTENC,rec80,Heat dissipation,17,17,0,1.0
13,SMOTENC,rec80,Power,14,14,0,1.0
13,SMOTENC,rec80,Overstrain,11,11,0,1.0
13,SMOTENC,rec80,Tool wear,7,1,6,0.14285714285714285
13,SMOTENC,rec80,No mechanism recorded,2,0,2,0.0
13,SMOTENC,rec90,Heat dissipation,17,17,0,1.0
13,SMOTENC,rec90,Power,14,14,0,1.0
13,SMOTENC,rec90,Overstrain,11,11,0,1.0
13,SMOTENC,rec90,Tool wear,7,4,3,0.5714285714285714
13,SMOTENC,rec90,No mechanism recorded,2,0,2,0.0
13,SMOTENC,fpr1,Heat dissipation,17,17,0,1.0
13,SMOTENC,fpr1,Power,14,8,6,0.5714285714285714
13,SMOTENC,fpr1,Overstrain,11,10,1,0.9090909090909091
13,SMOTENC,fpr1,Tool wear,7,1,6,0.14285714285714285
13,SMOTENC,fpr1,No mechanism recorded,2,0,2,0.0
13,SMOTENC,fpr2,Heat dissipation,17,17,0,1.0
13,SMOTENC,fpr2,Power,14,14,0,1.0
13,SMOTENC,fpr2,Overstrain,11,11,0,1.0
13,SMOTENC,fpr2,Tool wear,7,1,6,0.14285714285714285
13,SMOTENC,fpr2,No mechanism recorded,2,0,2,0.0
13,Single WGAN-GP,t0.5,Heat dissipation,17,17,0,1.0
13,Single WGAN-GP,t0.5,Power,14,13,1,0.9285714285714286
13,Single WGAN-GP,t0.5,Overstrain,11,10,1,0.9090909090909091
13,Single WGAN-GP,t0.5,Tool wear,7,2,5,0.2857142857142857
13,Single WGAN-GP,t0.5,No mechanism recorded,2,0,2,0.0
13,Single WGAN-GP,F1opt,Heat dissipation,17,17,0,1.0
13,Single WGAN-GP,F1opt,Power,14,12,2,0.8571428571428571
13,Single WGAN-GP,F1opt,Overstrain,11,8,3,0.7272727272727273
13,Single WGAN-GP,F1opt,Tool wear,7,1,6,0.14285714285714285
13,Single WGAN-GP,F1opt,No mechanism recorded,2,0,2,0.0
13,Single WGAN-GP,rec80,Heat dissipation,17,17,0,1.0
13,Single WGAN-GP,rec80,Power,14,13,1,0.9285714285714286
13,Single WGAN-GP,rec80,Overstrain,11,10,1,0.9090909090909091
13,Single WGAN-GP,rec80,Tool wear,7,2,5,0.2857142857142857
13,Single WGAN-GP,rec80,No mechanism recorded,2,0,2,0.0
13,Single WGAN-GP,rec90,Heat dissipation,17,17,0,1.0
13,Single WGAN-GP,rec90,Power,14,14,0,1.0
13,Single WGAN-GP,rec90,Overstrain,11,11,0,1.0
13,Single WGAN-GP,rec90,Tool wear,7,3,4,0.42857142857142855
13,Single WGAN-GP,rec90,No mechanism recorded,2,0,2,0.0
13,Single WGAN-GP,fpr1,Heat dissipation,17,17,0,1.0
13,Single WGAN-GP,fpr1,Power,14,9,5,0.6428571428571429
13,Single WGAN-GP,fpr1,Overstrain,11,3,8,0.2727272727272727
13,Single WGAN-GP,fpr1,Tool wear,7,1,6,0.14285714285714285
13,Single WGAN-GP,fpr1,No mechanism recorded,2,0,2,0.0
13,Single WGAN-GP,fpr2,Heat dissipation,17,17,0,1.0
13,Single WGAN-GP,fpr2,Power,14,13,1,0.9285714285714286
13,Single WGAN-GP,fpr2,Overstrain,11,8,3,0.7272727272727273
13,Single WGAN-GP,fpr2,Tool wear,7,1,6,0.14285714285714285
13,Single WGAN-GP,fpr2,No mechanism recorded,2,0,2,0.0
14,ADASYN,t0.5,Heat dissipation,17,17,0,1.0
14,ADASYN,t0.5,Power,14,11,3,0.7857142857142857
14,ADASYN,t0.5,Overstrain,12,12,0,1.0
14,ADASYN,t0.5,Tool wear,7,2,5,0.2857142857142857
14,ADASYN,t0.5,No mechanism recorded,1,0,1,0.0
14,ADASYN,F1opt,Heat dissipation,17,15,2,0.8823529411764706
14,ADASYN,F1opt,Power,14,8,6,0.5714285714285714
14,ADASYN,F1opt,Overstrain,12,11,1,0.9166666666666666
14,ADASYN,F1opt,Tool wear,7,0,7,0.0
14,ADASYN,F1opt,No mechanism recorded,1,0,1,0.0
14,ADASYN,rec80,Heat dissipation,17,15,2,0.8823529411764706
14,ADASYN,rec80,Power,14,8,6,0.5714285714285714
14,ADASYN,rec80,Overstrain,12,12,0,1.0
14,ADASYN,rec80,Tool wear,7,0,7,0.0
14,ADASYN,rec80,No mechanism recorded,1,0,1,0.0
14,ADASYN,rec90,Heat dissipation,17,17,0,1.0
14,ADASYN,rec90,Power,14,13,1,0.9285714285714286
14,ADASYN,rec90,Overstrain,12,12,0,1.0
14,ADASYN,rec90,Tool wear,7,2,5,0.2857142857142857
14,ADASYN,rec90,No mechanism recorded,1,0,1,0.0
14,ADASYN,fpr1,Heat dissipation,17,15,2,0.8823529411764706
14,ADASYN,fpr1,Power,14,8,6,0.5714285714285714
14,ADASYN,fpr1,Overstrain,12,11,1,0.9166666666666666
14,ADASYN,fpr1,Tool wear,7,0,7,0.0
14,ADASYN,fpr1,No mechanism recorded,1,0,1,0.0
14,ADASYN,fpr2,Heat dissipation,17,17,0,1.0
14,ADASYN,fpr2,Power,14,10,4,0.7142857142857143
14,ADASYN,fpr2,Overstrain,12,12,0,1.0
14,ADASYN,fpr2,Tool wear,7,0,7,0.0
14,ADASYN,fpr2,No mechanism recorded,1,0,1,0.0
14,Baseline,t0.5,Heat dissipation,17,17,0,1.0
14,Baseline,t0.5,Power,14,7,7,0.5
14,Baseline,t0.5,Overstrain,12,8,4,0.6666666666666666
14,Baseline,t0.5,Tool wear,7,0,7,0.0
14,Baseline,t0.5,No mechanism recorded,1,0,1,0.0
14,Baseline,F1opt,Heat dissipation,17,17,0,1.0
14,Baseline,F1opt,Power,14,7,7,0.5
14,Baseline,F1opt,Overstrain,12,8,4,0.6666666666666666
14,Baseline,F1opt,Tool wear,7,0,7,0.0
14,Baseline,F1opt,No mechanism recorded,1,0,1,0.0
14,Baseline,rec80,Heat dissipation,17,17,0,1.0
14,Baseline,rec80,Power,14,11,3,0.7857142857142857
14,Baseline,rec80,Overstrain,12,12,0,1.0
14,Baseline,rec80,Tool wear,7,1,6,0.14285714285714285
14,Baseline,rec80,No mechanism recorded,1,0,1,0.0
14,Baseline,rec90,Heat dissipation,17,17,0,1.0
14,Baseline,rec90,Power,14,13,1,0.9285714285714286
14,Baseline,rec90,Overstrain,12,12,0,1.0
14,Baseline,rec90,Tool wear,7,2,5,0.2857142857142857
14,Baseline,rec90,No mechanism recorded,1,0,1,0.0
14,Baseline,fpr1,Heat dissipation,17,17,0,1.0
14,Baseline,fpr1,Power,14,9,5,0.6428571428571429
14,Baseline,fpr1,Overstrain,12,11,1,0.9166666666666666
14,Baseline,fpr1,Tool wear,7,0,7,0.0
14,Baseline,fpr1,No mechanism recorded,1,0,1,0.0
14,Baseline,fpr2,Heat dissipation,17,17,0,1.0
14,Baseline,fpr2,Power,14,11,3,0.7857142857142857
14,Baseline,fpr2,Overstrain,12,12,0,1.0
14,Baseline,fpr2,Tool wear,7,1,6,0.14285714285714285
14,Baseline,fpr2,No mechanism recorded,1,0,1,0.0
14,Borderline-SMOTE,t0.5,Heat dissipation,17,16,1,0.9411764705882353
14,Borderline-SMOTE,t0.5,Power,14,11,3,0.7857142857142857
14,Borderline-SMOTE,t0.5,Overstrain,12,11,1,0.9166666666666666
14,Borderline-SMOTE,t0.5,Tool wear,7,1,6,0.14285714285714285
14,Borderline-SMOTE,t0.5,No mechanism recorded,1,0,1,0.0
14,Borderline-SMOTE,F1opt,Heat dissipation,17,14,3,0.8235294117647058
14,Borderline-SMOTE,F1opt,Power,14,8,6,0.5714285714285714
14,Borderline-SMOTE,F1opt,Overstrain,12,11,1,0.9166666666666666
14,Borderline-SMOTE,F1opt,Tool wear,7,0,7,0.0
14,Borderline-SMOTE,F1opt,No mechanism recorded,1,0,1,0.0
14,Borderline-SMOTE,rec80,Heat dissipation,17,16,1,0.9411764705882353
14,Borderline-SMOTE,rec80,Power,14,11,3,0.7857142857142857
14,Borderline-SMOTE,rec80,Overstrain,12,12,0,1.0
14,Borderline-SMOTE,rec80,Tool wear,7,1,6,0.14285714285714285
14,Borderline-SMOTE,rec80,No mechanism recorded,1,0,1,0.0
14,Borderline-SMOTE,rec90,Heat dissipation,17,17,0,1.0
14,Borderline-SMOTE,rec90,Power,14,13,1,0.9285714285714286
14,Borderline-SMOTE,rec90,Overstrain,12,12,0,1.0
14,Borderline-SMOTE,rec90,Tool wear,7,1,6,0.14285714285714285
14,Borderline-SMOTE,rec90,No mechanism recorded,1,0,1,0.0
14,Borderline-SMOTE,fpr1,Heat dissipation,17,16,1,0.9411764705882353
14,Borderline-SMOTE,fpr1,Power,14,11,3,0.7857142857142857
14,Borderline-SMOTE,fpr1,Overstrain,12,11,1,0.9166666666666666
14,Borderline-SMOTE,fpr1,Tool wear,7,1,6,0.14285714285714285
14,Borderline-SMOTE,fpr1,No mechanism recorded,1,0,1,0.0
14,Borderline-SMOTE,fpr2,Heat dissipation,17,17,0,1.0
14,Borderline-SMOTE,fpr2,Power,14,13,1,0.9285714285714286
14,Borderline-SMOTE,fpr2,Overstrain,12,12,0,1.0
14,Borderline-SMOTE,fpr2,Tool wear,7,1,6,0.14285714285714285
14,Borderline-SMOTE,fpr2,No mechanism recorded,1,0,1,0.0
14,Multi WGAN-GP,t0.5,Heat dissipation,17,17,0,1.0
14,Multi WGAN-GP,t0.5,Power,14,13,1,0.9285714285714286
14,Multi WGAN-GP,t0.5,Overstrain,12,12,0,1.0
14,Multi WGAN-GP,t0.5,Tool wear,7,0,7,0.0
14,Multi WGAN-GP,t0.5,No mechanism recorded,1,0,1,0.0
14,Multi WGAN-GP,F1opt,Heat dissipation,17,13,4,0.7647058823529411
14,Multi WGAN-GP,F1opt,Power,14,11,3,0.7857142857142857
14,Multi WGAN-GP,F1opt,Overstrain,12,7,5,0.5833333333333334
14,Multi WGAN-GP,F1opt,Tool wear,7,0,7,0.0
14,Multi WGAN-GP,F1opt,No mechanism recorded,1,0,1,0.0
14,Multi WGAN-GP,rec80,Heat dissipation,17,15,2,0.8823529411764706
14,Multi WGAN-GP,rec80,Power,14,13,1,0.9285714285714286
14,Multi WGAN-GP,rec80,Overstrain,12,12,0,1.0
14,Multi WGAN-GP,rec80,Tool wear,7,0,7,0.0
14,Multi WGAN-GP,rec80,No mechanism recorded,1,0,1,0.0
14,Multi WGAN-GP,rec90,Heat dissipation,17,17,0,1.0
14,Multi WGAN-GP,rec90,Power,14,13,1,0.9285714285714286
14,Multi WGAN-GP,rec90,Overstrain,12,12,0,1.0
14,Multi WGAN-GP,rec90,Tool wear,7,2,5,0.2857142857142857
14,Multi WGAN-GP,rec90,No mechanism recorded,1,0,1,0.0
14,Multi WGAN-GP,fpr1,Heat dissipation,17,13,4,0.7647058823529411
14,Multi WGAN-GP,fpr1,Power,14,11,3,0.7857142857142857
14,Multi WGAN-GP,fpr1,Overstrain,12,7,5,0.5833333333333334
14,Multi WGAN-GP,fpr1,Tool wear,7,0,7,0.0
14,Multi WGAN-GP,fpr1,No mechanism recorded,1,0,1,0.0
14,Multi WGAN-GP,fpr2,Heat dissipation,17,15,2,0.8823529411764706
14,Multi WGAN-GP,fpr2,Power,14,13,1,0.9285714285714286
14,Multi WGAN-GP,fpr2,Overstrain,12,12,0,1.0
14,Multi WGAN-GP,fpr2,Tool wear,7,0,7,0.0
14,Multi WGAN-GP,fpr2,No mechanism recorded,1,0,1,0.0
14,RUS,t0.5,Heat dissipation,17,17,0,1.0
14,RUS,t0.5,Power,14,13,1,0.9285714285714286
14,RUS,t0.5,Overstrain,12,12,0,1.0
14,RUS,t0.5,Tool wear,7,4,3,0.5714285714285714
14,RUS,t0.5,No mechanism recorded,1,1,0,1.0
14,RUS,F1opt,Heat dissipation,17,17,0,1.0
14,RUS,F1opt,Power,14,10,4,0.7142857142857143
14,RUS,F1opt,Overstrain,12,11,1,0.9166666666666666
14,RUS,F1opt,Tool wear,7,0,7,0.0
14,RUS,F1opt,No mechanism recorded,1,0,1,0.0
14,RUS,rec80,Heat dissipation,17,17,0,1.0
14,RUS,rec80,Power,14,11,3,0.7857142857142857
14,RUS,rec80,Overstrain,12,11,1,0.9166666666666666
14,RUS,rec80,Tool wear,7,0,7,0.0
14,RUS,rec80,No mechanism recorded,1,0,1,0.0
14,RUS,rec90,Heat dissipation,17,17,0,1.0
14,RUS,rec90,Power,14,13,1,0.9285714285714286
14,RUS,rec90,Overstrain,12,12,0,1.0
14,RUS,rec90,Tool wear,7,2,5,0.2857142857142857
14,RUS,rec90,No mechanism recorded,1,0,1,0.0
14,RUS,fpr1,Heat dissipation,17,17,0,1.0
14,RUS,fpr1,Power,14,11,3,0.7857142857142857
14,RUS,fpr1,Overstrain,12,11,1,0.9166666666666666
14,RUS,fpr1,Tool wear,7,0,7,0.0
14,RUS,fpr1,No mechanism recorded,1,0,1,0.0
14,RUS,fpr2,Heat dissipation,17,17,0,1.0
14,RUS,fpr2,Power,14,11,3,0.7857142857142857
14,RUS,fpr2,Overstrain,12,11,1,0.9166666666666666
14,RUS,fpr2,Tool wear,7,0,7,0.0
14,RUS,fpr2,No mechanism recorded,1,0,1,0.0
14,SMOTE,t0.5,Heat dissipation,17,17,0,1.0
14,SMOTE,t0.5,Power,14,10,4,0.7142857142857143
14,SMOTE,t0.5,Overstrain,12,12,0,1.0
14,SMOTE,t0.5,Tool wear,7,2,5,0.2857142857142857
14,SMOTE,t0.5,No mechanism recorded,1,0,1,0.0
14,SMOTE,F1opt,Heat dissipation,17,13,4,0.7647058823529411
14,SMOTE,F1opt,Power,14,8,6,0.5714285714285714
14,SMOTE,F1opt,Overstrain,12,10,2,0.8333333333333334
14,SMOTE,F1opt,Tool wear,7,0,7,0.0
14,SMOTE,F1opt,No mechanism recorded,1,0,1,0.0
14,SMOTE,rec80,Heat dissipation,17,16,1,0.9411764705882353
14,SMOTE,rec80,Power,14,10,4,0.7142857142857143
14,SMOTE,rec80,Overstrain,12,12,0,1.0
14,SMOTE,rec80,Tool wear,7,0,7,0.0
14,SMOTE,rec80,No mechanism recorded,1,0,1,0.0
14,SMOTE,rec90,Heat dissipation,17,17,0,1.0
14,SMOTE,rec90,Power,14,12,2,0.8571428571428571
14,SMOTE,rec90,Overstrain,12,12,0,1.0
14,SMOTE,rec90,Tool wear,7,2,5,0.2857142857142857
14,SMOTE,rec90,No mechanism recorded,1,0,1,0.0
14,SMOTE,fpr1,Heat dissipation,17,15,2,0.8823529411764706
14,SMOTE,fpr1,Power,14,9,5,0.6428571428571429
14,SMOTE,fpr1,Overstrain,12,11,1,0.9166666666666666
14,SMOTE,fpr1,Tool wear,7,0,7,0.0
14,SMOTE,fpr1,No mechanism recorded,1,0,1,0.0
14,SMOTE,fpr2,Heat dissipation,17,16,1,0.9411764705882353
14,SMOTE,fpr2,Power,14,10,4,0.7142857142857143
14,SMOTE,fpr2,Overstrain,12,12,0,1.0
14,SMOTE,fpr2,Tool wear,7,0,7,0.0
14,SMOTE,fpr2,No mechanism recorded,1,0,1,0.0
14,SMOTENC,t0.5,Heat dissipation,17,16,1,0.9411764705882353
14,SMOTENC,t0.5,Power,14,11,3,0.7857142857142857
14,SMOTENC,t0.5,Overstrain,12,12,0,1.0
14,SMOTENC,t0.5,Tool wear,7,0,7,0.0
14,SMOTENC,t0.5,No mechanism recorded,1,0,1,0.0
14,SMOTENC,F1opt,Heat dissipation,17,14,3,0.8235294117647058
14,SMOTENC,F1opt,Power,14,8,6,0.5714285714285714
14,SMOTENC,F1opt,Overstrain,12,11,1,0.9166666666666666
14,SMOTENC,F1opt,Tool wear,7,0,7,0.0
14,SMOTENC,F1opt,No mechanism recorded,1,0,1,0.0
14,SMOTENC,rec80,Heat dissipation,17,16,1,0.9411764705882353
14,SMOTENC,rec80,Power,14,11,3,0.7857142857142857
14,SMOTENC,rec80,Overstrain,12,12,0,1.0
14,SMOTENC,rec80,Tool wear,7,0,7,0.0
14,SMOTENC,rec80,No mechanism recorded,1,0,1,0.0
14,SMOTENC,rec90,Heat dissipation,17,17,0,1.0
14,SMOTENC,rec90,Power,14,13,1,0.9285714285714286
14,SMOTENC,rec90,Overstrain,12,12,0,1.0
14,SMOTENC,rec90,Tool wear,7,0,7,0.0
14,SMOTENC,rec90,No mechanism recorded,1,0,1,0.0
14,SMOTENC,fpr1,Heat dissipation,17,14,3,0.8235294117647058
14,SMOTENC,fpr1,Power,14,8,6,0.5714285714285714
14,SMOTENC,fpr1,Overstrain,12,11,1,0.9166666666666666
14,SMOTENC,fpr1,Tool wear,7,0,7,0.0
14,SMOTENC,fpr1,No mechanism recorded,1,0,1,0.0
14,SMOTENC,fpr2,Heat dissipation,17,16,1,0.9411764705882353
14,SMOTENC,fpr2,Power,14,11,3,0.7857142857142857
14,SMOTENC,fpr2,Overstrain,12,12,0,1.0
14,SMOTENC,fpr2,Tool wear,7,0,7,0.0
14,SMOTENC,fpr2,No mechanism recorded,1,0,1,0.0
14,Single WGAN-GP,t0.5,Heat dissipation,17,17,0,1.0
14,Single WGAN-GP,t0.5,Power,14,13,1,0.9285714285714286
14,Single WGAN-GP,t0.5,Overstrain,12,11,1,0.9166666666666666
14,Single WGAN-GP,t0.5,Tool wear,7,0,7,0.0
14,Single WGAN-GP,t0.5,No mechanism recorded,1,0,1,0.0
14,Single WGAN-GP,F1opt,Heat dissipation,17,13,4,0.7647058823529411
14,Single WGAN-GP,F1opt,Power,14,13,1,0.9285714285714286
14,Single WGAN-GP,F1opt,Overstrain,12,9,3,0.75
14,Single WGAN-GP,F1opt,Tool wear,7,0,7,0.0
14,Single WGAN-GP,F1opt,No mechanism recorded,1,0,1,0.0
14,Single WGAN-GP,rec80,Heat dissipation,17,17,0,1.0
14,Single WGAN-GP,rec80,Power,14,13,1,0.9285714285714286
14,Single WGAN-GP,rec80,Overstrain,12,11,1,0.9166666666666666
14,Single WGAN-GP,rec80,Tool wear,7,0,7,0.0
14,Single WGAN-GP,rec80,No mechanism recorded,1,0,1,0.0
14,Single WGAN-GP,rec90,Heat dissipation,17,17,0,1.0
14,Single WGAN-GP,rec90,Power,14,13,1,0.9285714285714286
14,Single WGAN-GP,rec90,Overstrain,12,12,0,1.0
14,Single WGAN-GP,rec90,Tool wear,7,1,6,0.14285714285714285
14,Single WGAN-GP,rec90,No mechanism recorded,1,0,1,0.0
14,Single WGAN-GP,fpr1,Heat dissipation,17,13,4,0.7647058823529411
14,Single WGAN-GP,fpr1,Power,14,13,1,0.9285714285714286
14,Single WGAN-GP,fpr1,Overstrain,12,9,3,0.75
14,Single WGAN-GP,fpr1,Tool wear,7,0,7,0.0
14,Single WGAN-GP,fpr1,No mechanism recorded,1,0,1,0.0
14,Single WGAN-GP,fpr2,Heat dissipation,17,16,1,0.9411764705882353
14,Single WGAN-GP,fpr2,Power,14,13,1,0.9285714285714286
14,Single WGAN-GP,fpr2,Overstrain,12,11,1,0.9166666666666666
14,Single WGAN-GP,fpr2,Tool wear,7,0,7,0.0
14,Single WGAN-GP,fpr2,No mechanism recorded,1,0,1,0.0
15,ADASYN,t0.5,Heat dissipation,17,16,1,0.9411764705882353
15,ADASYN,t0.5,Power,14,12,2,0.8571428571428571
15,ADASYN,t0.5,Overstrain,11,7,4,0.6363636363636364
15,ADASYN,t0.5,Tool wear,7,1,6,0.14285714285714285
15,ADASYN,t0.5,No mechanism recorded,1,0,1,0.0
15,ADASYN,F1opt,Heat dissipation,17,15,2,0.8823529411764706
15,ADASYN,F1opt,Power,14,10,4,0.7142857142857143
15,ADASYN,F1opt,Overstrain,11,7,4,0.6363636363636364
15,ADASYN,F1opt,Tool wear,7,1,6,0.14285714285714285
15,ADASYN,F1opt,No mechanism recorded,1,0,1,0.0
15,ADASYN,rec80,Heat dissipation,17,17,0,1.0
15,ADASYN,rec80,Power,14,14,0,1.0
15,ADASYN,rec80,Overstrain,11,11,0,1.0
15,ADASYN,rec80,Tool wear,7,3,4,0.42857142857142855
15,ADASYN,rec80,No mechanism recorded,1,1,0,1.0
15,ADASYN,rec90,Heat dissipation,17,17,0,1.0
15,ADASYN,rec90,Power,14,14,0,1.0
15,ADASYN,rec90,Overstrain,11,11,0,1.0
15,ADASYN,rec90,Tool wear,7,5,2,0.7142857142857143
15,ADASYN,rec90,No mechanism recorded,1,1,0,1.0
15,ADASYN,fpr1,Heat dissipation,17,15,2,0.8823529411764706
15,ADASYN,fpr1,Power,14,10,4,0.7142857142857143
15,ADASYN,fpr1,Overstrain,11,7,4,0.6363636363636364
15,ADASYN,fpr1,Tool wear,7,1,6,0.14285714285714285
15,ADASYN,fpr1,No mechanism recorded,1,0,1,0.0
15,ADASYN,fpr2,Heat dissipation,17,16,1,0.9411764705882353
15,ADASYN,fpr2,Power,14,13,1,0.9285714285714286
15,ADASYN,fpr2,Overstrain,11,8,3,0.7272727272727273
15,ADASYN,fpr2,Tool wear,7,1,6,0.14285714285714285
15,ADASYN,fpr2,No mechanism recorded,1,0,1,0.0
15,Baseline,t0.5,Heat dissipation,17,16,1,0.9411764705882353
15,Baseline,t0.5,Power,14,10,4,0.7142857142857143
15,Baseline,t0.5,Overstrain,11,8,3,0.7272727272727273
15,Baseline,t0.5,Tool wear,7,1,6,0.14285714285714285
15,Baseline,t0.5,No mechanism recorded,1,0,1,0.0
15,Baseline,F1opt,Heat dissipation,17,17,0,1.0
15,Baseline,F1opt,Power,14,11,3,0.7857142857142857
15,Baseline,F1opt,Overstrain,11,9,2,0.8181818181818182
15,Baseline,F1opt,Tool wear,7,1,6,0.14285714285714285
15,Baseline,F1opt,No mechanism recorded,1,0,1,0.0
15,Baseline,rec80,Heat dissipation,17,17,0,1.0
15,Baseline,rec80,Power,14,13,1,0.9285714285714286
15,Baseline,rec80,Overstrain,11,10,1,0.9090909090909091
15,Baseline,rec80,Tool wear,7,2,5,0.2857142857142857
15,Baseline,rec80,No mechanism recorded,1,0,1,0.0
15,Baseline,rec90,Heat dissipation,17,17,0,1.0
15,Baseline,rec90,Power,14,14,0,1.0
15,Baseline,rec90,Overstrain,11,11,0,1.0
15,Baseline,rec90,Tool wear,7,5,2,0.7142857142857143
15,Baseline,rec90,No mechanism recorded,1,1,0,1.0
15,Baseline,fpr1,Heat dissipation,17,17,0,1.0
15,Baseline,fpr1,Power,14,11,3,0.7857142857142857
15,Baseline,fpr1,Overstrain,11,9,2,0.8181818181818182
15,Baseline,fpr1,Tool wear,7,1,6,0.14285714285714285
15,Baseline,fpr1,No mechanism recorded,1,0,1,0.0
15,Baseline,fpr2,Heat dissipation,17,17,0,1.0
15,Baseline,fpr2,Power,14,12,2,0.8571428571428571
15,Baseline,fpr2,Overstrain,11,10,1,0.9090909090909091
15,Baseline,fpr2,Tool wear,7,1,6,0.14285714285714285
15,Baseline,fpr2,No mechanism recorded,1,0,1,0.0
15,Borderline-SMOTE,t0.5,Heat dissipation,17,16,1,0.9411764705882353
15,Borderline-SMOTE,t0.5,Power,14,10,4,0.7142857142857143
15,Borderline-SMOTE,t0.5,Overstrain,11,7,4,0.6363636363636364
15,Borderline-SMOTE,t0.5,Tool wear,7,1,6,0.14285714285714285
15,Borderline-SMOTE,t0.5,No mechanism recorded,1,0,1,0.0
15,Borderline-SMOTE,F1opt,Heat dissipation,17,15,2,0.8823529411764706
15,Borderline-SMOTE,F1opt,Power,14,9,5,0.6428571428571429
15,Borderline-SMOTE,F1opt,Overstrain,11,6,5,0.5454545454545454
15,Borderline-SMOTE,F1opt,Tool wear,7,1,6,0.14285714285714285
15,Borderline-SMOTE,F1opt,No mechanism recorded,1,0,1,0.0
15,Borderline-SMOTE,rec80,Heat dissipation,17,17,0,1.0
15,Borderline-SMOTE,rec80,Power,14,13,1,0.9285714285714286
15,Borderline-SMOTE,rec80,Overstrain,11,11,0,1.0
15,Borderline-SMOTE,rec80,Tool wear,7,4,3,0.5714285714285714
15,Borderline-SMOTE,rec80,No mechanism recorded,1,1,0,1.0
15,Borderline-SMOTE,rec90,Heat dissipation,17,17,0,1.0
15,Borderline-SMOTE,rec90,Power,14,14,0,1.0
15,Borderline-SMOTE,rec90,Overstrain,11,11,0,1.0
15,Borderline-SMOTE,rec90,Tool wear,7,5,2,0.7142857142857143
15,Borderline-SMOTE,rec90,No mechanism recorded,1,1,0,1.0
15,Borderline-SMOTE,fpr1,Heat dissipation,17,16,1,0.9411764705882353
15,Borderline-SMOTE,fpr1,Power,14,10,4,0.7142857142857143
15,Borderline-SMOTE,fpr1,Overstrain,11,8,3,0.7272727272727273
15,Borderline-SMOTE,fpr1,Tool wear,7,1,6,0.14285714285714285
15,Borderline-SMOTE,fpr1,No mechanism recorded,1,0,1,0.0
15,Borderline-SMOTE,fpr2,Heat dissipation,17,16,1,0.9411764705882353
15,Borderline-SMOTE,fpr2,Power,14,13,1,0.9285714285714286
15,Borderline-SMOTE,fpr2,Overstrain,11,9,2,0.8181818181818182
15,Borderline-SMOTE,fpr2,Tool wear,7,1,6,0.14285714285714285
15,Borderline-SMOTE,fpr2,No mechanism recorded,1,0,1,0.0
15,Multi WGAN-GP,t0.5,Heat dissipation,17,17,0,1.0
15,Multi WGAN-GP,t0.5,Power,14,14,0,1.0
15,Multi WGAN-GP,t0.5,Overstrain,11,11,0,1.0
15,Multi WGAN-GP,t0.5,Tool wear,7,3,4,0.42857142857142855
15,Multi WGAN-GP,t0.5,No mechanism recorded,1,0,1,0.0
15,Multi WGAN-GP,F1opt,Heat dissipation,17,15,2,0.8823529411764706
15,Multi WGAN-GP,F1opt,Power,14,8,6,0.5714285714285714
15,Multi WGAN-GP,F1opt,Overstrain,11,6,5,0.5454545454545454
15,Multi WGAN-GP,F1opt,Tool wear,7,1,6,0.14285714285714285
15,Multi WGAN-GP,F1opt,No mechanism recorded,1,0,1,0.0
15,Multi WGAN-GP,rec80,Heat dissipation,17,17,0,1.0
15,Multi WGAN-GP,rec80,Power,14,14,0,1.0
15,Multi WGAN-GP,rec80,Overstrain,11,10,1,0.9090909090909091
15,Multi WGAN-GP,rec80,Tool wear,7,3,4,0.42857142857142855
15,Multi WGAN-GP,rec80,No mechanism recorded,1,0,1,0.0
15,Multi WGAN-GP,rec90,Heat dissipation,17,17,0,1.0
15,Multi WGAN-GP,rec90,Power,14,14,0,1.0
15,Multi WGAN-GP,rec90,Overstrain,11,11,0,1.0
15,Multi WGAN-GP,rec90,Tool wear,7,5,2,0.7142857142857143
15,Multi WGAN-GP,rec90,No mechanism recorded,1,1,0,1.0
15,Multi WGAN-GP,fpr1,Heat dissipation,17,15,2,0.8823529411764706
15,Multi WGAN-GP,fpr1,Power,14,8,6,0.5714285714285714
15,Multi WGAN-GP,fpr1,Overstrain,11,6,5,0.5454545454545454
15,Multi WGAN-GP,fpr1,Tool wear,7,1,6,0.14285714285714285
15,Multi WGAN-GP,fpr1,No mechanism recorded,1,0,1,0.0
15,Multi WGAN-GP,fpr2,Heat dissipation,17,16,1,0.9411764705882353
15,Multi WGAN-GP,fpr2,Power,14,10,4,0.7142857142857143
15,Multi WGAN-GP,fpr2,Overstrain,11,8,3,0.7272727272727273
15,Multi WGAN-GP,fpr2,Tool wear,7,2,5,0.2857142857142857
15,Multi WGAN-GP,fpr2,No mechanism recorded,1,0,1,0.0
15,RUS,t0.5,Heat dissipation,17,17,0,1.0
15,RUS,t0.5,Power,14,14,0,1.0
15,RUS,t0.5,Overstrain,11,11,0,1.0
15,RUS,t0.5,Tool wear,7,6,1,0.8571428571428571
15,RUS,t0.5,No mechanism recorded,1,1,0,1.0
15,RUS,F1opt,Heat dissipation,17,15,2,0.8823529411764706
15,RUS,F1opt,Power,14,6,8,0.42857142857142855
15,RUS,F1opt,Overstrain,11,8,3,0.7272727272727273
15,RUS,F1opt,Tool wear,7,1,6,0.14285714285714285
15,RUS,F1opt,No mechanism recorded,1,0,1,0.0
15,RUS,rec80,Heat dissipation,17,15,2,0.8823529411764706
15,RUS,rec80,Power,14,9,5,0.6428571428571429
15,RUS,rec80,Overstrain,11,10,1,0.9090909090909091
15,RUS,rec80,Tool wear,7,2,5,0.2857142857142857
15,RUS,rec80,No mechanism recorded,1,0,1,0.0
15,RUS,rec90,Heat dissipation,17,17,0,1.0
15,RUS,rec90,Power,14,14,0,1.0
15,RUS,rec90,Overstrain,11,11,0,1.0
15,RUS,rec90,Tool wear,7,6,1,0.8571428571428571
15,RUS,rec90,No mechanism recorded,1,1,0,1.0
15,RUS,fpr1,Heat dissipation,17,15,2,0.8823529411764706
15,RUS,fpr1,Power,14,6,8,0.42857142857142855
15,RUS,fpr1,Overstrain,11,8,3,0.7272727272727273
15,RUS,fpr1,Tool wear,7,1,6,0.14285714285714285
15,RUS,fpr1,No mechanism recorded,1,0,1,0.0
15,RUS,fpr2,Heat dissipation,17,15,2,0.8823529411764706
15,RUS,fpr2,Power,14,8,6,0.5714285714285714
15,RUS,fpr2,Overstrain,11,8,3,0.7272727272727273
15,RUS,fpr2,Tool wear,7,2,5,0.2857142857142857
15,RUS,fpr2,No mechanism recorded,1,0,1,0.0
15,SMOTE,t0.5,Heat dissipation,17,16,1,0.9411764705882353
15,SMOTE,t0.5,Power,14,12,2,0.8571428571428571
15,SMOTE,t0.5,Overstrain,11,8,3,0.7272727272727273
15,SMOTE,t0.5,Tool wear,7,2,5,0.2857142857142857
15,SMOTE,t0.5,No mechanism recorded,1,0,1,0.0
15,SMOTE,F1opt,Heat dissipation,17,15,2,0.8823529411764706
15,SMOTE,F1opt,Power,14,7,7,0.5
15,SMOTE,F1opt,Overstrain,11,6,5,0.5454545454545454
15,SMOTE,F1opt,Tool wear,7,0,7,0.0
15,SMOTE,F1opt,No mechanism recorded,1,0,1,0.0
15,SMOTE,rec80,Heat dissipation,17,17,0,1.0
15,SMOTE,rec80,Power,14,13,1,0.9285714285714286
15,SMOTE,rec80,Overstrain,11,10,1,0.9090909090909091
15,SMOTE,rec80,Tool wear,7,3,4,0.42857142857142855
15,SMOTE,rec80,No mechanism recorded,1,0,1,0.0
15,SMOTE,rec90,Heat dissipation,17,17,0,1.0
15,SMOTE,rec90,Power,14,14,0,1.0
15,SMOTE,rec90,Overstrain,11,11,0,1.0
15,SMOTE,rec90,Tool wear,7,7,0,1.0
15,SMOTE,rec90,No mechanism recorded,1,1,0,1.0
15,SMOTE,fpr1,Heat dissipation,17,15,2,0.8823529411764706
15,SMOTE,fpr1,Power,14,7,7,0.5
15,SMOTE,fpr1,Overstrain,11,6,5,0.5454545454545454
15,SMOTE,fpr1,Tool wear,7,0,7,0.0
15,SMOTE,fpr1,No mechanism recorded,1,0,1,0.0
15,SMOTE,fpr2,Heat dissipation,17,16,1,0.9411764705882353
15,SMOTE,fpr2,Power,14,10,4,0.7142857142857143
15,SMOTE,fpr2,Overstrain,11,8,3,0.7272727272727273
15,SMOTE,fpr2,Tool wear,7,1,6,0.14285714285714285
15,SMOTE,fpr2,No mechanism recorded,1,0,1,0.0
15,SMOTENC,t0.5,Heat dissipation,17,16,1,0.9411764705882353
15,SMOTENC,t0.5,Power,14,9,5,0.6428571428571429
15,SMOTENC,t0.5,Overstrain,11,8,3,0.7272727272727273
15,SMOTENC,t0.5,Tool wear,7,1,6,0.14285714285714285
15,SMOTENC,t0.5,No mechanism recorded,1,1,0,1.0
15,SMOTENC,F1opt,Heat dissipation,17,15,2,0.8823529411764706
15,SMOTENC,F1opt,Power,14,7,7,0.5
15,SMOTENC,F1opt,Overstrain,11,7,4,0.6363636363636364
15,SMOTENC,F1opt,Tool wear,7,0,7,0.0
15,SMOTENC,F1opt,No mechanism recorded,1,0,1,0.0
15,SMOTENC,rec80,Heat dissipation,17,17,0,1.0
15,SMOTENC,rec80,Power,14,11,3,0.7857142857142857
15,SMOTENC,rec80,Overstrain,11,11,0,1.0
15,SMOTENC,rec80,Tool wear,7,3,4,0.42857142857142855
15,SMOTENC,rec80,No mechanism recorded,1,1,0,1.0
15,SMOTENC,rec90,Heat dissipation,17,17,0,1.0
15,SMOTENC,rec90,Power,14,14,0,1.0
15,SMOTENC,rec90,Overstrain,11,11,0,1.0
15,SMOTENC,rec90,Tool wear,7,5,2,0.7142857142857143
15,SMOTENC,rec90,No mechanism recorded,1,1,0,1.0
15,SMOTENC,fpr1,Heat dissipation,17,15,2,0.8823529411764706
15,SMOTENC,fpr1,Power,14,8,6,0.5714285714285714
15,SMOTENC,fpr1,Overstrain,11,7,4,0.6363636363636364
15,SMOTENC,fpr1,Tool wear,7,0,7,0.0
15,SMOTENC,fpr1,No mechanism recorded,1,0,1,0.0
15,SMOTENC,fpr2,Heat dissipation,17,16,1,0.9411764705882353
15,SMOTENC,fpr2,Power,14,9,5,0.6428571428571429
15,SMOTENC,fpr2,Overstrain,11,8,3,0.7272727272727273
15,SMOTENC,fpr2,Tool wear,7,1,6,0.14285714285714285
15,SMOTENC,fpr2,No mechanism recorded,1,0,1,0.0
15,Single WGAN-GP,t0.5,Heat dissipation,17,17,0,1.0
15,Single WGAN-GP,t0.5,Power,14,13,1,0.9285714285714286
15,Single WGAN-GP,t0.5,Overstrain,11,11,0,1.0
15,Single WGAN-GP,t0.5,Tool wear,7,3,4,0.42857142857142855
15,Single WGAN-GP,t0.5,No mechanism recorded,1,0,1,0.0
15,Single WGAN-GP,F1opt,Heat dissipation,17,17,0,1.0
15,Single WGAN-GP,F1opt,Power,14,13,1,0.9285714285714286
15,Single WGAN-GP,F1opt,Overstrain,11,9,2,0.8181818181818182
15,Single WGAN-GP,F1opt,Tool wear,7,3,4,0.42857142857142855
15,Single WGAN-GP,F1opt,No mechanism recorded,1,0,1,0.0
15,Single WGAN-GP,rec80,Heat dissipation,17,16,1,0.9411764705882353
15,Single WGAN-GP,rec80,Power,14,13,1,0.9285714285714286
15,Single WGAN-GP,rec80,Overstrain,11,8,3,0.7272727272727273
15,Single WGAN-GP,rec80,Tool wear,7,3,4,0.42857142857142855
15,Single WGAN-GP,rec80,No mechanism recorded,1,0,1,0.0
15,Single WGAN-GP,rec90,Heat dissipation,17,17,0,1.0
15,Single WGAN-GP,rec90,Power,14,14,0,1.0
15,Single WGAN-GP,rec90,Overstrain,11,11,0,1.0
15,Single WGAN-GP,rec90,Tool wear,7,5,2,0.7142857142857143
15,Single WGAN-GP,rec90,No mechanism recorded,1,0,1,0.0
15,Single WGAN-GP,fpr1,Heat dissipation,17,14,3,0.8235294117647058
15,Single WGAN-GP,fpr1,Power,14,9,5,0.6428571428571429
15,Single WGAN-GP,fpr1,Overstrain,11,4,7,0.36363636363636365
15,Single WGAN-GP,fpr1,Tool wear,7,0,7,0.0
15,Single WGAN-GP,fpr1,No mechanism recorded,1,0,1,0.0
15,Single WGAN-GP,fpr2,Heat dissipation,17,16,1,0.9411764705882353
15,Single WGAN-GP,fpr2,Power,14,13,1,0.9285714285714286
15,Single WGAN-GP,fpr2,Overstrain,11,7,4,0.6363636363636364
15,Single WGAN-GP,fpr2,Tool wear,7,3,4,0.42857142857142855
15,Single WGAN-GP,fpr2,No mechanism recorded,1,0,1,0.0
16,ADASYN,t0.5,Heat dissipation,17,17,0,1.0
16,ADASYN,t0.5,Power,14,12,2,0.8571428571428571
16,ADASYN,t0.5,Overstrain,11,10,1,0.9090909090909091
16,ADASYN,t0.5,Tool wear,7,1,6,0.14285714285714285
16,ADASYN,t0.5,No mechanism recorded,2,0,2,0.0
16,ADASYN,F1opt,Heat dissipation,17,16,1,0.9411764705882353
16,ADASYN,F1opt,Power,14,11,3,0.7857142857142857
16,ADASYN,F1opt,Overstrain,11,9,2,0.8181818181818182
16,ADASYN,F1opt,Tool wear,7,0,7,0.0
16,ADASYN,F1opt,No mechanism recorded,2,0,2,0.0
16,ADASYN,rec80,Heat dissipation,17,17,0,1.0
16,ADASYN,rec80,Power,14,12,2,0.8571428571428571
16,ADASYN,rec80,Overstrain,11,10,1,0.9090909090909091
16,ADASYN,rec80,Tool wear,7,0,7,0.0
16,ADASYN,rec80,No mechanism recorded,2,0,2,0.0
16,ADASYN,rec90,Heat dissipation,17,17,0,1.0
16,ADASYN,rec90,Power,14,14,0,1.0
16,ADASYN,rec90,Overstrain,11,11,0,1.0
16,ADASYN,rec90,Tool wear,7,1,6,0.14285714285714285
16,ADASYN,rec90,No mechanism recorded,2,0,2,0.0
16,ADASYN,fpr1,Heat dissipation,17,17,0,1.0
16,ADASYN,fpr1,Power,14,12,2,0.8571428571428571
16,ADASYN,fpr1,Overstrain,11,10,1,0.9090909090909091
16,ADASYN,fpr1,Tool wear,7,0,7,0.0
16,ADASYN,fpr1,No mechanism recorded,2,0,2,0.0
16,ADASYN,fpr2,Heat dissipation,17,17,0,1.0
16,ADASYN,fpr2,Power,14,12,2,0.8571428571428571
16,ADASYN,fpr2,Overstrain,11,10,1,0.9090909090909091
16,ADASYN,fpr2,Tool wear,7,1,6,0.14285714285714285
16,ADASYN,fpr2,No mechanism recorded,2,0,2,0.0
16,Baseline,t0.5,Heat dissipation,17,17,0,1.0
16,Baseline,t0.5,Power,14,10,4,0.7142857142857143
16,Baseline,t0.5,Overstrain,11,6,5,0.5454545454545454
16,Baseline,t0.5,Tool wear,7,0,7,0.0
16,Baseline,t0.5,No mechanism recorded,2,0,2,0.0
16,Baseline,F1opt,Heat dissipation,17,17,0,1.0
16,Baseline,F1opt,Power,14,12,2,0.8571428571428571
16,Baseline,F1opt,Overstrain,11,8,3,0.7272727272727273
16,Baseline,F1opt,Tool wear,7,0,7,0.0
16,Baseline,F1opt,No mechanism recorded,2,0,2,0.0
16,Baseline,rec80,Heat dissipation,17,17,0,1.0
16,Baseline,rec80,Power,14,12,2,0.8571428571428571
16,Baseline,rec80,Overstrain,11,8,3,0.7272727272727273
16,Baseline,rec80,Tool wear,7,0,7,0.0
16,Baseline,rec80,No mechanism recorded,2,0,2,0.0
16,Baseline,rec90,Heat dissipation,17,17,0,1.0
16,Baseline,rec90,Power,14,14,0,1.0
16,Baseline,rec90,Overstrain,11,11,0,1.0
16,Baseline,rec90,Tool wear,7,2,5,0.2857142857142857
16,Baseline,rec90,No mechanism recorded,2,0,2,0.0
16,Baseline,fpr1,Heat dissipation,17,17,0,1.0
16,Baseline,fpr1,Power,14,12,2,0.8571428571428571
16,Baseline,fpr1,Overstrain,11,10,1,0.9090909090909091
16,Baseline,fpr1,Tool wear,7,0,7,0.0
16,Baseline,fpr1,No mechanism recorded,2,0,2,0.0
16,Baseline,fpr2,Heat dissipation,17,17,0,1.0
16,Baseline,fpr2,Power,14,13,1,0.9285714285714286
16,Baseline,fpr2,Overstrain,11,10,1,0.9090909090909091
16,Baseline,fpr2,Tool wear,7,0,7,0.0
16,Baseline,fpr2,No mechanism recorded,2,0,2,0.0
16,Borderline-SMOTE,t0.5,Heat dissipation,17,17,0,1.0
16,Borderline-SMOTE,t0.5,Power,14,12,2,0.8571428571428571
16,Borderline-SMOTE,t0.5,Overstrain,11,10,1,0.9090909090909091
16,Borderline-SMOTE,t0.5,Tool wear,7,0,7,0.0
16,Borderline-SMOTE,t0.5,No mechanism recorded,2,0,2,0.0
16,Borderline-SMOTE,F1opt,Heat dissipation,17,17,0,1.0
16,Borderline-SMOTE,F1opt,Power,14,12,2,0.8571428571428571
16,Borderline-SMOTE,F1opt,Overstrain,11,10,1,0.9090909090909091
16,Borderline-SMOTE,F1opt,Tool wear,7,0,7,0.0
16,Borderline-SMOTE,F1opt,No mechanism recorded,2,0,2,0.0
16,Borderline-SMOTE,rec80,Heat dissipation,17,17,0,1.0
16,Borderline-SMOTE,rec80,Power,14,12,2,0.8571428571428571
16,Borderline-SMOTE,rec80,Overstrain,11,10,1,0.9090909090909091
16,Borderline-SMOTE,rec80,Tool wear,7,0,7,0.0
16,Borderline-SMOTE,rec80,No mechanism recorded,2,0,2,0.0
16,Borderline-SMOTE,rec90,Heat dissipation,17,17,0,1.0
16,Borderline-SMOTE,rec90,Power,14,14,0,1.0
16,Borderline-SMOTE,rec90,Overstrain,11,11,0,1.0
16,Borderline-SMOTE,rec90,Tool wear,7,1,6,0.14285714285714285
16,Borderline-SMOTE,rec90,No mechanism recorded,2,0,2,0.0
16,Borderline-SMOTE,fpr1,Heat dissipation,17,16,1,0.9411764705882353
16,Borderline-SMOTE,fpr1,Power,14,12,2,0.8571428571428571
16,Borderline-SMOTE,fpr1,Overstrain,11,10,1,0.9090909090909091
16,Borderline-SMOTE,fpr1,Tool wear,7,0,7,0.0
16,Borderline-SMOTE,fpr1,No mechanism recorded,2,0,2,0.0
16,Borderline-SMOTE,fpr2,Heat dissipation,17,17,0,1.0
16,Borderline-SMOTE,fpr2,Power,14,13,1,0.9285714285714286
16,Borderline-SMOTE,fpr2,Overstrain,11,11,0,1.0
16,Borderline-SMOTE,fpr2,Tool wear,7,0,7,0.0
16,Borderline-SMOTE,fpr2,No mechanism recorded,2,0,2,0.0
16,Multi WGAN-GP,t0.5,Heat dissipation,17,17,0,1.0
16,Multi WGAN-GP,t0.5,Power,14,14,0,1.0
16,Multi WGAN-GP,t0.5,Overstrain,11,11,0,1.0
16,Multi WGAN-GP,t0.5,Tool wear,7,1,6,0.14285714285714285
16,Multi WGAN-GP,t0.5,No mechanism recorded,2,0,2,0.0
16,Multi WGAN-GP,F1opt,Heat dissipation,17,17,0,1.0
16,Multi WGAN-GP,F1opt,Power,14,12,2,0.8571428571428571
16,Multi WGAN-GP,F1opt,Overstrain,11,5,6,0.45454545454545453
16,Multi WGAN-GP,F1opt,Tool wear,7,0,7,0.0
16,Multi WGAN-GP,F1opt,No mechanism recorded,2,0,2,0.0
16,Multi WGAN-GP,rec80,Heat dissipation,17,17,0,1.0
16,Multi WGAN-GP,rec80,Power,14,13,1,0.9285714285714286
16,Multi WGAN-GP,rec80,Overstrain,11,10,1,0.9090909090909091
16,Multi WGAN-GP,rec80,Tool wear,7,0,7,0.0
16,Multi WGAN-GP,rec80,No mechanism recorded,2,0,2,0.0
16,Multi WGAN-GP,rec90,Heat dissipation,17,17,0,1.0
16,Multi WGAN-GP,rec90,Power,14,14,0,1.0
16,Multi WGAN-GP,rec90,Overstrain,11,11,0,1.0
16,Multi WGAN-GP,rec90,Tool wear,7,2,5,0.2857142857142857
16,Multi WGAN-GP,rec90,No mechanism recorded,2,0,2,0.0
16,Multi WGAN-GP,fpr1,Heat dissipation,17,17,0,1.0
16,Multi WGAN-GP,fpr1,Power,14,13,1,0.9285714285714286
16,Multi WGAN-GP,fpr1,Overstrain,11,6,5,0.5454545454545454
16,Multi WGAN-GP,fpr1,Tool wear,7,0,7,0.0
16,Multi WGAN-GP,fpr1,No mechanism recorded,2,0,2,0.0
16,Multi WGAN-GP,fpr2,Heat dissipation,17,17,0,1.0
16,Multi WGAN-GP,fpr2,Power,14,13,1,0.9285714285714286
16,Multi WGAN-GP,fpr2,Overstrain,11,10,1,0.9090909090909091
16,Multi WGAN-GP,fpr2,Tool wear,7,0,7,0.0
16,Multi WGAN-GP,fpr2,No mechanism recorded,2,0,2,0.0
16,RUS,t0.5,Heat dissipation,17,17,0,1.0
16,RUS,t0.5,Power,14,14,0,1.0
16,RUS,t0.5,Overstrain,11,11,0,1.0
16,RUS,t0.5,Tool wear,7,7,0,1.0
16,RUS,t0.5,No mechanism recorded,2,0,2,0.0
16,RUS,F1opt,Heat dissipation,17,16,1,0.9411764705882353
16,RUS,F1opt,Power,14,10,4,0.7142857142857143
16,RUS,F1opt,Overstrain,11,7,4,0.6363636363636364
16,RUS,F1opt,Tool wear,7,0,7,0.0
16,RUS,F1opt,No mechanism recorded,2,0,2,0.0
16,RUS,rec80,Heat dissipation,17,17,0,1.0
16,RUS,rec80,Power,14,13,1,0.9285714285714286
16,RUS,rec80,Overstrain,11,9,2,0.8181818181818182
16,RUS,rec80,Tool wear,7,0,7,0.0
16,RUS,rec80,No mechanism recorded,2,0,2,0.0
16,RUS,rec90,Heat dissipation,17,17,0,1.0
16,RUS,rec90,Power,14,13,1,0.9285714285714286
16,RUS,rec90,Overstrain,11,11,0,1.0
16,RUS,rec90,Tool wear,7,4,3,0.5714285714285714
16,RUS,rec90,No mechanism recorded,2,0,2,0.0
16,RUS,fpr1,Heat dissipation,17,14,3,0.8235294117647058
16,RUS,fpr1,Power,14,6,8,0.42857142857142855
16,RUS,fpr1,Overstrain,11,5,6,0.45454545454545453
16,RUS,fpr1,Tool wear,7,0,7,0.0
16,RUS,fpr1,No mechanism recorded,2,0,2,0.0
16,RUS,fpr2,Heat dissipation,17,17,0,1.0
16,RUS,fpr2,Power,14,11,3,0.7857142857142857
16,RUS,fpr2,Overstrain,11,9,2,0.8181818181818182
16,RUS,fpr2,Tool wear,7,0,7,0.0
16,RUS,fpr2,No mechanism recorded,2,0,2,0.0
16,SMOTE,t0.5,Heat dissipation,17,17,0,1.0
16,SMOTE,t0.5,Power,14,12,2,0.8571428571428571
16,SMOTE,t0.5,Overstrain,11,10,1,0.9090909090909091
16,SMOTE,t0.5,Tool wear,7,0,7,0.0
16,SMOTE,t0.5,No mechanism recorded,2,0,2,0.0
16,SMOTE,F1opt,Heat dissipation,17,17,0,1.0
16,SMOTE,F1opt,Power,14,10,4,0.7142857142857143
16,SMOTE,F1opt,Overstrain,11,6,5,0.5454545454545454
16,SMOTE,F1opt,Tool wear,7,0,7,0.0
16,SMOTE,F1opt,No mechanism recorded,2,0,2,0.0
16,SMOTE,rec80,Heat dissipation,17,17,0,1.0
16,SMOTE,rec80,Power,14,12,2,0.8571428571428571
16,SMOTE,rec80,Overstrain,11,10,1,0.9090909090909091
16,SMOTE,rec80,Tool wear,7,0,7,0.0
16,SMOTE,rec80,No mechanism recorded,2,0,2,0.0
16,SMOTE,rec90,Heat dissipation,17,17,0,1.0
16,SMOTE,rec90,Power,14,14,0,1.0
16,SMOTE,rec90,Overstrain,11,11,0,1.0
16,SMOTE,rec90,Tool wear,7,2,5,0.2857142857142857
16,SMOTE,rec90,No mechanism recorded,2,0,2,0.0
16,SMOTE,fpr1,Heat dissipation,17,17,0,1.0
16,SMOTE,fpr1,Power,14,12,2,0.8571428571428571
16,SMOTE,fpr1,Overstrain,11,10,1,0.9090909090909091
16,SMOTE,fpr1,Tool wear,7,0,7,0.0
16,SMOTE,fpr1,No mechanism recorded,2,0,2,0.0
16,SMOTE,fpr2,Heat dissipation,17,17,0,1.0
16,SMOTE,fpr2,Power,14,13,1,0.9285714285714286
16,SMOTE,fpr2,Overstrain,11,10,1,0.9090909090909091
16,SMOTE,fpr2,Tool wear,7,0,7,0.0
16,SMOTE,fpr2,No mechanism recorded,2,0,2,0.0
16,SMOTENC,t0.5,Heat dissipation,17,17,0,1.0
16,SMOTENC,t0.5,Power,14,12,2,0.8571428571428571
16,SMOTENC,t0.5,Overstrain,11,10,1,0.9090909090909091
16,SMOTENC,t0.5,Tool wear,7,0,7,0.0
16,SMOTENC,t0.5,No mechanism recorded,2,0,2,0.0
16,SMOTENC,F1opt,Heat dissipation,17,16,1,0.9411764705882353
16,SMOTENC,F1opt,Power,14,11,3,0.7857142857142857
16,SMOTENC,F1opt,Overstrain,11,9,2,0.8181818181818182
16,SMOTENC,F1opt,Tool wear,7,0,7,0.0
16,SMOTENC,F1opt,No mechanism recorded,2,0,2,0.0
16,SMOTENC,rec80,Heat dissipation,17,17,0,1.0
16,SMOTENC,rec80,Power,14,12,2,0.8571428571428571
16,SMOTENC,rec80,Overstrain,11,10,1,0.9090909090909091
16,SMOTENC,rec80,Tool wear,7,0,7,0.0
16,SMOTENC,rec80,No mechanism recorded,2,0,2,0.0
16,SMOTENC,rec90,Heat dissipation,17,17,0,1.0
16,SMOTENC,rec90,Power,14,14,0,1.0
16,SMOTENC,rec90,Overstrain,11,11,0,1.0
16,SMOTENC,rec90,Tool wear,7,1,6,0.14285714285714285
16,SMOTENC,rec90,No mechanism recorded,2,0,2,0.0
16,SMOTENC,fpr1,Heat dissipation,17,17,0,1.0
16,SMOTENC,fpr1,Power,14,12,2,0.8571428571428571
16,SMOTENC,fpr1,Overstrain,11,10,1,0.9090909090909091
16,SMOTENC,fpr1,Tool wear,7,0,7,0.0
16,SMOTENC,fpr1,No mechanism recorded,2,0,2,0.0
16,SMOTENC,fpr2,Heat dissipation,17,17,0,1.0
16,SMOTENC,fpr2,Power,14,12,2,0.8571428571428571
16,SMOTENC,fpr2,Overstrain,11,10,1,0.9090909090909091
16,SMOTENC,fpr2,Tool wear,7,0,7,0.0
16,SMOTENC,fpr2,No mechanism recorded,2,0,2,0.0
16,Single WGAN-GP,t0.5,Heat dissipation,17,17,0,1.0
16,Single WGAN-GP,t0.5,Power,14,13,1,0.9285714285714286
16,Single WGAN-GP,t0.5,Overstrain,11,10,1,0.9090909090909091
16,Single WGAN-GP,t0.5,Tool wear,7,0,7,0.0
16,Single WGAN-GP,t0.5,No mechanism recorded,2,0,2,0.0
16,Single WGAN-GP,F1opt,Heat dissipation,17,17,0,1.0
16,Single WGAN-GP,F1opt,Power,14,13,1,0.9285714285714286
16,Single WGAN-GP,F1opt,Overstrain,11,7,4,0.6363636363636364
16,Single WGAN-GP,F1opt,Tool wear,7,0,7,0.0
16,Single WGAN-GP,F1opt,No mechanism recorded,2,0,2,0.0
16,Single WGAN-GP,rec80,Heat dissipation,17,17,0,1.0
16,Single WGAN-GP,rec80,Power,14,13,1,0.9285714285714286
16,Single WGAN-GP,rec80,Overstrain,11,7,4,0.6363636363636364
16,Single WGAN-GP,rec80,Tool wear,7,0,7,0.0
16,Single WGAN-GP,rec80,No mechanism recorded,2,0,2,0.0
16,Single WGAN-GP,rec90,Heat dissipation,17,17,0,1.0
16,Single WGAN-GP,rec90,Power,14,14,0,1.0
16,Single WGAN-GP,rec90,Overstrain,11,11,0,1.0
16,Single WGAN-GP,rec90,Tool wear,7,1,6,0.14285714285714285
16,Single WGAN-GP,rec90,No mechanism recorded,2,0,2,0.0
16,Single WGAN-GP,fpr1,Heat dissipation,17,17,0,1.0
16,Single WGAN-GP,fpr1,Power,14,13,1,0.9285714285714286
16,Single WGAN-GP,fpr1,Overstrain,11,7,4,0.6363636363636364
16,Single WGAN-GP,fpr1,Tool wear,7,0,7,0.0
16,Single WGAN-GP,fpr1,No mechanism recorded,2,0,2,0.0
16,Single WGAN-GP,fpr2,Heat dissipation,17,17,0,1.0
16,Single WGAN-GP,fpr2,Power,14,13,1,0.9285714285714286
16,Single WGAN-GP,fpr2,Overstrain,11,10,1,0.9090909090909091
16,Single WGAN-GP,fpr2,Tool wear,7,0,7,0.0
16,Single WGAN-GP,fpr2,No mechanism recorded,2,0,2,0.0
17,ADASYN,t0.5,Heat dissipation,17,17,0,1.0
17,ADASYN,t0.5,Power,14,12,2,0.8571428571428571
17,ADASYN,t0.5,Overstrain,12,11,1,0.9166666666666666
17,ADASYN,t0.5,Tool wear,7,1,6,0.14285714285714285
17,ADASYN,t0.5,No mechanism recorded,1,0,1,0.0
17,ADASYN,F1opt,Heat dissipation,17,16,1,0.9411764705882353
17,ADASYN,F1opt,Power,14,9,5,0.6428571428571429
17,ADASYN,F1opt,Overstrain,12,10,2,0.8333333333333334
17,ADASYN,F1opt,Tool wear,7,0,7,0.0
17,ADASYN,F1opt,No mechanism recorded,1,0,1,0.0
17,ADASYN,rec80,Heat dissipation,17,16,1,0.9411764705882353
17,ADASYN,rec80,Power,14,11,3,0.7857142857142857
17,ADASYN,rec80,Overstrain,12,11,1,0.9166666666666666
17,ADASYN,rec80,Tool wear,7,0,7,0.0
17,ADASYN,rec80,No mechanism recorded,1,0,1,0.0
17,ADASYN,rec90,Heat dissipation,17,17,0,1.0
17,ADASYN,rec90,Power,14,14,0,1.0
17,ADASYN,rec90,Overstrain,12,12,0,1.0
17,ADASYN,rec90,Tool wear,7,2,5,0.2857142857142857
17,ADASYN,rec90,No mechanism recorded,1,0,1,0.0
17,ADASYN,fpr1,Heat dissipation,17,16,1,0.9411764705882353
17,ADASYN,fpr1,Power,14,9,5,0.6428571428571429
17,ADASYN,fpr1,Overstrain,12,10,2,0.8333333333333334
17,ADASYN,fpr1,Tool wear,7,0,7,0.0
17,ADASYN,fpr1,No mechanism recorded,1,0,1,0.0
17,ADASYN,fpr2,Heat dissipation,17,17,0,1.0
17,ADASYN,fpr2,Power,14,11,3,0.7857142857142857
17,ADASYN,fpr2,Overstrain,12,11,1,0.9166666666666666
17,ADASYN,fpr2,Tool wear,7,0,7,0.0
17,ADASYN,fpr2,No mechanism recorded,1,0,1,0.0
17,Baseline,t0.5,Heat dissipation,17,16,1,0.9411764705882353
17,Baseline,t0.5,Power,14,5,9,0.35714285714285715
17,Baseline,t0.5,Overstrain,12,6,6,0.5
17,Baseline,t0.5,Tool wear,7,0,7,0.0
17,Baseline,t0.5,No mechanism recorded,1,0,1,0.0
17,Baseline,F1opt,Heat dissipation,17,16,1,0.9411764705882353
17,Baseline,F1opt,Power,14,10,4,0.7142857142857143
17,Baseline,F1opt,Overstrain,12,9,3,0.75
17,Baseline,F1opt,Tool wear,7,0,7,0.0
17,Baseline,F1opt,No mechanism recorded,1,0,1,0.0
17,Baseline,rec80,Heat dissipation,17,17,0,1.0
17,Baseline,rec80,Power,14,11,3,0.7857142857142857
17,Baseline,rec80,Overstrain,12,11,1,0.9166666666666666
17,Baseline,rec80,Tool wear,7,0,7,0.0
17,Baseline,rec80,No mechanism recorded,1,0,1,0.0
17,Baseline,rec90,Heat dissipation,17,17,0,1.0
17,Baseline,rec90,Power,14,14,0,1.0
17,Baseline,rec90,Overstrain,12,12,0,1.0
17,Baseline,rec90,Tool wear,7,2,5,0.2857142857142857
17,Baseline,rec90,No mechanism recorded,1,0,1,0.0
17,Baseline,fpr1,Heat dissipation,17,16,1,0.9411764705882353
17,Baseline,fpr1,Power,14,10,4,0.7142857142857143
17,Baseline,fpr1,Overstrain,12,11,1,0.9166666666666666
17,Baseline,fpr1,Tool wear,7,0,7,0.0
17,Baseline,fpr1,No mechanism recorded,1,0,1,0.0
17,Baseline,fpr2,Heat dissipation,17,17,0,1.0
17,Baseline,fpr2,Power,14,12,2,0.8571428571428571
17,Baseline,fpr2,Overstrain,12,11,1,0.9166666666666666
17,Baseline,fpr2,Tool wear,7,0,7,0.0
17,Baseline,fpr2,No mechanism recorded,1,0,1,0.0
17,Borderline-SMOTE,t0.5,Heat dissipation,17,16,1,0.9411764705882353
17,Borderline-SMOTE,t0.5,Power,14,12,2,0.8571428571428571
17,Borderline-SMOTE,t0.5,Overstrain,12,11,1,0.9166666666666666
17,Borderline-SMOTE,t0.5,Tool wear,7,0,7,0.0
17,Borderline-SMOTE,t0.5,No mechanism recorded,1,0,1,0.0
17,Borderline-SMOTE,F1opt,Heat dissipation,17,16,1,0.9411764705882353
17,Borderline-SMOTE,F1opt,Power,14,9,5,0.6428571428571429
17,Borderline-SMOTE,F1opt,Overstrain,12,10,2,0.8333333333333334
17,Borderline-SMOTE,F1opt,Tool wear,7,0,7,0.0
17,Borderline-SMOTE,F1opt,No mechanism recorded,1,0,1,0.0
17,Borderline-SMOTE,rec80,Heat dissipation,17,17,0,1.0
17,Borderline-SMOTE,rec80,Power,14,12,2,0.8571428571428571
17,Borderline-SMOTE,rec80,Overstrain,12,11,1,0.9166666666666666
17,Borderline-SMOTE,rec80,Tool wear,7,0,7,0.0
17,Borderline-SMOTE,rec80,No mechanism recorded,1,0,1,0.0
17,Borderline-SMOTE,rec90,Heat dissipation,17,17,0,1.0
17,Borderline-SMOTE,rec90,Power,14,14,0,1.0
17,Borderline-SMOTE,rec90,Overstrain,12,12,0,1.0
17,Borderline-SMOTE,rec90,Tool wear,7,2,5,0.2857142857142857
17,Borderline-SMOTE,rec90,No mechanism recorded,1,0,1,0.0
17,Borderline-SMOTE,fpr1,Heat dissipation,17,16,1,0.9411764705882353
17,Borderline-SMOTE,fpr1,Power,14,11,3,0.7857142857142857
17,Borderline-SMOTE,fpr1,Overstrain,12,11,1,0.9166666666666666
17,Borderline-SMOTE,fpr1,Tool wear,7,0,7,0.0
17,Borderline-SMOTE,fpr1,No mechanism recorded,1,0,1,0.0
17,Borderline-SMOTE,fpr2,Heat dissipation,17,17,0,1.0
17,Borderline-SMOTE,fpr2,Power,14,14,0,1.0
17,Borderline-SMOTE,fpr2,Overstrain,12,11,1,0.9166666666666666
17,Borderline-SMOTE,fpr2,Tool wear,7,0,7,0.0
17,Borderline-SMOTE,fpr2,No mechanism recorded,1,0,1,0.0
17,Multi WGAN-GP,t0.5,Heat dissipation,17,17,0,1.0
17,Multi WGAN-GP,t0.5,Power,14,13,1,0.9285714285714286
17,Multi WGAN-GP,t0.5,Overstrain,12,12,0,1.0
17,Multi WGAN-GP,t0.5,Tool wear,7,0,7,0.0
17,Multi WGAN-GP,t0.5,No mechanism recorded,1,0,1,0.0
17,Multi WGAN-GP,F1opt,Heat dissipation,17,16,1,0.9411764705882353
17,Multi WGAN-GP,F1opt,Power,14,6,8,0.42857142857142855
17,Multi WGAN-GP,F1opt,Overstrain,12,8,4,0.6666666666666666
17,Multi WGAN-GP,F1opt,Tool wear,7,0,7,0.0
17,Multi WGAN-GP,F1opt,No mechanism recorded,1,0,1,0.0
17,Multi WGAN-GP,rec80,Heat dissipation,17,17,0,1.0
17,Multi WGAN-GP,rec80,Power,14,13,1,0.9285714285714286
17,Multi WGAN-GP,rec80,Overstrain,12,11,1,0.9166666666666666
17,Multi WGAN-GP,rec80,Tool wear,7,0,7,0.0
17,Multi WGAN-GP,rec80,No mechanism recorded,1,0,1,0.0
17,Multi WGAN-GP,rec90,Heat dissipation,17,17,0,1.0
17,Multi WGAN-GP,rec90,Power,14,14,0,1.0
17,Multi WGAN-GP,rec90,Overstrain,12,12,0,1.0
17,Multi WGAN-GP,rec90,Tool wear,7,1,6,0.14285714285714285
17,Multi WGAN-GP,rec90,No mechanism recorded,1,0,1,0.0
17,Multi WGAN-GP,fpr1,Heat dissipation,17,17,0,1.0
17,Multi WGAN-GP,fpr1,Power,14,12,2,0.8571428571428571
17,Multi WGAN-GP,fpr1,Overstrain,12,11,1,0.9166666666666666
17,Multi WGAN-GP,fpr1,Tool wear,7,0,7,0.0
17,Multi WGAN-GP,fpr1,No mechanism recorded,1,0,1,0.0
17,Multi WGAN-GP,fpr2,Heat dissipation,17,17,0,1.0
17,Multi WGAN-GP,fpr2,Power,14,13,1,0.9285714285714286
17,Multi WGAN-GP,fpr2,Overstrain,12,11,1,0.9166666666666666
17,Multi WGAN-GP,fpr2,Tool wear,7,0,7,0.0
17,Multi WGAN-GP,fpr2,No mechanism recorded,1,0,1,0.0
17,RUS,t0.5,Heat dissipation,17,17,0,1.0
17,RUS,t0.5,Power,14,14,0,1.0
17,RUS,t0.5,Overstrain,12,12,0,1.0
17,RUS,t0.5,Tool wear,7,5,2,0.7142857142857143
17,RUS,t0.5,No mechanism recorded,1,0,1,0.0
17,RUS,F1opt,Heat dissipation,17,13,4,0.7647058823529411
17,RUS,F1opt,Power,14,3,11,0.21428571428571427
17,RUS,F1opt,Overstrain,12,6,6,0.5
17,RUS,F1opt,Tool wear,7,0,7,0.0
17,RUS,F1opt,No mechanism recorded,1,0,1,0.0
17,RUS,rec80,Heat dissipation,17,17,0,1.0
17,RUS,rec80,Power,14,11,3,0.7857142857142857
17,RUS,rec80,Overstrain,12,11,1,0.9166666666666666
17,RUS,rec80,Tool wear,7,1,6,0.14285714285714285
17,RUS,rec80,No mechanism recorded,1,0,1,0.0
17,RUS,rec90,Heat dissipation,17,17,0,1.0
17,RUS,rec90,Power,14,14,0,1.0
17,RUS,rec90,Overstrain,12,12,0,1.0
17,RUS,rec90,Tool wear,7,3,4,0.42857142857142855
17,RUS,rec90,No mechanism recorded,1,0,1,0.0
17,RUS,fpr1,Heat dissipation,17,13,4,0.7647058823529411
17,RUS,fpr1,Power,14,3,11,0.21428571428571427
17,RUS,fpr1,Overstrain,12,6,6,0.5
17,RUS,fpr1,Tool wear,7,0,7,0.0
17,RUS,fpr1,No mechanism recorded,1,0,1,0.0
17,RUS,fpr2,Heat dissipation,17,17,0,1.0
17,RUS,fpr2,Power,14,9,5,0.6428571428571429
17,RUS,fpr2,Overstrain,12,10,2,0.8333333333333334
17,RUS,fpr2,Tool wear,7,0,7,0.0
17,RUS,fpr2,No mechanism recorded,1,0,1,0.0
17,SMOTE,t0.5,Heat dissipation,17,17,0,1.0
17,SMOTE,t0.5,Power,14,11,3,0.7857142857142857
17,SMOTE,t0.5,Overstrain,12,11,1,0.9166666666666666
17,SMOTE,t0.5,Tool wear,7,0,7,0.0
17,SMOTE,t0.5,No mechanism recorded,1,0,1,0.0
17,SMOTE,F1opt,Heat dissipation,17,14,3,0.8235294117647058
17,SMOTE,F1opt,Power,14,8,6,0.5714285714285714
17,SMOTE,F1opt,Overstrain,12,10,2,0.8333333333333334
17,SMOTE,F1opt,Tool wear,7,0,7,0.0
17,SMOTE,F1opt,No mechanism recorded,1,0,1,0.0
17,SMOTE,rec80,Heat dissipation,17,16,1,0.9411764705882353
17,SMOTE,rec80,Power,14,11,3,0.7857142857142857
17,SMOTE,rec80,Overstrain,12,11,1,0.9166666666666666
17,SMOTE,rec80,Tool wear,7,0,7,0.0
17,SMOTE,rec80,No mechanism recorded,1,0,1,0.0
17,SMOTE,rec90,Heat dissipation,17,17,0,1.0
17,SMOTE,rec90,Power,14,14,0,1.0
17,SMOTE,rec90,Overstrain,12,12,0,1.0
17,SMOTE,rec90,Tool wear,7,4,3,0.5714285714285714
17,SMOTE,rec90,No mechanism recorded,1,0,1,0.0
17,SMOTE,fpr1,Heat dissipation,17,16,1,0.9411764705882353
17,SMOTE,fpr1,Power,14,10,4,0.7142857142857143
17,SMOTE,fpr1,Overstrain,12,11,1,0.9166666666666666
17,SMOTE,fpr1,Tool wear,7,0,7,0.0
17,SMOTE,fpr1,No mechanism recorded,1,0,1,0.0
17,SMOTE,fpr2,Heat dissipation,17,16,1,0.9411764705882353
17,SMOTE,fpr2,Power,14,11,3,0.7857142857142857
17,SMOTE,fpr2,Overstrain,12,11,1,0.9166666666666666
17,SMOTE,fpr2,Tool wear,7,0,7,0.0
17,SMOTE,fpr2,No mechanism recorded,1,0,1,0.0
17,SMOTENC,t0.5,Heat dissipation,17,16,1,0.9411764705882353
17,SMOTENC,t0.5,Power,14,11,3,0.7857142857142857
17,SMOTENC,t0.5,Overstrain,12,11,1,0.9166666666666666
17,SMOTENC,t0.5,Tool wear,7,1,6,0.14285714285714285
17,SMOTENC,t0.5,No mechanism recorded,1,0,1,0.0
17,SMOTENC,F1opt,Heat dissipation,17,16,1,0.9411764705882353
17,SMOTENC,F1opt,Power,14,11,3,0.7857142857142857
17,SMOTENC,F1opt,Overstrain,12,11,1,0.9166666666666666
17,SMOTENC,F1opt,Tool wear,7,1,6,0.14285714285714285
17,SMOTENC,F1opt,No mechanism recorded,1,0,1,0.0
17,SMOTENC,rec80,Heat dissipation,17,16,1,0.9411764705882353
17,SMOTENC,rec80,Power,14,11,3,0.7857142857142857
17,SMOTENC,rec80,Overstrain,12,11,1,0.9166666666666666
17,SMOTENC,rec80,Tool wear,7,1,6,0.14285714285714285
17,SMOTENC,rec80,No mechanism recorded,1,0,1,0.0
17,SMOTENC,rec90,Heat dissipation,17,17,0,1.0
17,SMOTENC,rec90,Power,14,13,1,0.9285714285714286
17,SMOTENC,rec90,Overstrain,12,12,0,1.0
17,SMOTENC,rec90,Tool wear,7,2,5,0.2857142857142857
17,SMOTENC,rec90,No mechanism recorded,1,0,1,0.0
17,SMOTENC,fpr1,Heat dissipation,17,16,1,0.9411764705882353
17,SMOTENC,fpr1,Power,14,10,4,0.7142857142857143
17,SMOTENC,fpr1,Overstrain,12,11,1,0.9166666666666666
17,SMOTENC,fpr1,Tool wear,7,0,7,0.0
17,SMOTENC,fpr1,No mechanism recorded,1,0,1,0.0
17,SMOTENC,fpr2,Heat dissipation,17,16,1,0.9411764705882353
17,SMOTENC,fpr2,Power,14,12,2,0.8571428571428571
17,SMOTENC,fpr2,Overstrain,12,11,1,0.9166666666666666
17,SMOTENC,fpr2,Tool wear,7,1,6,0.14285714285714285
17,SMOTENC,fpr2,No mechanism recorded,1,0,1,0.0
17,Single WGAN-GP,t0.5,Heat dissipation,17,17,0,1.0
17,Single WGAN-GP,t0.5,Power,14,14,0,1.0
17,Single WGAN-GP,t0.5,Overstrain,12,12,0,1.0
17,Single WGAN-GP,t0.5,Tool wear,7,0,7,0.0
17,Single WGAN-GP,t0.5,No mechanism recorded,1,0,1,0.0
17,Single WGAN-GP,F1opt,Heat dissipation,17,13,4,0.7647058823529411
17,Single WGAN-GP,F1opt,Power,14,12,2,0.8571428571428571
17,Single WGAN-GP,F1opt,Overstrain,12,10,2,0.8333333333333334
17,Single WGAN-GP,F1opt,Tool wear,7,0,7,0.0
17,Single WGAN-GP,F1opt,No mechanism recorded,1,0,1,0.0
17,Single WGAN-GP,rec80,Heat dissipation,17,13,4,0.7647058823529411
17,Single WGAN-GP,rec80,Power,14,13,1,0.9285714285714286
17,Single WGAN-GP,rec80,Overstrain,12,12,0,1.0
17,Single WGAN-GP,rec80,Tool wear,7,0,7,0.0
17,Single WGAN-GP,rec80,No mechanism recorded,1,0,1,0.0
17,Single WGAN-GP,rec90,Heat dissipation,17,17,0,1.0
17,Single WGAN-GP,rec90,Power,14,14,0,1.0
17,Single WGAN-GP,rec90,Overstrain,12,12,0,1.0
17,Single WGAN-GP,rec90,Tool wear,7,1,6,0.14285714285714285
17,Single WGAN-GP,rec90,No mechanism recorded,1,0,1,0.0
17,Single WGAN-GP,fpr1,Heat dissipation,17,13,4,0.7647058823529411
17,Single WGAN-GP,fpr1,Power,14,13,1,0.9285714285714286
17,Single WGAN-GP,fpr1,Overstrain,12,12,0,1.0
17,Single WGAN-GP,fpr1,Tool wear,7,0,7,0.0
17,Single WGAN-GP,fpr1,No mechanism recorded,1,0,1,0.0
17,Single WGAN-GP,fpr2,Heat dissipation,17,17,0,1.0
17,Single WGAN-GP,fpr2,Power,14,14,0,1.0
17,Single WGAN-GP,fpr2,Overstrain,12,12,0,1.0
17,Single WGAN-GP,fpr2,Tool wear,7,0,7,0.0
17,Single WGAN-GP,fpr2,No mechanism recorded,1,0,1,0.0
18,ADASYN,t0.5,Heat dissipation,17,17,0,1.0
18,ADASYN,t0.5,Power,14,13,1,0.9285714285714286
18,ADASYN,t0.5,Overstrain,11,10,1,0.9090909090909091
18,ADASYN,t0.5,Tool wear,7,3,4,0.42857142857142855
18,ADASYN,t0.5,No mechanism recorded,2,0,2,0.0
18,ADASYN,F1opt,Heat dissipation,17,16,1,0.9411764705882353
18,ADASYN,F1opt,Power,14,11,3,0.7857142857142857
18,ADASYN,F1opt,Overstrain,11,7,4,0.6363636363636364
18,ADASYN,F1opt,Tool wear,7,0,7,0.0
18,ADASYN,F1opt,No mechanism recorded,2,0,2,0.0
18,ADASYN,rec80,Heat dissipation,17,17,0,1.0
18,ADASYN,rec80,Power,14,13,1,0.9285714285714286
18,ADASYN,rec80,Overstrain,11,7,4,0.6363636363636364
18,ADASYN,rec80,Tool wear,7,2,5,0.2857142857142857
18,ADASYN,rec80,No mechanism recorded,2,0,2,0.0
18,ADASYN,rec90,Heat dissipation,17,17,0,1.0
18,ADASYN,rec90,Power,14,14,0,1.0
18,ADASYN,rec90,Overstrain,11,11,0,1.0
18,ADASYN,rec90,Tool wear,7,4,3,0.5714285714285714
18,ADASYN,rec90,No mechanism recorded,2,0,2,0.0
18,ADASYN,fpr1,Heat dissipation,17,17,0,1.0
18,ADASYN,fpr1,Power,14,13,1,0.9285714285714286
18,ADASYN,fpr1,Overstrain,11,7,4,0.6363636363636364
18,ADASYN,fpr1,Tool wear,7,2,5,0.2857142857142857
18,ADASYN,fpr1,No mechanism recorded,2,0,2,0.0
18,ADASYN,fpr2,Heat dissipation,17,17,0,1.0
18,ADASYN,fpr2,Power,14,13,1,0.9285714285714286
18,ADASYN,fpr2,Overstrain,11,7,4,0.6363636363636364
18,ADASYN,fpr2,Tool wear,7,2,5,0.2857142857142857
18,ADASYN,fpr2,No mechanism recorded,2,0,2,0.0
18,Baseline,t0.5,Heat dissipation,17,17,0,1.0
18,Baseline,t0.5,Power,14,13,1,0.9285714285714286
18,Baseline,t0.5,Overstrain,11,8,3,0.7272727272727273
18,Baseline,t0.5,Tool wear,7,1,6,0.14285714285714285
18,Baseline,t0.5,No mechanism recorded,2,0,2,0.0
18,Baseline,F1opt,Heat dissipation,17,17,0,1.0
18,Baseline,F1opt,Power,14,13,1,0.9285714285714286
18,Baseline,F1opt,Overstrain,11,8,3,0.7272727272727273
18,Baseline,F1opt,Tool wear,7,1,6,0.14285714285714285
18,Baseline,F1opt,No mechanism recorded,2,0,2,0.0
18,Baseline,rec80,Heat dissipation,17,17,0,1.0
18,Baseline,rec80,Power,14,14,0,1.0
18,Baseline,rec80,Overstrain,11,11,0,1.0
18,Baseline,rec80,Tool wear,7,1,6,0.14285714285714285
18,Baseline,rec80,No mechanism recorded,2,0,2,0.0
18,Baseline,rec90,Heat dissipation,17,17,0,1.0
18,Baseline,rec90,Power,14,14,0,1.0
18,Baseline,rec90,Overstrain,11,11,0,1.0
18,Baseline,rec90,Tool wear,7,5,2,0.7142857142857143
18,Baseline,rec90,No mechanism recorded,2,0,2,0.0
18,Baseline,fpr1,Heat dissipation,17,17,0,1.0
18,Baseline,fpr1,Power,14,14,0,1.0
18,Baseline,fpr1,Overstrain,11,10,1,0.9090909090909091
18,Baseline,fpr1,Tool wear,7,1,6,0.14285714285714285
18,Baseline,fpr1,No mechanism recorded,2,0,2,0.0
18,Baseline,fpr2,Heat dissipation,17,17,0,1.0
18,Baseline,fpr2,Power,14,14,0,1.0
18,Baseline,fpr2,Overstrain,11,11,0,1.0
18,Baseline,fpr2,Tool wear,7,1,6,0.14285714285714285
18,Baseline,fpr2,No mechanism recorded,2,0,2,0.0
18,Borderline-SMOTE,t0.5,Heat dissipation,17,17,0,1.0
18,Borderline-SMOTE,t0.5,Power,14,14,0,1.0
18,Borderline-SMOTE,t0.5,Overstrain,11,10,1,0.9090909090909091
18,Borderline-SMOTE,t0.5,Tool wear,7,1,6,0.14285714285714285
18,Borderline-SMOTE,t0.5,No mechanism recorded,2,0,2,0.0
18,Borderline-SMOTE,F1opt,Heat dissipation,17,16,1,0.9411764705882353
18,Borderline-SMOTE,F1opt,Power,14,13,1,0.9285714285714286
18,Borderline-SMOTE,F1opt,Overstrain,11,9,2,0.8181818181818182
18,Borderline-SMOTE,F1opt,Tool wear,7,0,7,0.0
18,Borderline-SMOTE,F1opt,No mechanism recorded,2,0,2,0.0
18,Borderline-SMOTE,rec80,Heat dissipation,17,17,0,1.0
18,Borderline-SMOTE,rec80,Power,14,14,0,1.0
18,Borderline-SMOTE,rec80,Overstrain,11,10,1,0.9090909090909091
18,Borderline-SMOTE,rec80,Tool wear,7,1,6,0.14285714285714285
18,Borderline-SMOTE,rec80,No mechanism recorded,2,0,2,0.0
18,Borderline-SMOTE,rec90,Heat dissipation,17,17,0,1.0
18,Borderline-SMOTE,rec90,Power,14,14,0,1.0
18,Borderline-SMOTE,rec90,Overstrain,11,11,0,1.0
18,Borderline-SMOTE,rec90,Tool wear,7,5,2,0.7142857142857143
18,Borderline-SMOTE,rec90,No mechanism recorded,2,0,2,0.0
18,Borderline-SMOTE,fpr1,Heat dissipation,17,17,0,1.0
18,Borderline-SMOTE,fpr1,Power,14,14,0,1.0
18,Borderline-SMOTE,fpr1,Overstrain,11,10,1,0.9090909090909091
18,Borderline-SMOTE,fpr1,Tool wear,7,1,6,0.14285714285714285
18,Borderline-SMOTE,fpr1,No mechanism recorded,2,0,2,0.0
18,Borderline-SMOTE,fpr2,Heat dissipation,17,17,0,1.0
18,Borderline-SMOTE,fpr2,Power,14,14,0,1.0
18,Borderline-SMOTE,fpr2,Overstrain,11,10,1,0.9090909090909091
18,Borderline-SMOTE,fpr2,Tool wear,7,1,6,0.14285714285714285
18,Borderline-SMOTE,fpr2,No mechanism recorded,2,0,2,0.0
18,Multi WGAN-GP,t0.5,Heat dissipation,17,17,0,1.0
18,Multi WGAN-GP,t0.5,Power,14,14,0,1.0
18,Multi WGAN-GP,t0.5,Overstrain,11,11,0,1.0
18,Multi WGAN-GP,t0.5,Tool wear,7,1,6,0.14285714285714285
18,Multi WGAN-GP,t0.5,No mechanism recorded,2,0,2,0.0
18,Multi WGAN-GP,F1opt,Heat dissipation,17,17,0,1.0
18,Multi WGAN-GP,F1opt,Power,14,14,0,1.0
18,Multi WGAN-GP,F1opt,Overstrain,11,10,1,0.9090909090909091
18,Multi WGAN-GP,F1opt,Tool wear,7,1,6,0.14285714285714285
18,Multi WGAN-GP,F1opt,No mechanism recorded,2,0,2,0.0
18,Multi WGAN-GP,rec80,Heat dissipation,17,17,0,1.0
18,Multi WGAN-GP,rec80,Power,14,14,0,1.0
18,Multi WGAN-GP,rec80,Overstrain,11,11,0,1.0
18,Multi WGAN-GP,rec80,Tool wear,7,1,6,0.14285714285714285
18,Multi WGAN-GP,rec80,No mechanism recorded,2,0,2,0.0
18,Multi WGAN-GP,rec90,Heat dissipation,17,17,0,1.0
18,Multi WGAN-GP,rec90,Power,14,14,0,1.0
18,Multi WGAN-GP,rec90,Overstrain,11,11,0,1.0
18,Multi WGAN-GP,rec90,Tool wear,7,3,4,0.42857142857142855
18,Multi WGAN-GP,rec90,No mechanism recorded,2,0,2,0.0
18,Multi WGAN-GP,fpr1,Heat dissipation,17,17,0,1.0
18,Multi WGAN-GP,fpr1,Power,14,14,0,1.0
18,Multi WGAN-GP,fpr1,Overstrain,11,10,1,0.9090909090909091
18,Multi WGAN-GP,fpr1,Tool wear,7,1,6,0.14285714285714285
18,Multi WGAN-GP,fpr1,No mechanism recorded,2,0,2,0.0
18,Multi WGAN-GP,fpr2,Heat dissipation,17,17,0,1.0
18,Multi WGAN-GP,fpr2,Power,14,14,0,1.0
18,Multi WGAN-GP,fpr2,Overstrain,11,11,0,1.0
18,Multi WGAN-GP,fpr2,Tool wear,7,1,6,0.14285714285714285
18,Multi WGAN-GP,fpr2,No mechanism recorded,2,0,2,0.0
18,RUS,t0.5,Heat dissipation,17,17,0,1.0
18,RUS,t0.5,Power,14,14,0,1.0
18,RUS,t0.5,Overstrain,11,11,0,1.0
18,RUS,t0.5,Tool wear,7,7,0,1.0
18,RUS,t0.5,No mechanism recorded,2,1,1,0.5
18,RUS,F1opt,Heat dissipation,17,16,1,0.9411764705882353
18,RUS,F1opt,Power,14,11,3,0.7857142857142857
18,RUS,F1opt,Overstrain,11,8,3,0.7272727272727273
18,RUS,F1opt,Tool wear,7,1,6,0.14285714285714285
18,RUS,F1opt,No mechanism recorded,2,0,2,0.0
18,RUS,rec80,Heat dissipation,17,17,0,1.0
18,RUS,rec80,Power,14,14,0,1.0
18,RUS,rec80,Overstrain,11,11,0,1.0
18,RUS,rec80,Tool wear,7,4,3,0.5714285714285714
18,RUS,rec80,No mechanism recorded,2,0,2,0.0
18,RUS,rec90,Heat dissipation,17,17,0,1.0
18,RUS,rec90,Power,14,14,0,1.0
18,RUS,rec90,Overstrain,11,11,0,1.0
18,RUS,rec90,Tool wear,7,6,1,0.8571428571428571
18,RUS,rec90,No mechanism recorded,2,0,2,0.0
18,RUS,fpr1,Heat dissipation,17,16,1,0.9411764705882353
18,RUS,fpr1,Power,14,10,4,0.7142857142857143
18,RUS,fpr1,Overstrain,11,7,4,0.6363636363636364
18,RUS,fpr1,Tool wear,7,0,7,0.0
18,RUS,fpr1,No mechanism recorded,2,0,2,0.0
18,RUS,fpr2,Heat dissipation,17,16,1,0.9411764705882353
18,RUS,fpr2,Power,14,13,1,0.9285714285714286
18,RUS,fpr2,Overstrain,11,9,2,0.8181818181818182
18,RUS,fpr2,Tool wear,7,2,5,0.2857142857142857
18,RUS,fpr2,No mechanism recorded,2,0,2,0.0
18,SMOTE,t0.5,Heat dissipation,17,17,0,1.0
18,SMOTE,t0.5,Power,14,13,1,0.9285714285714286
18,SMOTE,t0.5,Overstrain,11,10,1,0.9090909090909091
18,SMOTE,t0.5,Tool wear,7,2,5,0.2857142857142857
18,SMOTE,t0.5,No mechanism recorded,2,0,2,0.0
18,SMOTE,F1opt,Heat dissipation,17,16,1,0.9411764705882353
18,SMOTE,F1opt,Power,14,11,3,0.7857142857142857
18,SMOTE,F1opt,Overstrain,11,7,4,0.6363636363636364
18,SMOTE,F1opt,Tool wear,7,0,7,0.0
18,SMOTE,F1opt,No mechanism recorded,2,0,2,0.0
18,SMOTE,rec80,Heat dissipation,17,17,0,1.0
18,SMOTE,rec80,Power,14,14,0,1.0
18,SMOTE,rec80,Overstrain,11,10,1,0.9090909090909091
18,SMOTE,rec80,Tool wear,7,3,4,0.42857142857142855
18,SMOTE,rec80,No mechanism recorded,2,0,2,0.0
18,SMOTE,rec90,Heat dissipation,17,17,0,1.0
18,SMOTE,rec90,Power,14,14,0,1.0
18,SMOTE,rec90,Overstrain,11,11,0,1.0
18,SMOTE,rec90,Tool wear,7,3,4,0.42857142857142855
18,SMOTE,rec90,No mechanism recorded,2,0,2,0.0
18,SMOTE,fpr1,Heat dissipation,17,17,0,1.0
18,SMOTE,fpr1,Power,14,13,1,0.9285714285714286
18,SMOTE,fpr1,Overstrain,11,8,3,0.7272727272727273
18,SMOTE,fpr1,Tool wear,7,2,5,0.2857142857142857
18,SMOTE,fpr1,No mechanism recorded,2,0,2,0.0
18,SMOTE,fpr2,Heat dissipation,17,17,0,1.0
18,SMOTE,fpr2,Power,14,14,0,1.0
18,SMOTE,fpr2,Overstrain,11,10,1,0.9090909090909091
18,SMOTE,fpr2,Tool wear,7,3,4,0.42857142857142855
18,SMOTE,fpr2,No mechanism recorded,2,0,2,0.0
18,SMOTENC,t0.5,Heat dissipation,17,17,0,1.0
18,SMOTENC,t0.5,Power,14,13,1,0.9285714285714286
18,SMOTENC,t0.5,Overstrain,11,10,1,0.9090909090909091
18,SMOTENC,t0.5,Tool wear,7,3,4,0.42857142857142855
18,SMOTENC,t0.5,No mechanism recorded,2,0,2,0.0
18,SMOTENC,F1opt,Heat dissipation,17,16,1,0.9411764705882353
18,SMOTENC,F1opt,Power,14,11,3,0.7857142857142857
18,SMOTENC,F1opt,Overstrain,11,7,4,0.6363636363636364
18,SMOTENC,F1opt,Tool wear,7,1,6,0.14285714285714285
18,SMOTENC,F1opt,No mechanism recorded,2,0,2,0.0
18,SMOTENC,rec80,Heat dissipation,17,17,0,1.0
18,SMOTENC,rec80,Power,14,14,0,1.0
18,SMOTENC,rec80,Overstrain,11,10,1,0.9090909090909091
18,SMOTENC,rec80,Tool wear,7,3,4,0.42857142857142855
18,SMOTENC,rec80,No mechanism recorded,2,0,2,0.0
18,SMOTENC,rec90,Heat dissipation,17,17,0,1.0
18,SMOTENC,rec90,Power,14,14,0,1.0
18,SMOTENC,rec90,Overstrain,11,11,0,1.0
18,SMOTENC,rec90,Tool wear,7,5,2,0.7142857142857143
18,SMOTENC,rec90,No mechanism recorded,2,0,2,0.0
18,SMOTENC,fpr1,Heat dissipation,17,17,0,1.0
18,SMOTENC,fpr1,Power,14,13,1,0.9285714285714286
18,SMOTENC,fpr1,Overstrain,11,9,2,0.8181818181818182
18,SMOTENC,fpr1,Tool wear,7,2,5,0.2857142857142857
18,SMOTENC,fpr1,No mechanism recorded,2,0,2,0.0
18,SMOTENC,fpr2,Heat dissipation,17,17,0,1.0
18,SMOTENC,fpr2,Power,14,14,0,1.0
18,SMOTENC,fpr2,Overstrain,11,11,0,1.0
18,SMOTENC,fpr2,Tool wear,7,3,4,0.42857142857142855
18,SMOTENC,fpr2,No mechanism recorded,2,0,2,0.0
18,Single WGAN-GP,t0.5,Heat dissipation,17,17,0,1.0
18,Single WGAN-GP,t0.5,Power,14,14,0,1.0
18,Single WGAN-GP,t0.5,Overstrain,11,11,0,1.0
18,Single WGAN-GP,t0.5,Tool wear,7,3,4,0.42857142857142855
18,Single WGAN-GP,t0.5,No mechanism recorded,2,0,2,0.0
18,Single WGAN-GP,F1opt,Heat dissipation,17,17,0,1.0
18,Single WGAN-GP,F1opt,Power,14,14,0,1.0
18,Single WGAN-GP,F1opt,Overstrain,11,10,1,0.9090909090909091
18,Single WGAN-GP,F1opt,Tool wear,7,1,6,0.14285714285714285
18,Single WGAN-GP,F1opt,No mechanism recorded,2,0,2,0.0
18,Single WGAN-GP,rec80,Heat dissipation,17,17,0,1.0
18,Single WGAN-GP,rec80,Power,14,14,0,1.0
18,Single WGAN-GP,rec80,Overstrain,11,11,0,1.0
18,Single WGAN-GP,rec80,Tool wear,7,2,5,0.2857142857142857
18,Single WGAN-GP,rec80,No mechanism recorded,2,0,2,0.0
18,Single WGAN-GP,rec90,Heat dissipation,17,17,0,1.0
18,Single WGAN-GP,rec90,Power,14,14,0,1.0
18,Single WGAN-GP,rec90,Overstrain,11,11,0,1.0
18,Single WGAN-GP,rec90,Tool wear,7,3,4,0.42857142857142855
18,Single WGAN-GP,rec90,No mechanism recorded,2,0,2,0.0
18,Single WGAN-GP,fpr1,Heat dissipation,17,17,0,1.0
18,Single WGAN-GP,fpr1,Power,14,14,0,1.0
18,Single WGAN-GP,fpr1,Overstrain,11,10,1,0.9090909090909091
18,Single WGAN-GP,fpr1,Tool wear,7,0,7,0.0
18,Single WGAN-GP,fpr1,No mechanism recorded,2,0,2,0.0
18,Single WGAN-GP,fpr2,Heat dissipation,17,17,0,1.0
18,Single WGAN-GP,fpr2,Power,14,14,0,1.0
18,Single WGAN-GP,fpr2,Overstrain,11,11,0,1.0
18,Single WGAN-GP,fpr2,Tool wear,7,1,6,0.14285714285714285
18,Single WGAN-GP,fpr2,No mechanism recorded,2,0,2,0.0
19,ADASYN,t0.5,Heat dissipation,17,17,0,1.0
19,ADASYN,t0.5,Power,14,12,2,0.8571428571428571
19,ADASYN,t0.5,Overstrain,11,10,1,0.9090909090909091
19,ADASYN,t0.5,Tool wear,7,1,6,0.14285714285714285
19,ADASYN,t0.5,No mechanism recorded,2,0,2,0.0
19,ADASYN,F1opt,Heat dissipation,17,16,1,0.9411764705882353
19,ADASYN,F1opt,Power,14,9,5,0.6428571428571429
19,ADASYN,F1opt,Overstrain,11,9,2,0.8181818181818182
19,ADASYN,F1opt,Tool wear,7,1,6,0.14285714285714285
19,ADASYN,F1opt,No mechanism recorded,2,0,2,0.0
19,ADASYN,rec80,Heat dissipation,17,17,0,1.0
19,ADASYN,rec80,Power,14,13,1,0.9285714285714286
19,ADASYN,rec80,Overstrain,11,11,0,1.0
19,ADASYN,rec80,Tool wear,7,1,6,0.14285714285714285
19,ADASYN,rec80,No mechanism recorded,2,0,2,0.0
19,ADASYN,rec90,Heat dissipation,17,17,0,1.0
19,ADASYN,rec90,Power,14,13,1,0.9285714285714286
19,ADASYN,rec90,Overstrain,11,11,0,1.0
19,ADASYN,rec90,Tool wear,7,1,6,0.14285714285714285
19,ADASYN,rec90,No mechanism recorded,2,0,2,0.0
19,ADASYN,fpr1,Heat dissipation,17,17,0,1.0
19,ADASYN,fpr1,Power,14,11,3,0.7857142857142857
19,ADASYN,fpr1,Overstrain,11,10,1,0.9090909090909091
19,ADASYN,fpr1,Tool wear,7,1,6,0.14285714285714285
19,ADASYN,fpr1,No mechanism recorded,2,0,2,0.0
19,ADASYN,fpr2,Heat dissipation,17,17,0,1.0
19,ADASYN,fpr2,Power,14,13,1,0.9285714285714286
19,ADASYN,fpr2,Overstrain,11,11,0,1.0
19,ADASYN,fpr2,Tool wear,7,1,6,0.14285714285714285
19,ADASYN,fpr2,No mechanism recorded,2,0,2,0.0
19,Baseline,t0.5,Heat dissipation,17,16,1,0.9411764705882353
19,Baseline,t0.5,Power,14,10,4,0.7142857142857143
19,Baseline,t0.5,Overstrain,11,6,5,0.5454545454545454
19,Baseline,t0.5,Tool wear,7,0,7,0.0
19,Baseline,t0.5,No mechanism recorded,2,0,2,0.0
19,Baseline,F1opt,Heat dissipation,17,17,0,1.0
19,Baseline,F1opt,Power,14,11,3,0.7857142857142857
19,Baseline,F1opt,Overstrain,11,10,1,0.9090909090909091
19,Baseline,F1opt,Tool wear,7,0,7,0.0
19,Baseline,F1opt,No mechanism recorded,2,0,2,0.0
19,Baseline,rec80,Heat dissipation,17,17,0,1.0
19,Baseline,rec80,Power,14,13,1,0.9285714285714286
19,Baseline,rec80,Overstrain,11,11,0,1.0
19,Baseline,rec80,Tool wear,7,0,7,0.0
19,Baseline,rec80,No mechanism recorded,2,0,2,0.0
19,Baseline,rec90,Heat dissipation,17,17,0,1.0
19,Baseline,rec90,Power,14,14,0,1.0
19,Baseline,rec90,Overstrain,11,11,0,1.0
19,Baseline,rec90,Tool wear,7,3,4,0.42857142857142855
19,Baseline,rec90,No mechanism recorded,2,0,2,0.0
19,Baseline,fpr1,Heat dissipation,17,17,0,1.0
19,Baseline,fpr1,Power,14,11,3,0.7857142857142857
19,Baseline,fpr1,Overstrain,11,10,1,0.9090909090909091
19,Baseline,fpr1,Tool wear,7,0,7,0.0
19,Baseline,fpr1,No mechanism recorded,2,0,2,0.0
19,Baseline,fpr2,Heat dissipation,17,17,0,1.0
19,Baseline,fpr2,Power,14,13,1,0.9285714285714286
19,Baseline,fpr2,Overstrain,11,11,0,1.0
19,Baseline,fpr2,Tool wear,7,0,7,0.0
19,Baseline,fpr2,No mechanism recorded,2,0,2,0.0
19,Borderline-SMOTE,t0.5,Heat dissipation,17,17,0,1.0
19,Borderline-SMOTE,t0.5,Power,14,11,3,0.7857142857142857
19,Borderline-SMOTE,t0.5,Overstrain,11,10,1,0.9090909090909091
19,Borderline-SMOTE,t0.5,Tool wear,7,0,7,0.0
19,Borderline-SMOTE,t0.5,No mechanism recorded,2,0,2,0.0
19,Borderline-SMOTE,F1opt,Heat dissipation,17,16,1,0.9411764705882353
19,Borderline-SMOTE,F1opt,Power,14,11,3,0.7857142857142857
19,Borderline-SMOTE,F1opt,Overstrain,11,10,1,0.9090909090909091
19,Borderline-SMOTE,F1opt,Tool wear,7,0,7,0.0
19,Borderline-SMOTE,F1opt,No mechanism recorded,2,0,2,0.0
19,Borderline-SMOTE,rec80,Heat dissipation,17,17,0,1.0
19,Borderline-SMOTE,rec80,Power,14,13,1,0.9285714285714286
19,Borderline-SMOTE,rec80,Overstrain,11,11,0,1.0
19,Borderline-SMOTE,rec80,Tool wear,7,0,7,0.0
19,Borderline-SMOTE,rec80,No mechanism recorded,2,0,2,0.0
19,Borderline-SMOTE,rec90,Heat dissipation,17,17,0,1.0
19,Borderline-SMOTE,rec90,Power,14,14,0,1.0
19,Borderline-SMOTE,rec90,Overstrain,11,11,0,1.0
19,Borderline-SMOTE,rec90,Tool wear,7,5,2,0.7142857142857143
19,Borderline-SMOTE,rec90,No mechanism recorded,2,0,2,0.0
19,Borderline-SMOTE,fpr1,Heat dissipation,17,17,0,1.0
19,Borderline-SMOTE,fpr1,Power,14,12,2,0.8571428571428571
19,Borderline-SMOTE,fpr1,Overstrain,11,10,1,0.9090909090909091
19,Borderline-SMOTE,fpr1,Tool wear,7,0,7,0.0
19,Borderline-SMOTE,fpr1,No mechanism recorded,2,0,2,0.0
19,Borderline-SMOTE,fpr2,Heat dissipation,17,17,0,1.0
19,Borderline-SMOTE,fpr2,Power,14,13,1,0.9285714285714286
19,Borderline-SMOTE,fpr2,Overstrain,11,11,0,1.0
19,Borderline-SMOTE,fpr2,Tool wear,7,0,7,0.0
19,Borderline-SMOTE,fpr2,No mechanism recorded,2,0,2,0.0
19,Multi WGAN-GP,t0.5,Heat dissipation,17,17,0,1.0
19,Multi WGAN-GP,t0.5,Power,14,14,0,1.0
19,Multi WGAN-GP,t0.5,Overstrain,11,11,0,1.0
19,Multi WGAN-GP,t0.5,Tool wear,7,0,7,0.0
19,Multi WGAN-GP,t0.5,No mechanism recorded,2,0,2,0.0
19,Multi WGAN-GP,F1opt,Heat dissipation,17,15,2,0.8823529411764706
19,Multi WGAN-GP,F1opt,Power,14,8,6,0.5714285714285714
19,Multi WGAN-GP,F1opt,Overstrain,11,8,3,0.7272727272727273
19,Multi WGAN-GP,F1opt,Tool wear,7,0,7,0.0
19,Multi WGAN-GP,F1opt,No mechanism recorded,2,0,2,0.0
19,Multi WGAN-GP,rec80,Heat dissipation,17,17,0,1.0
19,Multi WGAN-GP,rec80,Power,14,14,0,1.0
19,Multi WGAN-GP,rec80,Overstrain,11,10,1,0.9090909090909091
19,Multi WGAN-GP,rec80,Tool wear,7,0,7,0.0
19,Multi WGAN-GP,rec80,No mechanism recorded,2,0,2,0.0
19,Multi WGAN-GP,rec90,Heat dissipation,17,17,0,1.0
19,Multi WGAN-GP,rec90,Power,14,14,0,1.0
19,Multi WGAN-GP,rec90,Overstrain,11,11,0,1.0
19,Multi WGAN-GP,rec90,Tool wear,7,2,5,0.2857142857142857
19,Multi WGAN-GP,rec90,No mechanism recorded,2,0,2,0.0
19,Multi WGAN-GP,fpr1,Heat dissipation,17,17,0,1.0
19,Multi WGAN-GP,fpr1,Power,14,12,2,0.8571428571428571
19,Multi WGAN-GP,fpr1,Overstrain,11,8,3,0.7272727272727273
19,Multi WGAN-GP,fpr1,Tool wear,7,0,7,0.0
19,Multi WGAN-GP,fpr1,No mechanism recorded,2,0,2,0.0
19,Multi WGAN-GP,fpr2,Heat dissipation,17,17,0,1.0
19,Multi WGAN-GP,fpr2,Power,14,14,0,1.0
19,Multi WGAN-GP,fpr2,Overstrain,11,11,0,1.0
19,Multi WGAN-GP,fpr2,Tool wear,7,0,7,0.0
19,Multi WGAN-GP,fpr2,No mechanism recorded,2,0,2,0.0
19,RUS,t0.5,Heat dissipation,17,17,0,1.0
19,RUS,t0.5,Power,14,13,1,0.9285714285714286
19,RUS,t0.5,Overstrain,11,11,0,1.0
19,RUS,t0.5,Tool wear,7,6,1,0.8571428571428571
19,RUS,t0.5,No mechanism recorded,2,0,2,0.0
19,RUS,F1opt,Heat dissipation,17,17,0,1.0
19,RUS,F1opt,Power,14,10,4,0.7142857142857143
19,RUS,F1opt,Overstrain,11,11,0,1.0
19,RUS,F1opt,Tool wear,7,1,6,0.14285714285714285
19,RUS,F1opt,No mechanism recorded,2,0,2,0.0
19,RUS,rec80,Heat dissipation,17,17,0,1.0
19,RUS,rec80,Power,14,10,4,0.7142857142857143
19,RUS,rec80,Overstrain,11,11,0,1.0
19,RUS,rec80,Tool wear,7,2,5,0.2857142857142857
19,RUS,rec80,No mechanism recorded,2,0,2,0.0
19,RUS,rec90,Heat dissipation,17,17,0,1.0
19,RUS,rec90,Power,14,12,2,0.8571428571428571
19,RUS,rec90,Overstrain,11,11,0,1.0
19,RUS,rec90,Tool wear,7,5,2,0.7142857142857143
19,RUS,rec90,No mechanism recorded,2,0,2,0.0
19,RUS,fpr1,Heat dissipation,17,16,1,0.9411764705882353
19,RUS,fpr1,Power,14,8,6,0.5714285714285714
19,RUS,fpr1,Overstrain,11,8,3,0.7272727272727273
19,RUS,fpr1,Tool wear,7,0,7,0.0
19,RUS,fpr1,No mechanism recorded,2,0,2,0.0
19,RUS,fpr2,Heat dissipation,17,17,0,1.0
19,RUS,fpr2,Power,14,10,4,0.7142857142857143
19,RUS,fpr2,Overstrain,11,11,0,1.0
19,RUS,fpr2,Tool wear,7,1,6,0.14285714285714285
19,RUS,fpr2,No mechanism recorded,2,0,2,0.0
19,SMOTE,t0.5,Heat dissipation,17,17,0,1.0
19,SMOTE,t0.5,Power,14,12,2,0.8571428571428571
19,SMOTE,t0.5,Overstrain,11,10,1,0.9090909090909091
19,SMOTE,t0.5,Tool wear,7,1,6,0.14285714285714285
19,SMOTE,t0.5,No mechanism recorded,2,0,2,0.0
19,SMOTE,F1opt,Heat dissipation,17,15,2,0.8823529411764706
19,SMOTE,F1opt,Power,14,8,6,0.5714285714285714
19,SMOTE,F1opt,Overstrain,11,8,3,0.7272727272727273
19,SMOTE,F1opt,Tool wear,7,0,7,0.0
19,SMOTE,F1opt,No mechanism recorded,2,0,2,0.0
19,SMOTE,rec80,Heat dissipation,17,17,0,1.0
19,SMOTE,rec80,Power,14,12,2,0.8571428571428571
19,SMOTE,rec80,Overstrain,11,10,1,0.9090909090909091
19,SMOTE,rec80,Tool wear,7,1,6,0.14285714285714285
19,SMOTE,rec80,No mechanism recorded,2,0,2,0.0
19,SMOTE,rec90,Heat dissipation,17,17,0,1.0
19,SMOTE,rec90,Power,14,13,1,0.9285714285714286
19,SMOTE,rec90,Overstrain,11,11,0,1.0
19,SMOTE,rec90,Tool wear,7,2,5,0.2857142857142857
19,SMOTE,rec90,No mechanism recorded,2,0,2,0.0
19,SMOTE,fpr1,Heat dissipation,17,16,1,0.9411764705882353
19,SMOTE,fpr1,Power,14,11,3,0.7857142857142857
19,SMOTE,fpr1,Overstrain,11,10,1,0.9090909090909091
19,SMOTE,fpr1,Tool wear,7,1,6,0.14285714285714285
19,SMOTE,fpr1,No mechanism recorded,2,0,2,0.0
19,SMOTE,fpr2,Heat dissipation,17,17,0,1.0
19,SMOTE,fpr2,Power,14,12,2,0.8571428571428571
19,SMOTE,fpr2,Overstrain,11,10,1,0.9090909090909091
19,SMOTE,fpr2,Tool wear,7,1,6,0.14285714285714285
19,SMOTE,fpr2,No mechanism recorded,2,0,2,0.0
19,SMOTENC,t0.5,Heat dissipation,17,17,0,1.0
19,SMOTENC,t0.5,Power,14,12,2,0.8571428571428571
19,SMOTENC,t0.5,Overstrain,11,10,1,0.9090909090909091
19,SMOTENC,t0.5,Tool wear,7,1,6,0.14285714285714285
19,SMOTENC,t0.5,No mechanism recorded,2,0,2,0.0
19,SMOTENC,F1opt,Heat dissipation,17,15,2,0.8823529411764706
19,SMOTENC,F1opt,Power,14,10,4,0.7142857142857143
19,SMOTENC,F1opt,Overstrain,11,10,1,0.9090909090909091
19,SMOTENC,F1opt,Tool wear,7,0,7,0.0
19,SMOTENC,F1opt,No mechanism recorded,2,0,2,0.0
19,SMOTENC,rec80,Heat dissipation,17,17,0,1.0
19,SMOTENC,rec80,Power,14,12,2,0.8571428571428571
19,SMOTENC,rec80,Overstrain,11,10,1,0.9090909090909091
19,SMOTENC,rec80,Tool wear,7,1,6,0.14285714285714285
19,SMOTENC,rec80,No mechanism recorded,2,0,2,0.0
19,SMOTENC,rec90,Heat dissipation,17,17,0,1.0
19,SMOTENC,rec90,Power,14,13,1,0.9285714285714286
19,SMOTENC,rec90,Overstrain,11,11,0,1.0
19,SMOTENC,rec90,Tool wear,7,3,4,0.42857142857142855
19,SMOTENC,rec90,No mechanism recorded,2,0,2,0.0
19,SMOTENC,fpr1,Heat dissipation,17,17,0,1.0
19,SMOTENC,fpr1,Power,14,11,3,0.7857142857142857
19,SMOTENC,fpr1,Overstrain,11,10,1,0.9090909090909091
19,SMOTENC,fpr1,Tool wear,7,1,6,0.14285714285714285
19,SMOTENC,fpr1,No mechanism recorded,2,0,2,0.0
19,SMOTENC,fpr2,Heat dissipation,17,17,0,1.0
19,SMOTENC,fpr2,Power,14,12,2,0.8571428571428571
19,SMOTENC,fpr2,Overstrain,11,10,1,0.9090909090909091
19,SMOTENC,fpr2,Tool wear,7,1,6,0.14285714285714285
19,SMOTENC,fpr2,No mechanism recorded,2,0,2,0.0
19,Single WGAN-GP,t0.5,Heat dissipation,17,17,0,1.0
19,Single WGAN-GP,t0.5,Power,14,14,0,1.0
19,Single WGAN-GP,t0.5,Overstrain,11,11,0,1.0
19,Single WGAN-GP,t0.5,Tool wear,7,3,4,0.42857142857142855
19,Single WGAN-GP,t0.5,No mechanism recorded,2,0,2,0.0
19,Single WGAN-GP,F1opt,Heat dissipation,17,16,1,0.9411764705882353
19,Single WGAN-GP,F1opt,Power,14,13,1,0.9285714285714286
19,Single WGAN-GP,F1opt,Overstrain,11,6,5,0.5454545454545454
19,Single WGAN-GP,F1opt,Tool wear,7,1,6,0.14285714285714285
19,Single WGAN-GP,F1opt,No mechanism recorded,2,0,2,0.0
19,Single WGAN-GP,rec80,Heat dissipation,17,16,1,0.9411764705882353
19,Single WGAN-GP,rec80,Power,14,14,0,1.0
19,Single WGAN-GP,rec80,Overstrain,11,9,2,0.8181818181818182
19,Single WGAN-GP,rec80,Tool wear,7,1,6,0.14285714285714285
19,Single WGAN-GP,rec80,No mechanism recorded,2,0,2,0.0
19,Single WGAN-GP,rec90,Heat dissipation,17,17,0,1.0
19,Single WGAN-GP,rec90,Power,14,14,0,1.0
19,Single WGAN-GP,rec90,Overstrain,11,11,0,1.0
19,Single WGAN-GP,rec90,Tool wear,7,7,0,1.0
19,Single WGAN-GP,rec90,No mechanism recorded,2,1,1,0.5
19,Single WGAN-GP,fpr1,Heat dissipation,17,16,1,0.9411764705882353
19,Single WGAN-GP,fpr1,Power,14,13,1,0.9285714285714286
19,Single WGAN-GP,fpr1,Overstrain,11,6,5,0.5454545454545454
19,Single WGAN-GP,fpr1,Tool wear,7,1,6,0.14285714285714285
19,Single WGAN-GP,fpr1,No mechanism recorded,2,0,2,0.0
19,Single WGAN-GP,fpr2,Heat dissipation,17,16,1,0.9411764705882353
19,Single WGAN-GP,fpr2,Power,14,14,0,1.0
19,Single WGAN-GP,fpr2,Overstrain,11,9,2,0.8181818181818182
19,Single WGAN-GP,fpr2,Tool wear,7,1,6,0.14285714285714285
19,Single WGAN-GP,fpr2,No mechanism recorded,2,0,2,0.0
20,ADASYN,t0.5,Heat dissipation,17,17,0,1.0
20,ADASYN,t0.5,Power,14,13,1,0.9285714285714286
20,ADASYN,t0.5,Overstrain,12,8,4,0.6666666666666666
20,ADASYN,t0.5,Tool wear,7,2,5,0.2857142857142857
20,ADASYN,t0.5,No mechanism recorded,2,0,2,0.0
20,ADASYN,F1opt,Heat dissipation,17,16,1,0.9411764705882353
20,ADASYN,F1opt,Power,14,8,6,0.5714285714285714
20,ADASYN,F1opt,Overstrain,12,4,8,0.3333333333333333
20,ADASYN,F1opt,Tool wear,7,1,6,0.14285714285714285
20,ADASYN,F1opt,No mechanism recorded,2,0,2,0.0
20,ADASYN,rec80,Heat dissipation,17,17,0,1.0
20,ADASYN,rec80,Power,14,14,0,1.0
20,ADASYN,rec80,Overstrain,12,10,2,0.8333333333333334
20,ADASYN,rec80,Tool wear,7,2,5,0.2857142857142857
20,ADASYN,rec80,No mechanism recorded,2,0,2,0.0
20,ADASYN,rec90,Heat dissipation,17,17,0,1.0
20,ADASYN,rec90,Power,14,14,0,1.0
20,ADASYN,rec90,Overstrain,12,11,1,0.9166666666666666
20,ADASYN,rec90,Tool wear,7,4,3,0.5714285714285714
20,ADASYN,rec90,No mechanism recorded,2,1,1,0.5
20,ADASYN,fpr1,Heat dissipation,17,17,0,1.0
20,ADASYN,fpr1,Power,14,8,6,0.5714285714285714
20,ADASYN,fpr1,Overstrain,12,4,8,0.3333333333333333
20,ADASYN,fpr1,Tool wear,7,1,6,0.14285714285714285
20,ADASYN,fpr1,No mechanism recorded,2,0,2,0.0
20,ADASYN,fpr2,Heat dissipation,17,17,0,1.0
20,ADASYN,fpr2,Power,14,13,1,0.9285714285714286
20,ADASYN,fpr2,Overstrain,12,8,4,0.6666666666666666
20,ADASYN,fpr2,Tool wear,7,2,5,0.2857142857142857
20,ADASYN,fpr2,No mechanism recorded,2,0,2,0.0
20,Baseline,t0.5,Heat dissipation,17,17,0,1.0
20,Baseline,t0.5,Power,14,11,3,0.7857142857142857
20,Baseline,t0.5,Overstrain,12,3,9,0.25
20,Baseline,t0.5,Tool wear,7,1,6,0.14285714285714285
20,Baseline,t0.5,No mechanism recorded,2,0,2,0.0
20,Baseline,F1opt,Heat dissipation,17,17,0,1.0
20,Baseline,F1opt,Power,14,8,6,0.5714285714285714
20,Baseline,F1opt,Overstrain,12,3,9,0.25
20,Baseline,F1opt,Tool wear,7,0,7,0.0
20,Baseline,F1opt,No mechanism recorded,2,0,2,0.0
20,Baseline,rec80,Heat dissipation,17,17,0,1.0
20,Baseline,rec80,Power,14,14,0,1.0
20,Baseline,rec80,Overstrain,12,8,4,0.6666666666666666
20,Baseline,rec80,Tool wear,7,2,5,0.2857142857142857
20,Baseline,rec80,No mechanism recorded,2,0,2,0.0
20,Baseline,rec90,Heat dissipation,17,17,0,1.0
20,Baseline,rec90,Power,14,14,0,1.0
20,Baseline,rec90,Overstrain,12,11,1,0.9166666666666666
20,Baseline,rec90,Tool wear,7,4,3,0.5714285714285714
20,Baseline,rec90,No mechanism recorded,2,1,1,0.5
20,Baseline,fpr1,Heat dissipation,17,17,0,1.0
20,Baseline,fpr1,Power,14,12,2,0.8571428571428571
20,Baseline,fpr1,Overstrain,12,3,9,0.25
20,Baseline,fpr1,Tool wear,7,1,6,0.14285714285714285
20,Baseline,fpr1,No mechanism recorded,2,0,2,0.0
20,Baseline,fpr2,Heat dissipation,17,17,0,1.0
20,Baseline,fpr2,Power,14,14,0,1.0
20,Baseline,fpr2,Overstrain,12,8,4,0.6666666666666666
20,Baseline,fpr2,Tool wear,7,2,5,0.2857142857142857
20,Baseline,fpr2,No mechanism recorded,2,0,2,0.0
20,Borderline-SMOTE,t0.5,Heat dissipation,17,17,0,1.0
20,Borderline-SMOTE,t0.5,Power,14,10,4,0.7142857142857143
20,Borderline-SMOTE,t0.5,Overstrain,12,3,9,0.25
20,Borderline-SMOTE,t0.5,Tool wear,7,0,7,0.0
20,Borderline-SMOTE,t0.5,No mechanism recorded,2,0,2,0.0
20,Borderline-SMOTE,F1opt,Heat dissipation,17,16,1,0.9411764705882353
20,Borderline-SMOTE,F1opt,Power,14,8,6,0.5714285714285714
20,Borderline-SMOTE,F1opt,Overstrain,12,3,9,0.25
20,Borderline-SMOTE,F1opt,Tool wear,7,0,7,0.0
20,Borderline-SMOTE,F1opt,No mechanism recorded,2,0,2,0.0
20,Borderline-SMOTE,rec80,Heat dissipation,17,17,0,1.0
20,Borderline-SMOTE,rec80,Power,14,14,0,1.0
20,Borderline-SMOTE,rec80,Overstrain,12,9,3,0.75
20,Borderline-SMOTE,rec80,Tool wear,7,1,6,0.14285714285714285
20,Borderline-SMOTE,rec80,No mechanism recorded,2,0,2,0.0
20,Borderline-SMOTE,rec90,Heat dissipation,17,17,0,1.0
20,Borderline-SMOTE,rec90,Power,14,14,0,1.0
20,Borderline-SMOTE,rec90,Overstrain,12,11,1,0.9166666666666666
20,Borderline-SMOTE,rec90,Tool wear,7,2,5,0.2857142857142857
20,Borderline-SMOTE,rec90,No mechanism recorded,2,1,1,0.5
20,Borderline-SMOTE,fpr1,Heat dissipation,17,17,0,1.0
20,Borderline-SMOTE,fpr1,Power,14,10,4,0.7142857142857143
20,Borderline-SMOTE,fpr1,Overstrain,12,3,9,0.25
20,Borderline-SMOTE,fpr1,Tool wear,7,0,7,0.0
20,Borderline-SMOTE,fpr1,No mechanism recorded,2,0,2,0.0
20,Borderline-SMOTE,fpr2,Heat dissipation,17,17,0,1.0
20,Borderline-SMOTE,fpr2,Power,14,14,0,1.0
20,Borderline-SMOTE,fpr2,Overstrain,12,9,3,0.75
20,Borderline-SMOTE,fpr2,Tool wear,7,1,6,0.14285714285714285
20,Borderline-SMOTE,fpr2,No mechanism recorded,2,0,2,0.0
20,Multi WGAN-GP,t0.5,Heat dissipation,17,17,0,1.0
20,Multi WGAN-GP,t0.5,Power,14,14,0,1.0
20,Multi WGAN-GP,t0.5,Overstrain,12,12,0,1.0
20,Multi WGAN-GP,t0.5,Tool wear,7,2,5,0.2857142857142857
20,Multi WGAN-GP,t0.5,No mechanism recorded,2,0,2,0.0
20,Multi WGAN-GP,F1opt,Heat dissipation,17,16,1,0.9411764705882353
20,Multi WGAN-GP,F1opt,Power,14,12,2,0.8571428571428571
20,Multi WGAN-GP,F1opt,Overstrain,12,6,6,0.5
20,Multi WGAN-GP,F1opt,Tool wear,7,0,7,0.0
20,Multi WGAN-GP,F1opt,No mechanism recorded,2,0,2,0.0
20,Multi WGAN-GP,rec80,Heat dissipation,17,17,0,1.0
20,Multi WGAN-GP,rec80,Power,14,14,0,1.0
20,Multi WGAN-GP,rec80,Overstrain,12,11,1,0.9166666666666666
20,Multi WGAN-GP,rec80,Tool wear,7,1,6,0.14285714285714285
20,Multi WGAN-GP,rec80,No mechanism recorded,2,0,2,0.0
20,Multi WGAN-GP,rec90,Heat dissipation,17,17,0,1.0
20,Multi WGAN-GP,rec90,Power,14,14,0,1.0
20,Multi WGAN-GP,rec90,Overstrain,12,12,0,1.0
20,Multi WGAN-GP,rec90,Tool wear,7,2,5,0.2857142857142857
20,Multi WGAN-GP,rec90,No mechanism recorded,2,0,2,0.0
20,Multi WGAN-GP,fpr1,Heat dissipation,17,16,1,0.9411764705882353
20,Multi WGAN-GP,fpr1,Power,14,12,2,0.8571428571428571
20,Multi WGAN-GP,fpr1,Overstrain,12,6,6,0.5
20,Multi WGAN-GP,fpr1,Tool wear,7,0,7,0.0
20,Multi WGAN-GP,fpr1,No mechanism recorded,2,0,2,0.0
20,Multi WGAN-GP,fpr2,Heat dissipation,17,16,1,0.9411764705882353
20,Multi WGAN-GP,fpr2,Power,14,12,2,0.8571428571428571
20,Multi WGAN-GP,fpr2,Overstrain,12,6,6,0.5
20,Multi WGAN-GP,fpr2,Tool wear,7,0,7,0.0
20,Multi WGAN-GP,fpr2,No mechanism recorded,2,0,2,0.0
20,RUS,t0.5,Heat dissipation,17,17,0,1.0
20,RUS,t0.5,Power,14,14,0,1.0
20,RUS,t0.5,Overstrain,12,12,0,1.0
20,RUS,t0.5,Tool wear,7,4,3,0.5714285714285714
20,RUS,t0.5,No mechanism recorded,2,1,1,0.5
20,RUS,F1opt,Heat dissipation,17,16,1,0.9411764705882353
20,RUS,F1opt,Power,14,10,4,0.7142857142857143
20,RUS,F1opt,Overstrain,12,7,5,0.5833333333333334
20,RUS,F1opt,Tool wear,7,1,6,0.14285714285714285
20,RUS,F1opt,No mechanism recorded,2,0,2,0.0
20,RUS,rec80,Heat dissipation,17,17,0,1.0
20,RUS,rec80,Power,14,14,0,1.0
20,RUS,rec80,Overstrain,12,10,2,0.8333333333333334
20,RUS,rec80,Tool wear,7,2,5,0.2857142857142857
20,RUS,rec80,No mechanism recorded,2,0,2,0.0
20,RUS,rec90,Heat dissipation,17,17,0,1.0
20,RUS,rec90,Power,14,14,0,1.0
20,RUS,rec90,Overstrain,12,10,2,0.8333333333333334
20,RUS,rec90,Tool wear,7,3,4,0.42857142857142855
20,RUS,rec90,No mechanism recorded,2,0,2,0.0
20,RUS,fpr1,Heat dissipation,17,13,4,0.7647058823529411
20,RUS,fpr1,Power,14,4,10,0.2857142857142857
20,RUS,fpr1,Overstrain,12,5,7,0.4166666666666667
20,RUS,fpr1,Tool wear,7,0,7,0.0
20,RUS,fpr1,No mechanism recorded,2,0,2,0.0
20,RUS,fpr2,Heat dissipation,17,17,0,1.0
20,RUS,fpr2,Power,14,10,4,0.7142857142857143
20,RUS,fpr2,Overstrain,12,7,5,0.5833333333333334
20,RUS,fpr2,Tool wear,7,1,6,0.14285714285714285
20,RUS,fpr2,No mechanism recorded,2,0,2,0.0
20,SMOTE,t0.5,Heat dissipation,17,17,0,1.0
20,SMOTE,t0.5,Power,14,13,1,0.9285714285714286
20,SMOTE,t0.5,Overstrain,12,5,7,0.4166666666666667
20,SMOTE,t0.5,Tool wear,7,2,5,0.2857142857142857
20,SMOTE,t0.5,No mechanism recorded,2,0,2,0.0
20,SMOTE,F1opt,Heat dissipation,17,16,1,0.9411764705882353
20,SMOTE,F1opt,Power,14,8,6,0.5714285714285714
20,SMOTE,F1opt,Overstrain,12,3,9,0.25
20,SMOTE,F1opt,Tool wear,7,0,7,0.0
20,SMOTE,F1opt,No mechanism recorded,2,0,2,0.0
20,SMOTE,rec80,Heat dissipation,17,17,0,1.0
20,SMOTE,rec80,Power,14,14,0,1.0
20,SMOTE,rec80,Overstrain,12,8,4,0.6666666666666666
20,SMOTE,rec80,Tool wear,7,4,3,0.5714285714285714
20,SMOTE,rec80,No mechanism recorded,2,0,2,0.0
20,SMOTE,rec90,Heat dissipation,17,17,0,1.0
20,SMOTE,rec90,Power,14,14,0,1.0
20,SMOTE,rec90,Overstrain,12,12,0,1.0
20,SMOTE,rec90,Tool wear,7,4,3,0.5714285714285714
20,SMOTE,rec90,No mechanism recorded,2,1,1,0.5
20,SMOTE,fpr1,Heat dissipation,17,16,1,0.9411764705882353
20,SMOTE,fpr1,Power,14,8,6,0.5714285714285714
20,SMOTE,fpr1,Overstrain,12,3,9,0.25
20,SMOTE,fpr1,Tool wear,7,0,7,0.0
20,SMOTE,fpr1,No mechanism recorded,2,0,2,0.0
20,SMOTE,fpr2,Heat dissipation,17,17,0,1.0
20,SMOTE,fpr2,Power,14,13,1,0.9285714285714286
20,SMOTE,fpr2,Overstrain,12,5,7,0.4166666666666667
20,SMOTE,fpr2,Tool wear,7,2,5,0.2857142857142857
20,SMOTE,fpr2,No mechanism recorded,2,0,2,0.0
20,SMOTENC,t0.5,Heat dissipation,17,17,0,1.0
20,SMOTENC,t0.5,Power,14,11,3,0.7857142857142857
20,SMOTENC,t0.5,Overstrain,12,5,7,0.4166666666666667
20,SMOTENC,t0.5,Tool wear,7,1,6,0.14285714285714285
20,SMOTENC,t0.5,No mechanism recorded,2,0,2,0.0
20,SMOTENC,F1opt,Heat dissipation,17,16,1,0.9411764705882353
20,SMOTENC,F1opt,Power,14,9,5,0.6428571428571429
20,SMOTENC,F1opt,Overstrain,12,3,9,0.25
20,SMOTENC,F1opt,Tool wear,7,1,6,0.14285714285714285
20,SMOTENC,F1opt,No mechanism recorded,2,0,2,0.0
20,SMOTENC,rec80,Heat dissipation,17,17,0,1.0
20,SMOTENC,rec80,Power,14,13,1,0.9285714285714286
20,SMOTENC,rec80,Overstrain,12,9,3,0.75
20,SMOTENC,rec80,Tool wear,7,3,4,0.42857142857142855
20,SMOTENC,rec80,No mechanism recorded,2,1,1,0.5
20,SMOTENC,rec90,Heat dissipation,17,17,0,1.0
20,SMOTENC,rec90,Power,14,14,0,1.0
20,SMOTENC,rec90,Overstrain,12,11,1,0.9166666666666666
20,SMOTENC,rec90,Tool wear,7,4,3,0.5714285714285714
20,SMOTENC,rec90,No mechanism recorded,2,1,1,0.5
20,SMOTENC,fpr1,Heat dissipation,17,17,0,1.0
20,SMOTENC,fpr1,Power,14,9,5,0.6428571428571429
20,SMOTENC,fpr1,Overstrain,12,3,9,0.25
20,SMOTENC,fpr1,Tool wear,7,1,6,0.14285714285714285
20,SMOTENC,fpr1,No mechanism recorded,2,0,2,0.0
20,SMOTENC,fpr2,Heat dissipation,17,17,0,1.0
20,SMOTENC,fpr2,Power,14,12,2,0.8571428571428571
20,SMOTENC,fpr2,Overstrain,12,5,7,0.4166666666666667
20,SMOTENC,fpr2,Tool wear,7,1,6,0.14285714285714285
20,SMOTENC,fpr2,No mechanism recorded,2,0,2,0.0
20,Single WGAN-GP,t0.5,Heat dissipation,17,17,0,1.0
20,Single WGAN-GP,t0.5,Power,14,14,0,1.0
20,Single WGAN-GP,t0.5,Overstrain,12,10,2,0.8333333333333334
20,Single WGAN-GP,t0.5,Tool wear,7,2,5,0.2857142857142857
20,Single WGAN-GP,t0.5,No mechanism recorded,2,0,2,0.0
20,Single WGAN-GP,F1opt,Heat dissipation,17,17,0,1.0
20,Single WGAN-GP,F1opt,Power,14,13,1,0.9285714285714286
20,Single WGAN-GP,F1opt,Overstrain,12,5,7,0.4166666666666667
20,Single WGAN-GP,F1opt,Tool wear,7,0,7,0.0
20,Single WGAN-GP,F1opt,No mechanism recorded,2,0,2,0.0
20,Single WGAN-GP,rec80,Heat dissipation,17,17,0,1.0
20,Single WGAN-GP,rec80,Power,14,13,1,0.9285714285714286
20,Single WGAN-GP,rec80,Overstrain,12,5,7,0.4166666666666667
20,Single WGAN-GP,rec80,Tool wear,7,2,5,0.2857142857142857
20,Single WGAN-GP,rec80,No mechanism recorded,2,0,2,0.0
20,Single WGAN-GP,rec90,Heat dissipation,17,17,0,1.0
20,Single WGAN-GP,rec90,Power,14,14,0,1.0
20,Single WGAN-GP,rec90,Overstrain,12,10,2,0.8333333333333334
20,Single WGAN-GP,rec90,Tool wear,7,2,5,0.2857142857142857
20,Single WGAN-GP,rec90,No mechanism recorded,2,0,2,0.0
20,Single WGAN-GP,fpr1,Heat dissipation,17,17,0,1.0
20,Single WGAN-GP,fpr1,Power,14,13,1,0.9285714285714286
20,Single WGAN-GP,fpr1,Overstrain,12,5,7,0.4166666666666667
20,Single WGAN-GP,fpr1,Tool wear,7,0,7,0.0
20,Single WGAN-GP,fpr1,No mechanism recorded,2,0,2,0.0
20,Single WGAN-GP,fpr2,Heat dissipation,17,17,0,1.0
20,Single WGAN-GP,fpr2,Power,14,13,1,0.9285714285714286
20,Single WGAN-GP,fpr2,Overstrain,12,5,7,0.4166666666666667
20,Single WGAN-GP,fpr2,Tool wear,7,0,7,0.0
20,Single WGAN-GP,fpr2,No mechanism recorded,2,0,2,0.0
21,ADASYN,t0.5,Heat dissipation,17,17,0,1.0
21,ADASYN,t0.5,Power,14,11,3,0.7857142857142857
21,ADASYN,t0.5,Overstrain,11,10,1,0.9090909090909091
21,ADASYN,t0.5,Tool wear,7,2,5,0.2857142857142857
21,ADASYN,t0.5,No mechanism recorded,1,0,1,0.0
21,ADASYN,F1opt,Heat dissipation,17,15,2,0.8823529411764706
21,ADASYN,F1opt,Power,14,3,11,0.21428571428571427
21,ADASYN,F1opt,Overstrain,11,3,8,0.2727272727272727
21,ADASYN,F1opt,Tool wear,7,1,6,0.14285714285714285
21,ADASYN,F1opt,No mechanism recorded,1,0,1,0.0
21,ADASYN,rec80,Heat dissipation,17,17,0,1.0
21,ADASYN,rec80,Power,14,11,3,0.7857142857142857
21,ADASYN,rec80,Overstrain,11,10,1,0.9090909090909091
21,ADASYN,rec80,Tool wear,7,2,5,0.2857142857142857
21,ADASYN,rec80,No mechanism recorded,1,0,1,0.0
21,ADASYN,rec90,Heat dissipation,17,17,0,1.0
21,ADASYN,rec90,Power,14,14,0,1.0
21,ADASYN,rec90,Overstrain,11,11,0,1.0
21,ADASYN,rec90,Tool wear,7,5,2,0.7142857142857143
21,ADASYN,rec90,No mechanism recorded,1,0,1,0.0
21,ADASYN,fpr1,Heat dissipation,17,15,2,0.8823529411764706
21,ADASYN,fpr1,Power,14,9,5,0.6428571428571429
21,ADASYN,fpr1,Overstrain,11,5,6,0.45454545454545453
21,ADASYN,fpr1,Tool wear,7,1,6,0.14285714285714285
21,ADASYN,fpr1,No mechanism recorded,1,0,1,0.0
21,ADASYN,fpr2,Heat dissipation,17,15,2,0.8823529411764706
21,ADASYN,fpr2,Power,14,9,5,0.6428571428571429
21,ADASYN,fpr2,Overstrain,11,8,3,0.7272727272727273
21,ADASYN,fpr2,Tool wear,7,2,5,0.2857142857142857
21,ADASYN,fpr2,No mechanism recorded,1,0,1,0.0
21,Baseline,t0.5,Heat dissipation,17,16,1,0.9411764705882353
21,Baseline,t0.5,Power,14,6,8,0.42857142857142855
21,Baseline,t0.5,Overstrain,11,3,8,0.2727272727272727
21,Baseline,t0.5,Tool wear,7,0,7,0.0
21,Baseline,t0.5,No mechanism recorded,1,0,1,0.0
21,Baseline,F1opt,Heat dissipation,17,16,1,0.9411764705882353
21,Baseline,F1opt,Power,14,9,5,0.6428571428571429
21,Baseline,F1opt,Overstrain,11,4,7,0.36363636363636365
21,Baseline,F1opt,Tool wear,7,0,7,0.0
21,Baseline,F1opt,No mechanism recorded,1,0,1,0.0
21,Baseline,rec80,Heat dissipation,17,17,0,1.0
21,Baseline,rec80,Power,14,12,2,0.8571428571428571
21,Baseline,rec80,Overstrain,11,7,4,0.6363636363636364
21,Baseline,rec80,Tool wear,7,0,7,0.0
21,Baseline,rec80,No mechanism recorded,1,0,1,0.0
21,Baseline,rec90,Heat dissipation,17,17,0,1.0
21,Baseline,rec90,Power,14,14,0,1.0
21,Baseline,rec90,Overstrain,11,11,0,1.0
21,Baseline,rec90,Tool wear,7,5,2,0.7142857142857143
21,Baseline,rec90,No mechanism recorded,1,0,1,0.0
21,Baseline,fpr1,Heat dissipation,17,16,1,0.9411764705882353
21,Baseline,fpr1,Power,14,9,5,0.6428571428571429
21,Baseline,fpr1,Overstrain,11,4,7,0.36363636363636365
21,Baseline,fpr1,Tool wear,7,0,7,0.0
21,Baseline,fpr1,No mechanism recorded,1,0,1,0.0
21,Baseline,fpr2,Heat dissipation,17,17,0,1.0
21,Baseline,fpr2,Power,14,12,2,0.8571428571428571
21,Baseline,fpr2,Overstrain,11,6,5,0.5454545454545454
21,Baseline,fpr2,Tool wear,7,0,7,0.0
21,Baseline,fpr2,No mechanism recorded,1,0,1,0.0
21,Borderline-SMOTE,t0.5,Heat dissipation,17,16,1,0.9411764705882353
21,Borderline-SMOTE,t0.5,Power,14,12,2,0.8571428571428571
21,Borderline-SMOTE,t0.5,Overstrain,11,9,2,0.8181818181818182
21,Borderline-SMOTE,t0.5,Tool wear,7,1,6,0.14285714285714285
21,Borderline-SMOTE,t0.5,No mechanism recorded,1,0,1,0.0
21,Borderline-SMOTE,F1opt,Heat dissipation,17,16,1,0.9411764705882353
21,Borderline-SMOTE,F1opt,Power,14,9,5,0.6428571428571429
21,Borderline-SMOTE,F1opt,Overstrain,11,6,5,0.5454545454545454
21,Borderline-SMOTE,F1opt,Tool wear,7,0,7,0.0
21,Borderline-SMOTE,F1opt,No mechanism recorded,1,0,1,0.0
21,Borderline-SMOTE,rec80,Heat dissipation,17,16,1,0.9411764705882353
21,Borderline-SMOTE,rec80,Power,14,11,3,0.7857142857142857
21,Borderline-SMOTE,rec80,Overstrain,11,8,3,0.7272727272727273
21,Borderline-SMOTE,rec80,Tool wear,7,0,7,0.0
21,Borderline-SMOTE,rec80,No mechanism recorded,1,0,1,0.0
21,Borderline-SMOTE,rec90,Heat dissipation,17,17,0,1.0
21,Borderline-SMOTE,rec90,Power,14,14,0,1.0
21,Borderline-SMOTE,rec90,Overstrain,11,11,0,1.0
21,Borderline-SMOTE,rec90,Tool wear,7,5,2,0.7142857142857143
21,Borderline-SMOTE,rec90,No mechanism recorded,1,0,1,0.0
21,Borderline-SMOTE,fpr1,Heat dissipation,17,16,1,0.9411764705882353
21,Borderline-SMOTE,fpr1,Power,14,9,5,0.6428571428571429
21,Borderline-SMOTE,fpr1,Overstrain,11,6,5,0.5454545454545454
21,Borderline-SMOTE,fpr1,Tool wear,7,0,7,0.0
21,Borderline-SMOTE,fpr1,No mechanism recorded,1,0,1,0.0
21,Borderline-SMOTE,fpr2,Heat dissipation,17,16,1,0.9411764705882353
21,Borderline-SMOTE,fpr2,Power,14,12,2,0.8571428571428571
21,Borderline-SMOTE,fpr2,Overstrain,11,9,2,0.8181818181818182
21,Borderline-SMOTE,fpr2,Tool wear,7,1,6,0.14285714285714285
21,Borderline-SMOTE,fpr2,No mechanism recorded,1,0,1,0.0
21,Multi WGAN-GP,t0.5,Heat dissipation,17,17,0,1.0
21,Multi WGAN-GP,t0.5,Power,14,14,0,1.0
21,Multi WGAN-GP,t0.5,Overstrain,11,11,0,1.0
21,Multi WGAN-GP,t0.5,Tool wear,7,2,5,0.2857142857142857
21,Multi WGAN-GP,t0.5,No mechanism recorded,1,0,1,0.0
21,Multi WGAN-GP,F1opt,Heat dissipation,17,17,0,1.0
21,Multi WGAN-GP,F1opt,Power,14,11,3,0.7857142857142857
21,Multi WGAN-GP,F1opt,Overstrain,11,11,0,1.0
21,Multi WGAN-GP,F1opt,Tool wear,7,1,6,0.14285714285714285
21,Multi WGAN-GP,F1opt,No mechanism recorded,1,0,1,0.0
21,Multi WGAN-GP,rec80,Heat dissipation,17,17,0,1.0
21,Multi WGAN-GP,rec80,Power,14,14,0,1.0
21,Multi WGAN-GP,rec80,Overstrain,11,11,0,1.0
21,Multi WGAN-GP,rec80,Tool wear,7,1,6,0.14285714285714285
21,Multi WGAN-GP,rec80,No mechanism recorded,1,0,1,0.0
21,Multi WGAN-GP,rec90,Heat dissipation,17,17,0,1.0
21,Multi WGAN-GP,rec90,Power,14,14,0,1.0
21,Multi WGAN-GP,rec90,Overstrain,11,11,0,1.0
21,Multi WGAN-GP,rec90,Tool wear,7,3,4,0.42857142857142855
21,Multi WGAN-GP,rec90,No mechanism recorded,1,0,1,0.0
21,Multi WGAN-GP,fpr1,Heat dissipation,17,16,1,0.9411764705882353
21,Multi WGAN-GP,fpr1,Power,14,9,5,0.6428571428571429
21,Multi WGAN-GP,fpr1,Overstrain,11,11,0,1.0
21,Multi WGAN-GP,fpr1,Tool wear,7,1,6,0.14285714285714285
21,Multi WGAN-GP,fpr1,No mechanism recorded,1,0,1,0.0
21,Multi WGAN-GP,fpr2,Heat dissipation,17,17,0,1.0
21,Multi WGAN-GP,fpr2,Power,14,11,3,0.7857142857142857
21,Multi WGAN-GP,fpr2,Overstrain,11,11,0,1.0
21,Multi WGAN-GP,fpr2,Tool wear,7,1,6,0.14285714285714285
21,Multi WGAN-GP,fpr2,No mechanism recorded,1,0,1,0.0
21,RUS,t0.5,Heat dissipation,17,17,0,1.0
21,RUS,t0.5,Power,14,13,1,0.9285714285714286
21,RUS,t0.5,Overstrain,11,11,0,1.0
21,RUS,t0.5,Tool wear,7,5,2,0.7142857142857143
21,RUS,t0.5,No mechanism recorded,1,0,1,0.0
21,RUS,F1opt,Heat dissipation,17,16,1,0.9411764705882353
21,RUS,F1opt,Power,14,8,6,0.5714285714285714
21,RUS,F1opt,Overstrain,11,4,7,0.36363636363636365
21,RUS,F1opt,Tool wear,7,0,7,0.0
21,RUS,F1opt,No mechanism recorded,1,0,1,0.0
21,RUS,rec80,Heat dissipation,17,17,0,1.0
21,RUS,rec80,Power,14,11,3,0.7857142857142857
21,RUS,rec80,Overstrain,11,10,1,0.9090909090909091
21,RUS,rec80,Tool wear,7,1,6,0.14285714285714285
21,RUS,rec80,No mechanism recorded,1,0,1,0.0
21,RUS,rec90,Heat dissipation,17,17,0,1.0
21,RUS,rec90,Power,14,14,0,1.0
21,RUS,rec90,Overstrain,11,11,0,1.0
21,RUS,rec90,Tool wear,7,7,0,1.0
21,RUS,rec90,No mechanism recorded,1,0,1,0.0
21,RUS,fpr1,Heat dissipation,17,16,1,0.9411764705882353
21,RUS,fpr1,Power,14,8,6,0.5714285714285714
21,RUS,fpr1,Overstrain,11,4,7,0.36363636363636365
21,RUS,fpr1,Tool wear,7,0,7,0.0
21,RUS,fpr1,No mechanism recorded,1,0,1,0.0
21,RUS,fpr2,Heat dissipation,17,16,1,0.9411764705882353
21,RUS,fpr2,Power,14,8,6,0.5714285714285714
21,RUS,fpr2,Overstrain,11,5,6,0.45454545454545453
21,RUS,fpr2,Tool wear,7,0,7,0.0
21,RUS,fpr2,No mechanism recorded,1,0,1,0.0
21,SMOTE,t0.5,Heat dissipation,17,17,0,1.0
21,SMOTE,t0.5,Power,14,12,2,0.8571428571428571
21,SMOTE,t0.5,Overstrain,11,10,1,0.9090909090909091
21,SMOTE,t0.5,Tool wear,7,2,5,0.2857142857142857
21,SMOTE,t0.5,No mechanism recorded,1,0,1,0.0
21,SMOTE,F1opt,Heat dissipation,17,15,2,0.8823529411764706
21,SMOTE,F1opt,Power,14,9,5,0.6428571428571429
21,SMOTE,F1opt,Overstrain,11,6,5,0.5454545454545454
21,SMOTE,F1opt,Tool wear,7,1,6,0.14285714285714285
21,SMOTE,F1opt,No mechanism recorded,1,0,1,0.0
21,SMOTE,rec80,Heat dissipation,17,16,1,0.9411764705882353
21,SMOTE,rec80,Power,14,10,4,0.7142857142857143
21,SMOTE,rec80,Overstrain,11,10,1,0.9090909090909091
21,SMOTE,rec80,Tool wear,7,2,5,0.2857142857142857
21,SMOTE,rec80,No mechanism recorded,1,0,1,0.0
21,SMOTE,rec90,Heat dissipation,17,17,0,1.0
21,SMOTE,rec90,Power,14,14,0,1.0
21,SMOTE,rec90,Overstrain,11,11,0,1.0
21,SMOTE,rec90,Tool wear,7,5,2,0.7142857142857143
21,SMOTE,rec90,No mechanism recorded,1,0,1,0.0
21,SMOTE,fpr1,Heat dissipation,17,15,2,0.8823529411764706
21,SMOTE,fpr1,Power,14,9,5,0.6428571428571429
21,SMOTE,fpr1,Overstrain,11,6,5,0.5454545454545454
21,SMOTE,fpr1,Tool wear,7,1,6,0.14285714285714285
21,SMOTE,fpr1,No mechanism recorded,1,0,1,0.0
21,SMOTE,fpr2,Heat dissipation,17,16,1,0.9411764705882353
21,SMOTE,fpr2,Power,14,10,4,0.7142857142857143
21,SMOTE,fpr2,Overstrain,11,10,1,0.9090909090909091
21,SMOTE,fpr2,Tool wear,7,2,5,0.2857142857142857
21,SMOTE,fpr2,No mechanism recorded,1,0,1,0.0
21,SMOTENC,t0.5,Heat dissipation,17,17,0,1.0
21,SMOTENC,t0.5,Power,14,10,4,0.7142857142857143
21,SMOTENC,t0.5,Overstrain,11,10,1,0.9090909090909091
21,SMOTENC,t0.5,Tool wear,7,1,6,0.14285714285714285
21,SMOTENC,t0.5,No mechanism recorded,1,0,1,0.0
21,SMOTENC,F1opt,Heat dissipation,17,15,2,0.8823529411764706
21,SMOTENC,F1opt,Power,14,9,5,0.6428571428571429
21,SMOTENC,F1opt,Overstrain,11,5,6,0.45454545454545453
21,SMOTENC,F1opt,Tool wear,7,0,7,0.0
21,SMOTENC,F1opt,No mechanism recorded,1,0,1,0.0
21,SMOTENC,rec80,Heat dissipation,17,16,1,0.9411764705882353
21,SMOTENC,rec80,Power,14,10,4,0.7142857142857143
21,SMOTENC,rec80,Overstrain,11,10,1,0.9090909090909091
21,SMOTENC,rec80,Tool wear,7,1,6,0.14285714285714285
21,SMOTENC,rec80,No mechanism recorded,1,0,1,0.0
21,SMOTENC,rec90,Heat dissipation,17,17,0,1.0
21,SMOTENC,rec90,Power,14,14,0,1.0
21,SMOTENC,rec90,Overstrain,11,11,0,1.0
21,SMOTENC,rec90,Tool wear,7,7,0,1.0
21,SMOTENC,rec90,No mechanism recorded,1,0,1,0.0
21,SMOTENC,fpr1,Heat dissipation,17,15,2,0.8823529411764706
21,SMOTENC,fpr1,Power,14,9,5,0.6428571428571429
21,SMOTENC,fpr1,Overstrain,11,5,6,0.45454545454545453
21,SMOTENC,fpr1,Tool wear,7,0,7,0.0
21,SMOTENC,fpr1,No mechanism recorded,1,0,1,0.0
21,SMOTENC,fpr2,Heat dissipation,17,16,1,0.9411764705882353
21,SMOTENC,fpr2,Power,14,10,4,0.7142857142857143
21,SMOTENC,fpr2,Overstrain,11,10,1,0.9090909090909091
21,SMOTENC,fpr2,Tool wear,7,1,6,0.14285714285714285
21,SMOTENC,fpr2,No mechanism recorded,1,0,1,0.0
21,Single WGAN-GP,t0.5,Heat dissipation,17,16,1,0.9411764705882353
21,Single WGAN-GP,t0.5,Power,14,14,0,1.0
21,Single WGAN-GP,t0.5,Overstrain,11,10,1,0.9090909090909091
21,Single WGAN-GP,t0.5,Tool wear,7,2,5,0.2857142857142857
21,Single WGAN-GP,t0.5,No mechanism recorded,1,0,1,0.0
21,Single WGAN-GP,F1opt,Heat dissipation,17,14,3,0.8235294117647058
21,Single WGAN-GP,F1opt,Power,14,14,0,1.0
21,Single WGAN-GP,F1opt,Overstrain,11,7,4,0.6363636363636364
21,Single WGAN-GP,F1opt,Tool wear,7,0,7,0.0
21,Single WGAN-GP,F1opt,No mechanism recorded,1,0,1,0.0
21,Single WGAN-GP,rec80,Heat dissipation,17,14,3,0.8235294117647058
21,Single WGAN-GP,rec80,Power,14,14,0,1.0
21,Single WGAN-GP,rec80,Overstrain,11,9,2,0.8181818181818182
21,Single WGAN-GP,rec80,Tool wear,7,2,5,0.2857142857142857
21,Single WGAN-GP,rec80,No mechanism recorded,1,0,1,0.0
21,Single WGAN-GP,rec90,Heat dissipation,17,17,0,1.0
21,Single WGAN-GP,rec90,Power,14,14,0,1.0
21,Single WGAN-GP,rec90,Overstrain,11,11,0,1.0
21,Single WGAN-GP,rec90,Tool wear,7,3,4,0.42857142857142855
21,Single WGAN-GP,rec90,No mechanism recorded,1,0,1,0.0
21,Single WGAN-GP,fpr1,Heat dissipation,17,14,3,0.8235294117647058
21,Single WGAN-GP,fpr1,Power,14,14,0,1.0
21,Single WGAN-GP,fpr1,Overstrain,11,5,6,0.45454545454545453
21,Single WGAN-GP,fpr1,Tool wear,7,0,7,0.0
21,Single WGAN-GP,fpr1,No mechanism recorded,1,0,1,0.0
21,Single WGAN-GP,fpr2,Heat dissipation,17,14,3,0.8235294117647058
21,Single WGAN-GP,fpr2,Power,14,14,0,1.0
21,Single WGAN-GP,fpr2,Overstrain,11,7,4,0.6363636363636364
21,Single WGAN-GP,fpr2,Tool wear,7,0,7,0.0
21,Single WGAN-GP,fpr2,No mechanism recorded,1,0,1,0.0
22,ADASYN,t0.5,Heat dissipation,17,17,0,1.0
22,ADASYN,t0.5,Power,14,14,0,1.0
22,ADASYN,t0.5,Overstrain,11,10,1,0.9090909090909091
22,ADASYN,t0.5,Tool wear,7,1,6,0.14285714285714285
22,ADASYN,t0.5,No mechanism recorded,1,0,1,0.0
22,ADASYN,F1opt,Heat dissipation,17,17,0,1.0
22,ADASYN,F1opt,Power,14,14,0,1.0
22,ADASYN,F1opt,Overstrain,11,10,1,0.9090909090909091
22,ADASYN,F1opt,Tool wear,7,0,7,0.0
22,ADASYN,F1opt,No mechanism recorded,1,0,1,0.0
22,ADASYN,rec80,Heat dissipation,17,17,0,1.0
22,ADASYN,rec80,Power,14,14,0,1.0
22,ADASYN,rec80,Overstrain,11,10,1,0.9090909090909091
22,ADASYN,rec80,Tool wear,7,0,7,0.0
22,ADASYN,rec80,No mechanism recorded,1,0,1,0.0
22,ADASYN,rec90,Heat dissipation,17,17,0,1.0
22,ADASYN,rec90,Power,14,14,0,1.0
22,ADASYN,rec90,Overstrain,11,11,0,1.0
22,ADASYN,rec90,Tool wear,7,6,1,0.8571428571428571
22,ADASYN,rec90,No mechanism recorded,1,0,1,0.0
22,ADASYN,fpr1,Heat dissipation,17,17,0,1.0
22,ADASYN,fpr1,Power,14,12,2,0.8571428571428571
22,ADASYN,fpr1,Overstrain,11,10,1,0.9090909090909091
22,ADASYN,fpr1,Tool wear,7,0,7,0.0
22,ADASYN,fpr1,No mechanism recorded,1,0,1,0.0
22,ADASYN,fpr2,Heat dissipation,17,17,0,1.0
22,ADASYN,fpr2,Power,14,14,0,1.0
22,ADASYN,fpr2,Overstrain,11,10,1,0.9090909090909091
22,ADASYN,fpr2,Tool wear,7,0,7,0.0
22,ADASYN,fpr2,No mechanism recorded,1,0,1,0.0
22,Baseline,t0.5,Heat dissipation,17,16,1,0.9411764705882353
22,Baseline,t0.5,Power,14,9,5,0.6428571428571429
22,Baseline,t0.5,Overstrain,11,8,3,0.7272727272727273
22,Baseline,t0.5,Tool wear,7,0,7,0.0
22,Baseline,t0.5,No mechanism recorded,1,0,1,0.0
22,Baseline,F1opt,Heat dissipation,17,17,0,1.0
22,Baseline,F1opt,Power,14,13,1,0.9285714285714286
22,Baseline,F1opt,Overstrain,11,10,1,0.9090909090909091
22,Baseline,F1opt,Tool wear,7,0,7,0.0
22,Baseline,F1opt,No mechanism recorded,1,0,1,0.0
22,Baseline,rec80,Heat dissipation,17,17,0,1.0
22,Baseline,rec80,Power,14,14,0,1.0
22,Baseline,rec80,Overstrain,11,11,0,1.0
22,Baseline,rec80,Tool wear,7,2,5,0.2857142857142857
22,Baseline,rec80,No mechanism recorded,1,0,1,0.0
22,Baseline,rec90,Heat dissipation,17,17,0,1.0
22,Baseline,rec90,Power,14,14,0,1.0
22,Baseline,rec90,Overstrain,11,11,0,1.0
22,Baseline,rec90,Tool wear,7,4,3,0.5714285714285714
22,Baseline,rec90,No mechanism recorded,1,0,1,0.0
22,Baseline,fpr1,Heat dissipation,17,17,0,1.0
22,Baseline,fpr1,Power,14,14,0,1.0
22,Baseline,fpr1,Overstrain,11,10,1,0.9090909090909091
22,Baseline,fpr1,Tool wear,7,1,6,0.14285714285714285
22,Baseline,fpr1,No mechanism recorded,1,0,1,0.0
22,Baseline,fpr2,Heat dissipation,17,17,0,1.0
22,Baseline,fpr2,Power,14,14,0,1.0
22,Baseline,fpr2,Overstrain,11,11,0,1.0
22,Baseline,fpr2,Tool wear,7,1,6,0.14285714285714285
22,Baseline,fpr2,No mechanism recorded,1,0,1,0.0
22,Borderline-SMOTE,t0.5,Heat dissipation,17,17,0,1.0
22,Borderline-SMOTE,t0.5,Power,14,13,1,0.9285714285714286
22,Borderline-SMOTE,t0.5,Overstrain,11,10,1,0.9090909090909091
22,Borderline-SMOTE,t0.5,Tool wear,7,0,7,0.0
22,Borderline-SMOTE,t0.5,No mechanism recorded,1,0,1,0.0
22,Borderline-SMOTE,F1opt,Heat dissipation,17,17,0,1.0
22,Borderline-SMOTE,F1opt,Power,14,11,3,0.7857142857142857
22,Borderline-SMOTE,F1opt,Overstrain,11,10,1,0.9090909090909091
22,Borderline-SMOTE,F1opt,Tool wear,7,0,7,0.0
22,Borderline-SMOTE,F1opt,No mechanism recorded,1,0,1,0.0
22,Borderline-SMOTE,rec80,Heat dissipation,17,17,0,1.0
22,Borderline-SMOTE,rec80,Power,14,13,1,0.9285714285714286
22,Borderline-SMOTE,rec80,Overstrain,11,10,1,0.9090909090909091
22,Borderline-SMOTE,rec80,Tool wear,7,0,7,0.0
22,Borderline-SMOTE,rec80,No mechanism recorded,1,0,1,0.0
22,Borderline-SMOTE,rec90,Heat dissipation,17,17,0,1.0
22,Borderline-SMOTE,rec90,Power,14,14,0,1.0
22,Borderline-SMOTE,rec90,Overstrain,11,11,0,1.0
22,Borderline-SMOTE,rec90,Tool wear,7,2,5,0.2857142857142857
22,Borderline-SMOTE,rec90,No mechanism recorded,1,0,1,0.0
22,Borderline-SMOTE,fpr1,Heat dissipation,17,17,0,1.0
22,Borderline-SMOTE,fpr1,Power,14,13,1,0.9285714285714286
22,Borderline-SMOTE,fpr1,Overstrain,11,10,1,0.9090909090909091
22,Borderline-SMOTE,fpr1,Tool wear,7,0,7,0.0
22,Borderline-SMOTE,fpr1,No mechanism recorded,1,0,1,0.0
22,Borderline-SMOTE,fpr2,Heat dissipation,17,17,0,1.0
22,Borderline-SMOTE,fpr2,Power,14,13,1,0.9285714285714286
22,Borderline-SMOTE,fpr2,Overstrain,11,10,1,0.9090909090909091
22,Borderline-SMOTE,fpr2,Tool wear,7,0,7,0.0
22,Borderline-SMOTE,fpr2,No mechanism recorded,1,0,1,0.0
22,Multi WGAN-GP,t0.5,Heat dissipation,17,17,0,1.0
22,Multi WGAN-GP,t0.5,Power,14,14,0,1.0
22,Multi WGAN-GP,t0.5,Overstrain,11,11,0,1.0
22,Multi WGAN-GP,t0.5,Tool wear,7,1,6,0.14285714285714285
22,Multi WGAN-GP,t0.5,No mechanism recorded,1,0,1,0.0
22,Multi WGAN-GP,F1opt,Heat dissipation,17,15,2,0.8823529411764706
22,Multi WGAN-GP,F1opt,Power,14,11,3,0.7857142857142857
22,Multi WGAN-GP,F1opt,Overstrain,11,8,3,0.7272727272727273
22,Multi WGAN-GP,F1opt,Tool wear,7,0,7,0.0
22,Multi WGAN-GP,F1opt,No mechanism recorded,1,0,1,0.0
22,Multi WGAN-GP,rec80,Heat dissipation,17,17,0,1.0
22,Multi WGAN-GP,rec80,Power,14,13,1,0.9285714285714286
22,Multi WGAN-GP,rec80,Overstrain,11,11,0,1.0
22,Multi WGAN-GP,rec80,Tool wear,7,0,7,0.0
22,Multi WGAN-GP,rec80,No mechanism recorded,1,0,1,0.0
22,Multi WGAN-GP,rec90,Heat dissipation,17,17,0,1.0
22,Multi WGAN-GP,rec90,Power,14,14,0,1.0
22,Multi WGAN-GP,rec90,Overstrain,11,11,0,1.0
22,Multi WGAN-GP,rec90,Tool wear,7,2,5,0.2857142857142857
22,Multi WGAN-GP,rec90,No mechanism recorded,1,0,1,0.0
22,Multi WGAN-GP,fpr1,Heat dissipation,17,17,0,1.0
22,Multi WGAN-GP,fpr1,Power,14,13,1,0.9285714285714286
22,Multi WGAN-GP,fpr1,Overstrain,11,11,0,1.0
22,Multi WGAN-GP,fpr1,Tool wear,7,0,7,0.0
22,Multi WGAN-GP,fpr1,No mechanism recorded,1,0,1,0.0
22,Multi WGAN-GP,fpr2,Heat dissipation,17,17,0,1.0
22,Multi WGAN-GP,fpr2,Power,14,13,1,0.9285714285714286
22,Multi WGAN-GP,fpr2,Overstrain,11,11,0,1.0
22,Multi WGAN-GP,fpr2,Tool wear,7,0,7,0.0
22,Multi WGAN-GP,fpr2,No mechanism recorded,1,0,1,0.0
22,RUS,t0.5,Heat dissipation,17,17,0,1.0
22,RUS,t0.5,Power,14,14,0,1.0
22,RUS,t0.5,Overstrain,11,11,0,1.0
22,RUS,t0.5,Tool wear,7,6,1,0.8571428571428571
22,RUS,t0.5,No mechanism recorded,1,0,1,0.0
22,RUS,F1opt,Heat dissipation,17,14,3,0.8235294117647058
22,RUS,F1opt,Power,14,10,4,0.7142857142857143
22,RUS,F1opt,Overstrain,11,8,3,0.7272727272727273
22,RUS,F1opt,Tool wear,7,0,7,0.0
22,RUS,F1opt,No mechanism recorded,1,0,1,0.0
22,RUS,rec80,Heat dissipation,17,16,1,0.9411764705882353
22,RUS,rec80,Power,14,12,2,0.8571428571428571
22,RUS,rec80,Overstrain,11,8,3,0.7272727272727273
22,RUS,rec80,Tool wear,7,0,7,0.0
22,RUS,rec80,No mechanism recorded,1,0,1,0.0
22,RUS,rec90,Heat dissipation,17,17,0,1.0
22,RUS,rec90,Power,14,13,1,0.9285714285714286
22,RUS,rec90,Overstrain,11,11,0,1.0
22,RUS,rec90,Tool wear,7,4,3,0.5714285714285714
22,RUS,rec90,No mechanism recorded,1,0,1,0.0
22,RUS,fpr1,Heat dissipation,17,14,3,0.8235294117647058
22,RUS,fpr1,Power,14,9,5,0.6428571428571429
22,RUS,fpr1,Overstrain,11,8,3,0.7272727272727273
22,RUS,fpr1,Tool wear,7,0,7,0.0
22,RUS,fpr1,No mechanism recorded,1,0,1,0.0
22,RUS,fpr2,Heat dissipation,17,15,2,0.8823529411764706
22,RUS,fpr2,Power,14,11,3,0.7857142857142857
22,RUS,fpr2,Overstrain,11,8,3,0.7272727272727273
22,RUS,fpr2,Tool wear,7,0,7,0.0
22,RUS,fpr2,No mechanism recorded,1,0,1,0.0
22,SMOTE,t0.5,Heat dissipation,17,17,0,1.0
22,SMOTE,t0.5,Power,14,14,0,1.0
22,SMOTE,t0.5,Overstrain,11,10,1,0.9090909090909091
22,SMOTE,t0.5,Tool wear,7,1,6,0.14285714285714285
22,SMOTE,t0.5,No mechanism recorded,1,0,1,0.0
22,SMOTE,F1opt,Heat dissipation,17,17,0,1.0
22,SMOTE,F1opt,Power,14,13,1,0.9285714285714286
22,SMOTE,F1opt,Overstrain,11,10,1,0.9090909090909091
22,SMOTE,F1opt,Tool wear,7,1,6,0.14285714285714285
22,SMOTE,F1opt,No mechanism recorded,1,0,1,0.0
22,SMOTE,rec80,Heat dissipation,17,17,0,1.0
22,SMOTE,rec80,Power,14,14,0,1.0
22,SMOTE,rec80,Overstrain,11,10,1,0.9090909090909091
22,SMOTE,rec80,Tool wear,7,1,6,0.14285714285714285
22,SMOTE,rec80,No mechanism recorded,1,0,1,0.0
22,SMOTE,rec90,Heat dissipation,17,17,0,1.0
22,SMOTE,rec90,Power,14,14,0,1.0
22,SMOTE,rec90,Overstrain,11,11,0,1.0
22,SMOTE,rec90,Tool wear,7,4,3,0.5714285714285714
22,SMOTE,rec90,No mechanism recorded,1,0,1,0.0
22,SMOTE,fpr1,Heat dissipation,17,17,0,1.0
22,SMOTE,fpr1,Power,14,13,1,0.9285714285714286
22,SMOTE,fpr1,Overstrain,11,10,1,0.9090909090909091
22,SMOTE,fpr1,Tool wear,7,1,6,0.14285714285714285
22,SMOTE,fpr1,No mechanism recorded,1,0,1,0.0
22,SMOTE,fpr2,Heat dissipation,17,17,0,1.0
22,SMOTE,fpr2,Power,14,14,0,1.0
22,SMOTE,fpr2,Overstrain,11,10,1,0.9090909090909091
22,SMOTE,fpr2,Tool wear,7,1,6,0.14285714285714285
22,SMOTE,fpr2,No mechanism recorded,1,0,1,0.0
22,SMOTENC,t0.5,Heat dissipation,17,17,0,1.0
22,SMOTENC,t0.5,Power,14,13,1,0.9285714285714286
22,SMOTENC,t0.5,Overstrain,11,10,1,0.9090909090909091
22,SMOTENC,t0.5,Tool wear,7,0,7,0.0
22,SMOTENC,t0.5,No mechanism recorded,1,0,1,0.0
22,SMOTENC,F1opt,Heat dissipation,17,17,0,1.0
22,SMOTENC,F1opt,Power,14,13,1,0.9285714285714286
22,SMOTENC,F1opt,Overstrain,11,10,1,0.9090909090909091
22,SMOTENC,F1opt,Tool wear,7,0,7,0.0
22,SMOTENC,F1opt,No mechanism recorded,1,0,1,0.0
22,SMOTENC,rec80,Heat dissipation,17,17,0,1.0
22,SMOTENC,rec80,Power,14,14,0,1.0
22,SMOTENC,rec80,Overstrain,11,10,1,0.9090909090909091
22,SMOTENC,rec80,Tool wear,7,0,7,0.0
22,SMOTENC,rec80,No mechanism recorded,1,0,1,0.0
22,SMOTENC,rec90,Heat dissipation,17,17,0,1.0
22,SMOTENC,rec90,Power,14,14,0,1.0
22,SMOTENC,rec90,Overstrain,11,11,0,1.0
22,SMOTENC,rec90,Tool wear,7,5,2,0.7142857142857143
22,SMOTENC,rec90,No mechanism recorded,1,0,1,0.0
22,SMOTENC,fpr1,Heat dissipation,17,17,0,1.0
22,SMOTENC,fpr1,Power,14,13,1,0.9285714285714286
22,SMOTENC,fpr1,Overstrain,11,10,1,0.9090909090909091
22,SMOTENC,fpr1,Tool wear,7,0,7,0.0
22,SMOTENC,fpr1,No mechanism recorded,1,0,1,0.0
22,SMOTENC,fpr2,Heat dissipation,17,17,0,1.0
22,SMOTENC,fpr2,Power,14,13,1,0.9285714285714286
22,SMOTENC,fpr2,Overstrain,11,10,1,0.9090909090909091
22,SMOTENC,fpr2,Tool wear,7,0,7,0.0
22,SMOTENC,fpr2,No mechanism recorded,1,0,1,0.0
22,Single WGAN-GP,t0.5,Heat dissipation,17,17,0,1.0
22,Single WGAN-GP,t0.5,Power,14,14,0,1.0
22,Single WGAN-GP,t0.5,Overstrain,11,11,0,1.0
22,Single WGAN-GP,t0.5,Tool wear,7,1,6,0.14285714285714285
22,Single WGAN-GP,t0.5,No mechanism recorded,1,0,1,0.0
22,Single WGAN-GP,F1opt,Heat dissipation,17,15,2,0.8823529411764706
22,Single WGAN-GP,F1opt,Power,14,14,0,1.0
22,Single WGAN-GP,F1opt,Overstrain,11,10,1,0.9090909090909091
22,Single WGAN-GP,F1opt,Tool wear,7,1,6,0.14285714285714285
22,Single WGAN-GP,F1opt,No mechanism recorded,1,0,1,0.0
22,Single WGAN-GP,rec80,Heat dissipation,17,17,0,1.0
22,Single WGAN-GP,rec80,Power,14,14,0,1.0
22,Single WGAN-GP,rec80,Overstrain,11,11,0,1.0
22,Single WGAN-GP,rec80,Tool wear,7,1,6,0.14285714285714285
22,Single WGAN-GP,rec80,No mechanism recorded,1,0,1,0.0
22,Single WGAN-GP,rec90,Heat dissipation,17,17,0,1.0
22,Single WGAN-GP,rec90,Power,14,14,0,1.0
22,Single WGAN-GP,rec90,Overstrain,11,11,0,1.0
22,Single WGAN-GP,rec90,Tool wear,7,2,5,0.2857142857142857
22,Single WGAN-GP,rec90,No mechanism recorded,1,0,1,0.0
22,Single WGAN-GP,fpr1,Heat dissipation,17,17,0,1.0
22,Single WGAN-GP,fpr1,Power,14,14,0,1.0
22,Single WGAN-GP,fpr1,Overstrain,11,10,1,0.9090909090909091
22,Single WGAN-GP,fpr1,Tool wear,7,1,6,0.14285714285714285
22,Single WGAN-GP,fpr1,No mechanism recorded,1,0,1,0.0
22,Single WGAN-GP,fpr2,Heat dissipation,17,17,0,1.0
22,Single WGAN-GP,fpr2,Power,14,14,0,1.0
22,Single WGAN-GP,fpr2,Overstrain,11,11,0,1.0
22,Single WGAN-GP,fpr2,Tool wear,7,1,6,0.14285714285714285
22,Single WGAN-GP,fpr2,No mechanism recorded,1,0,1,0.0
23,ADASYN,t0.5,Heat dissipation,17,17,0,1.0
23,ADASYN,t0.5,Power,14,12,2,0.8571428571428571
23,ADASYN,t0.5,Overstrain,12,9,3,0.75
23,ADASYN,t0.5,Tool wear,7,1,6,0.14285714285714285
23,ADASYN,t0.5,No mechanism recorded,2,0,2,0.0
23,ADASYN,F1opt,Heat dissipation,17,15,2,0.8823529411764706
23,ADASYN,F1opt,Power,14,12,2,0.8571428571428571
23,ADASYN,F1opt,Overstrain,12,8,4,0.6666666666666666
23,ADASYN,F1opt,Tool wear,7,0,7,0.0
23,ADASYN,F1opt,No mechanism recorded,2,0,2,0.0
23,ADASYN,rec80,Heat dissipation,17,17,0,1.0
23,ADASYN,rec80,Power,14,13,1,0.9285714285714286
23,ADASYN,rec80,Overstrain,12,9,3,0.75
23,ADASYN,rec80,Tool wear,7,1,6,0.14285714285714285
23,ADASYN,rec80,No mechanism recorded,2,0,2,0.0
23,ADASYN,rec90,Heat dissipation,17,17,0,1.0
23,ADASYN,rec90,Power,14,14,0,1.0
23,ADASYN,rec90,Overstrain,12,10,2,0.8333333333333334
23,ADASYN,rec90,Tool wear,7,4,3,0.5714285714285714
23,ADASYN,rec90,No mechanism recorded,2,0,2,0.0
23,ADASYN,fpr1,Heat dissipation,17,15,2,0.8823529411764706
23,ADASYN,fpr1,Power,14,12,2,0.8571428571428571
23,ADASYN,fpr1,Overstrain,12,8,4,0.6666666666666666
23,ADASYN,fpr1,Tool wear,7,0,7,0.0
23,ADASYN,fpr1,No mechanism recorded,2,0,2,0.0
23,ADASYN,fpr2,Heat dissipation,17,16,1,0.9411764705882353
23,ADASYN,fpr2,Power,14,12,2,0.8571428571428571
23,ADASYN,fpr2,Overstrain,12,9,3,0.75
23,ADASYN,fpr2,Tool wear,7,0,7,0.0
23,ADASYN,fpr2,No mechanism recorded,2,0,2,0.0
23,Baseline,t0.5,Heat dissipation,17,15,2,0.8823529411764706
23,Baseline,t0.5,Power,14,8,6,0.5714285714285714
23,Baseline,t0.5,Overstrain,12,8,4,0.6666666666666666
23,Baseline,t0.5,Tool wear,7,0,7,0.0
23,Baseline,t0.5,No mechanism recorded,2,0,2,0.0
23,Baseline,F1opt,Heat dissipation,17,17,0,1.0
23,Baseline,F1opt,Power,14,12,2,0.8571428571428571
23,Baseline,F1opt,Overstrain,12,9,3,0.75
23,Baseline,F1opt,Tool wear,7,0,7,0.0
23,Baseline,F1opt,No mechanism recorded,2,0,2,0.0
23,Baseline,rec80,Heat dissipation,17,17,0,1.0
23,Baseline,rec80,Power,14,13,1,0.9285714285714286
23,Baseline,rec80,Overstrain,12,9,3,0.75
23,Baseline,rec80,Tool wear,7,0,7,0.0
23,Baseline,rec80,No mechanism recorded,2,0,2,0.0
23,Baseline,rec90,Heat dissipation,17,17,0,1.0
23,Baseline,rec90,Power,14,13,1,0.9285714285714286
23,Baseline,rec90,Overstrain,12,10,2,0.8333333333333334
23,Baseline,rec90,Tool wear,7,1,6,0.14285714285714285
23,Baseline,rec90,No mechanism recorded,2,0,2,0.0
23,Baseline,fpr1,Heat dissipation,17,17,0,1.0
23,Baseline,fpr1,Power,14,13,1,0.9285714285714286
23,Baseline,fpr1,Overstrain,12,9,3,0.75
23,Baseline,fpr1,Tool wear,7,0,7,0.0
23,Baseline,fpr1,No mechanism recorded,2,0,2,0.0
23,Baseline,fpr2,Heat dissipation,17,17,0,1.0
23,Baseline,fpr2,Power,14,13,1,0.9285714285714286
23,Baseline,fpr2,Overstrain,12,10,2,0.8333333333333334
23,Baseline,fpr2,Tool wear,7,0,7,0.0
23,Baseline,fpr2,No mechanism recorded,2,0,2,0.0
23,Borderline-SMOTE,t0.5,Heat dissipation,17,17,0,1.0
23,Borderline-SMOTE,t0.5,Power,14,13,1,0.9285714285714286
23,Borderline-SMOTE,t0.5,Overstrain,12,9,3,0.75
23,Borderline-SMOTE,t0.5,Tool wear,7,0,7,0.0
23,Borderline-SMOTE,t0.5,No mechanism recorded,2,0,2,0.0
23,Borderline-SMOTE,F1opt,Heat dissipation,17,16,1,0.9411764705882353
23,Borderline-SMOTE,F1opt,Power,14,12,2,0.8571428571428571
23,Borderline-SMOTE,F1opt,Overstrain,12,9,3,0.75
23,Borderline-SMOTE,F1opt,Tool wear,7,0,7,0.0
23,Borderline-SMOTE,F1opt,No mechanism recorded,2,0,2,0.0
23,Borderline-SMOTE,rec80,Heat dissipation,17,17,0,1.0
23,Borderline-SMOTE,rec80,Power,14,13,1,0.9285714285714286
23,Borderline-SMOTE,rec80,Overstrain,12,9,3,0.75
23,Borderline-SMOTE,rec80,Tool wear,7,0,7,0.0
23,Borderline-SMOTE,rec80,No mechanism recorded,2,0,2,0.0
23,Borderline-SMOTE,rec90,Heat dissipation,17,17,0,1.0
23,Borderline-SMOTE,rec90,Power,14,14,0,1.0
23,Borderline-SMOTE,rec90,Overstrain,12,10,2,0.8333333333333334
23,Borderline-SMOTE,rec90,Tool wear,7,3,4,0.42857142857142855
23,Borderline-SMOTE,rec90,No mechanism recorded,2,0,2,0.0
23,Borderline-SMOTE,fpr1,Heat dissipation,17,17,0,1.0
23,Borderline-SMOTE,fpr1,Power,14,13,1,0.9285714285714286
23,Borderline-SMOTE,fpr1,Overstrain,12,9,3,0.75
23,Borderline-SMOTE,fpr1,Tool wear,7,0,7,0.0
23,Borderline-SMOTE,fpr1,No mechanism recorded,2,0,2,0.0
23,Borderline-SMOTE,fpr2,Heat dissipation,17,17,0,1.0
23,Borderline-SMOTE,fpr2,Power,14,13,1,0.9285714285714286
23,Borderline-SMOTE,fpr2,Overstrain,12,9,3,0.75
23,Borderline-SMOTE,fpr2,Tool wear,7,0,7,0.0
23,Borderline-SMOTE,fpr2,No mechanism recorded,2,0,2,0.0
23,Multi WGAN-GP,t0.5,Heat dissipation,17,17,0,1.0
23,Multi WGAN-GP,t0.5,Power,14,13,1,0.9285714285714286
23,Multi WGAN-GP,t0.5,Overstrain,12,12,0,1.0
23,Multi WGAN-GP,t0.5,Tool wear,7,3,4,0.42857142857142855
23,Multi WGAN-GP,t0.5,No mechanism recorded,2,0,2,0.0
23,Multi WGAN-GP,F1opt,Heat dissipation,17,15,2,0.8823529411764706
23,Multi WGAN-GP,F1opt,Power,14,11,3,0.7857142857142857
23,Multi WGAN-GP,F1opt,Overstrain,12,9,3,0.75
23,Multi WGAN-GP,F1opt,Tool wear,7,0,7,0.0
23,Multi WGAN-GP,F1opt,No mechanism recorded,2,0,2,0.0
23,Multi WGAN-GP,rec80,Heat dissipation,17,17,0,1.0
23,Multi WGAN-GP,rec80,Power,14,12,2,0.8571428571428571
23,Multi WGAN-GP,rec80,Overstrain,12,11,1,0.9166666666666666
23,Multi WGAN-GP,rec80,Tool wear,7,1,6,0.14285714285714285
23,Multi WGAN-GP,rec80,No mechanism recorded,2,0,2,0.0
23,Multi WGAN-GP,rec90,Heat dissipation,17,17,0,1.0
23,Multi WGAN-GP,rec90,Power,14,13,1,0.9285714285714286
23,Multi WGAN-GP,rec90,Overstrain,12,12,0,1.0
23,Multi WGAN-GP,rec90,Tool wear,7,2,5,0.2857142857142857
23,Multi WGAN-GP,rec90,No mechanism recorded,2,0,2,0.0
23,Multi WGAN-GP,fpr1,Heat dissipation,17,15,2,0.8823529411764706
23,Multi WGAN-GP,fpr1,Power,14,12,2,0.8571428571428571
23,Multi WGAN-GP,fpr1,Overstrain,12,10,2,0.8333333333333334
23,Multi WGAN-GP,fpr1,Tool wear,7,0,7,0.0
23,Multi WGAN-GP,fpr1,No mechanism recorded,2,0,2,0.0
23,Multi WGAN-GP,fpr2,Heat dissipation,17,17,0,1.0
23,Multi WGAN-GP,fpr2,Power,14,13,1,0.9285714285714286
23,Multi WGAN-GP,fpr2,Overstrain,12,11,1,0.9166666666666666
23,Multi WGAN-GP,fpr2,Tool wear,7,1,6,0.14285714285714285
23,Multi WGAN-GP,fpr2,No mechanism recorded,2,0,2,0.0
23,RUS,t0.5,Heat dissipation,17,17,0,1.0
23,RUS,t0.5,Power,14,14,0,1.0
23,RUS,t0.5,Overstrain,12,10,2,0.8333333333333334
23,RUS,t0.5,Tool wear,7,5,2,0.7142857142857143
23,RUS,t0.5,No mechanism recorded,2,0,2,0.0
23,RUS,F1opt,Heat dissipation,17,17,0,1.0
23,RUS,F1opt,Power,14,12,2,0.8571428571428571
23,RUS,F1opt,Overstrain,12,10,2,0.8333333333333334
23,RUS,F1opt,Tool wear,7,1,6,0.14285714285714285
23,RUS,F1opt,No mechanism recorded,2,0,2,0.0
23,RUS,rec80,Heat dissipation,17,16,1,0.9411764705882353
23,RUS,rec80,Power,14,12,2,0.8571428571428571
23,RUS,rec80,Overstrain,12,10,2,0.8333333333333334
23,RUS,rec80,Tool wear,7,1,6,0.14285714285714285
23,RUS,rec80,No mechanism recorded,2,0,2,0.0
23,RUS,rec90,Heat dissipation,17,17,0,1.0
23,RUS,rec90,Power,14,14,0,1.0
23,RUS,rec90,Overstrain,12,10,2,0.8333333333333334
23,RUS,rec90,Tool wear,7,3,4,0.42857142857142855
23,RUS,rec90,No mechanism recorded,2,0,2,0.0
23,RUS,fpr1,Heat dissipation,17,13,4,0.7647058823529411
23,RUS,fpr1,Power,14,10,4,0.7142857142857143
23,RUS,fpr1,Overstrain,12,7,5,0.5833333333333334
23,RUS,fpr1,Tool wear,7,0,7,0.0
23,RUS,fpr1,No mechanism recorded,2,0,2,0.0
23,RUS,fpr2,Heat dissipation,17,16,1,0.9411764705882353
23,RUS,fpr2,Power,14,12,2,0.8571428571428571
23,RUS,fpr2,Overstrain,12,10,2,0.8333333333333334
23,RUS,fpr2,Tool wear,7,0,7,0.0
23,RUS,fpr2,No mechanism recorded,2,0,2,0.0
23,SMOTE,t0.5,Heat dissipation,17,17,0,1.0
23,SMOTE,t0.5,Power,14,12,2,0.8571428571428571
23,SMOTE,t0.5,Overstrain,12,9,3,0.75
23,SMOTE,t0.5,Tool wear,7,0,7,0.0
23,SMOTE,t0.5,No mechanism recorded,2,0,2,0.0
23,SMOTE,F1opt,Heat dissipation,17,16,1,0.9411764705882353
23,SMOTE,F1opt,Power,14,12,2,0.8571428571428571
23,SMOTE,F1opt,Overstrain,12,9,3,0.75
23,SMOTE,F1opt,Tool wear,7,0,7,0.0
23,SMOTE,F1opt,No mechanism recorded,2,0,2,0.0
23,SMOTE,rec80,Heat dissipation,17,17,0,1.0
23,SMOTE,rec80,Power,14,12,2,0.8571428571428571
23,SMOTE,rec80,Overstrain,12,9,3,0.75
23,SMOTE,rec80,Tool wear,7,0,7,0.0
23,SMOTE,rec80,No mechanism recorded,2,0,2,0.0
23,SMOTE,rec90,Heat dissipation,17,17,0,1.0
23,SMOTE,rec90,Power,14,13,1,0.9285714285714286
23,SMOTE,rec90,Overstrain,12,12,0,1.0
23,SMOTE,rec90,Tool wear,7,2,5,0.2857142857142857
23,SMOTE,rec90,No mechanism recorded,2,0,2,0.0
23,SMOTE,fpr1,Heat dissipation,17,16,1,0.9411764705882353
23,SMOTE,fpr1,Power,14,12,2,0.8571428571428571
23,SMOTE,fpr1,Overstrain,12,9,3,0.75
23,SMOTE,fpr1,Tool wear,7,0,7,0.0
23,SMOTE,fpr1,No mechanism recorded,2,0,2,0.0
23,SMOTE,fpr2,Heat dissipation,17,17,0,1.0
23,SMOTE,fpr2,Power,14,12,2,0.8571428571428571
23,SMOTE,fpr2,Overstrain,12,9,3,0.75
23,SMOTE,fpr2,Tool wear,7,0,7,0.0
23,SMOTE,fpr2,No mechanism recorded,2,0,2,0.0
23,SMOTENC,t0.5,Heat dissipation,17,17,0,1.0
23,SMOTENC,t0.5,Power,14,13,1,0.9285714285714286
23,SMOTENC,t0.5,Overstrain,12,9,3,0.75
23,SMOTENC,t0.5,Tool wear,7,0,7,0.0
23,SMOTENC,t0.5,No mechanism recorded,2,0,2,0.0
23,SMOTENC,F1opt,Heat dissipation,17,14,3,0.8235294117647058
23,SMOTENC,F1opt,Power,14,10,4,0.7142857142857143
23,SMOTENC,F1opt,Overstrain,12,9,3,0.75
23,SMOTENC,F1opt,Tool wear,7,0,7,0.0
23,SMOTENC,F1opt,No mechanism recorded,2,0,2,0.0
23,SMOTENC,rec80,Heat dissipation,17,17,0,1.0
23,SMOTENC,rec80,Power,14,13,1,0.9285714285714286
23,SMOTENC,rec80,Overstrain,12,9,3,0.75
23,SMOTENC,rec80,Tool wear,7,0,7,0.0
23,SMOTENC,rec80,No mechanism recorded,2,0,2,0.0
23,SMOTENC,rec90,Heat dissipation,17,17,0,1.0
23,SMOTENC,rec90,Power,14,14,0,1.0
23,SMOTENC,rec90,Overstrain,12,12,0,1.0
23,SMOTENC,rec90,Tool wear,7,5,2,0.7142857142857143
23,SMOTENC,rec90,No mechanism recorded,2,0,2,0.0
23,SMOTENC,fpr1,Heat dissipation,17,17,0,1.0
23,SMOTENC,fpr1,Power,14,11,3,0.7857142857142857
23,SMOTENC,fpr1,Overstrain,12,9,3,0.75
23,SMOTENC,fpr1,Tool wear,7,0,7,0.0
23,SMOTENC,fpr1,No mechanism recorded,2,0,2,0.0
23,SMOTENC,fpr2,Heat dissipation,17,17,0,1.0
23,SMOTENC,fpr2,Power,14,13,1,0.9285714285714286
23,SMOTENC,fpr2,Overstrain,12,9,3,0.75
23,SMOTENC,fpr2,Tool wear,7,0,7,0.0
23,SMOTENC,fpr2,No mechanism recorded,2,0,2,0.0
23,Single WGAN-GP,t0.5,Heat dissipation,17,17,0,1.0
23,Single WGAN-GP,t0.5,Power,14,12,2,0.8571428571428571
23,Single WGAN-GP,t0.5,Overstrain,12,12,0,1.0
23,Single WGAN-GP,t0.5,Tool wear,7,2,5,0.2857142857142857
23,Single WGAN-GP,t0.5,No mechanism recorded,2,0,2,0.0
23,Single WGAN-GP,F1opt,Heat dissipation,17,15,2,0.8823529411764706
23,Single WGAN-GP,F1opt,Power,14,10,4,0.7142857142857143
23,Single WGAN-GP,F1opt,Overstrain,12,8,4,0.6666666666666666
23,Single WGAN-GP,F1opt,Tool wear,7,0,7,0.0
23,Single WGAN-GP,F1opt,No mechanism recorded,2,0,2,0.0
23,Single WGAN-GP,rec80,Heat dissipation,17,15,2,0.8823529411764706
23,Single WGAN-GP,rec80,Power,14,11,3,0.7857142857142857
23,Single WGAN-GP,rec80,Overstrain,12,10,2,0.8333333333333334
23,Single WGAN-GP,rec80,Tool wear,7,1,6,0.14285714285714285
23,Single WGAN-GP,rec80,No mechanism recorded,2,0,2,0.0
23,Single WGAN-GP,rec90,Heat dissipation,17,17,0,1.0
23,Single WGAN-GP,rec90,Power,14,13,1,0.9285714285714286
23,Single WGAN-GP,rec90,Overstrain,12,12,0,1.0
23,Single WGAN-GP,rec90,Tool wear,7,3,4,0.42857142857142855
23,Single WGAN-GP,rec90,No mechanism recorded,2,0,2,0.0
23,Single WGAN-GP,fpr1,Heat dissipation,17,15,2,0.8823529411764706
23,Single WGAN-GP,fpr1,Power,14,10,4,0.7142857142857143
23,Single WGAN-GP,fpr1,Overstrain,12,8,4,0.6666666666666666
23,Single WGAN-GP,fpr1,Tool wear,7,1,6,0.14285714285714285
23,Single WGAN-GP,fpr1,No mechanism recorded,2,0,2,0.0
23,Single WGAN-GP,fpr2,Heat dissipation,17,15,2,0.8823529411764706
23,Single WGAN-GP,fpr2,Power,14,11,3,0.7857142857142857
23,Single WGAN-GP,fpr2,Overstrain,12,10,2,0.8333333333333334
23,Single WGAN-GP,fpr2,Tool wear,7,1,6,0.14285714285714285
23,Single WGAN-GP,fpr2,No mechanism recorded,2,0,2,0.0
24,ADASYN,t0.5,Heat dissipation,17,17,0,1.0
24,ADASYN,t0.5,Power,14,10,4,0.7142857142857143
24,ADASYN,t0.5,Overstrain,11,10,1,0.9090909090909091
24,ADASYN,t0.5,Tool wear,7,1,6,0.14285714285714285
24,ADASYN,t0.5,No mechanism recorded,2,0,2,0.0
24,ADASYN,F1opt,Heat dissipation,17,16,1,0.9411764705882353
24,ADASYN,F1opt,Power,14,6,8,0.42857142857142855
24,ADASYN,F1opt,Overstrain,11,7,4,0.6363636363636364
24,ADASYN,F1opt,Tool wear,7,1,6,0.14285714285714285
24,ADASYN,F1opt,No mechanism recorded,2,0,2,0.0
24,ADASYN,rec80,Heat dissipation,17,17,0,1.0
24,ADASYN,rec80,Power,14,9,5,0.6428571428571429
24,ADASYN,rec80,Overstrain,11,10,1,0.9090909090909091
24,ADASYN,rec80,Tool wear,7,1,6,0.14285714285714285
24,ADASYN,rec80,No mechanism recorded,2,0,2,0.0
24,ADASYN,rec90,Heat dissipation,17,17,0,1.0
24,ADASYN,rec90,Power,14,11,3,0.7857142857142857
24,ADASYN,rec90,Overstrain,11,11,0,1.0
24,ADASYN,rec90,Tool wear,7,2,5,0.2857142857142857
24,ADASYN,rec90,No mechanism recorded,2,0,2,0.0
24,ADASYN,fpr1,Heat dissipation,17,17,0,1.0
24,ADASYN,fpr1,Power,14,8,6,0.5714285714285714
24,ADASYN,fpr1,Overstrain,11,10,1,0.9090909090909091
24,ADASYN,fpr1,Tool wear,7,1,6,0.14285714285714285
24,ADASYN,fpr1,No mechanism recorded,2,0,2,0.0
24,ADASYN,fpr2,Heat dissipation,17,17,0,1.0
24,ADASYN,fpr2,Power,14,9,5,0.6428571428571429
24,ADASYN,fpr2,Overstrain,11,10,1,0.9090909090909091
24,ADASYN,fpr2,Tool wear,7,1,6,0.14285714285714285
24,ADASYN,fpr2,No mechanism recorded,2,0,2,0.0
24,Baseline,t0.5,Heat dissipation,17,16,1,0.9411764705882353
24,Baseline,t0.5,Power,14,6,8,0.42857142857142855
24,Baseline,t0.5,Overstrain,11,5,6,0.45454545454545453
24,Baseline,t0.5,Tool wear,7,0,7,0.0
24,Baseline,t0.5,No mechanism recorded,2,0,2,0.0
24,Baseline,F1opt,Heat dissipation,17,17,0,1.0
24,Baseline,F1opt,Power,14,7,7,0.5
24,Baseline,F1opt,Overstrain,11,8,3,0.7272727272727273
24,Baseline,F1opt,Tool wear,7,0,7,0.0
24,Baseline,F1opt,No mechanism recorded,2,0,2,0.0
24,Baseline,rec80,Heat dissipation,17,17,0,1.0
24,Baseline,rec80,Power,14,10,4,0.7142857142857143
24,Baseline,rec80,Overstrain,11,11,0,1.0
24,Baseline,rec80,Tool wear,7,1,6,0.14285714285714285
24,Baseline,rec80,No mechanism recorded,2,0,2,0.0
24,Baseline,rec90,Heat dissipation,17,17,0,1.0
24,Baseline,rec90,Power,14,12,2,0.8571428571428571
24,Baseline,rec90,Overstrain,11,11,0,1.0
24,Baseline,rec90,Tool wear,7,3,4,0.42857142857142855
24,Baseline,rec90,No mechanism recorded,2,0,2,0.0
24,Baseline,fpr1,Heat dissipation,17,17,0,1.0
24,Baseline,fpr1,Power,14,8,6,0.5714285714285714
24,Baseline,fpr1,Overstrain,11,8,3,0.7272727272727273
24,Baseline,fpr1,Tool wear,7,0,7,0.0
24,Baseline,fpr1,No mechanism recorded,2,0,2,0.0
24,Baseline,fpr2,Heat dissipation,17,17,0,1.0
24,Baseline,fpr2,Power,14,10,4,0.7142857142857143
24,Baseline,fpr2,Overstrain,11,11,0,1.0
24,Baseline,fpr2,Tool wear,7,1,6,0.14285714285714285
24,Baseline,fpr2,No mechanism recorded,2,0,2,0.0
24,Borderline-SMOTE,t0.5,Heat dissipation,17,17,0,1.0
24,Borderline-SMOTE,t0.5,Power,14,8,6,0.5714285714285714
24,Borderline-SMOTE,t0.5,Overstrain,11,9,2,0.8181818181818182
24,Borderline-SMOTE,t0.5,Tool wear,7,1,6,0.14285714285714285
24,Borderline-SMOTE,t0.5,No mechanism recorded,2,0,2,0.0
24,Borderline-SMOTE,F1opt,Heat dissipation,17,16,1,0.9411764705882353
24,Borderline-SMOTE,F1opt,Power,14,8,6,0.5714285714285714
24,Borderline-SMOTE,F1opt,Overstrain,11,8,3,0.7272727272727273
24,Borderline-SMOTE,F1opt,Tool wear,7,0,7,0.0
24,Borderline-SMOTE,F1opt,No mechanism recorded,2,0,2,0.0
24,Borderline-SMOTE,rec80,Heat dissipation,17,17,0,1.0
24,Borderline-SMOTE,rec80,Power,14,9,5,0.6428571428571429
24,Borderline-SMOTE,rec80,Overstrain,11,10,1,0.9090909090909091
24,Borderline-SMOTE,rec80,Tool wear,7,1,6,0.14285714285714285
24,Borderline-SMOTE,rec80,No mechanism recorded,2,0,2,0.0
24,Borderline-SMOTE,rec90,Heat dissipation,17,17,0,1.0
24,Borderline-SMOTE,rec90,Power,14,13,1,0.9285714285714286
24,Borderline-SMOTE,rec90,Overstrain,11,11,0,1.0
24,Borderline-SMOTE,rec90,Tool wear,7,5,2,0.7142857142857143
24,Borderline-SMOTE,rec90,No mechanism recorded,2,0,2,0.0
24,Borderline-SMOTE,fpr1,Heat dissipation,17,17,0,1.0
24,Borderline-SMOTE,fpr1,Power,14,8,6,0.5714285714285714
24,Borderline-SMOTE,fpr1,Overstrain,11,8,3,0.7272727272727273
24,Borderline-SMOTE,fpr1,Tool wear,7,1,6,0.14285714285714285
24,Borderline-SMOTE,fpr1,No mechanism recorded,2,0,2,0.0
24,Borderline-SMOTE,fpr2,Heat dissipation,17,17,0,1.0
24,Borderline-SMOTE,fpr2,Power,14,11,3,0.7857142857142857
24,Borderline-SMOTE,fpr2,Overstrain,11,11,0,1.0
24,Borderline-SMOTE,fpr2,Tool wear,7,1,6,0.14285714285714285
24,Borderline-SMOTE,fpr2,No mechanism recorded,2,0,2,0.0
24,Multi WGAN-GP,t0.5,Heat dissipation,17,17,0,1.0
24,Multi WGAN-GP,t0.5,Power,14,13,1,0.9285714285714286
24,Multi WGAN-GP,t0.5,Overstrain,11,11,0,1.0
24,Multi WGAN-GP,t0.5,Tool wear,7,2,5,0.2857142857142857
24,Multi WGAN-GP,t0.5,No mechanism recorded,2,0,2,0.0
24,Multi WGAN-GP,F1opt,Heat dissipation,17,16,1,0.9411764705882353
24,Multi WGAN-GP,F1opt,Power,14,6,8,0.42857142857142855
24,Multi WGAN-GP,F1opt,Overstrain,11,8,3,0.7272727272727273
24,Multi WGAN-GP,F1opt,Tool wear,7,0,7,0.0
24,Multi WGAN-GP,F1opt,No mechanism recorded,2,0,2,0.0
24,Multi WGAN-GP,rec80,Heat dissipation,17,16,1,0.9411764705882353
24,Multi WGAN-GP,rec80,Power,14,11,3,0.7857142857142857
24,Multi WGAN-GP,rec80,Overstrain,11,11,0,1.0
24,Multi WGAN-GP,rec80,Tool wear,7,0,7,0.0
24,Multi WGAN-GP,rec80,No mechanism recorded,2,0,2,0.0
24,Multi WGAN-GP,rec90,Heat dissipation,17,17,0,1.0
24,Multi WGAN-GP,rec90,Power,14,14,0,1.0
24,Multi WGAN-GP,rec90,Overstrain,11,11,0,1.0
24,Multi WGAN-GP,rec90,Tool wear,7,3,4,0.42857142857142855
24,Multi WGAN-GP,rec90,No mechanism recorded,2,1,1,0.5
24,Multi WGAN-GP,fpr1,Heat dissipation,17,16,1,0.9411764705882353
24,Multi WGAN-GP,fpr1,Power,14,8,6,0.5714285714285714
24,Multi WGAN-GP,fpr1,Overstrain,11,9,2,0.8181818181818182
24,Multi WGAN-GP,fpr1,Tool wear,7,0,7,0.0
24,Multi WGAN-GP,fpr1,No mechanism recorded,2,0,2,0.0
24,Multi WGAN-GP,fpr2,Heat dissipation,17,16,1,0.9411764705882353
24,Multi WGAN-GP,fpr2,Power,14,11,3,0.7857142857142857
24,Multi WGAN-GP,fpr2,Overstrain,11,11,0,1.0
24,Multi WGAN-GP,fpr2,Tool wear,7,0,7,0.0
24,Multi WGAN-GP,fpr2,No mechanism recorded,2,0,2,0.0
24,RUS,t0.5,Heat dissipation,17,17,0,1.0
24,RUS,t0.5,Power,14,13,1,0.9285714285714286
24,RUS,t0.5,Overstrain,11,11,0,1.0
24,RUS,t0.5,Tool wear,7,4,3,0.5714285714285714
24,RUS,t0.5,No mechanism recorded,2,0,2,0.0
24,RUS,F1opt,Heat dissipation,17,17,0,1.0
24,RUS,F1opt,Power,14,5,9,0.35714285714285715
24,RUS,F1opt,Overstrain,11,5,6,0.45454545454545453
24,RUS,F1opt,Tool wear,7,0,7,0.0
24,RUS,F1opt,No mechanism recorded,2,0,2,0.0
24,RUS,rec80,Heat dissipation,17,17,0,1.0
24,RUS,rec80,Power,14,11,3,0.7857142857142857
24,RUS,rec80,Overstrain,11,8,3,0.7272727272727273
24,RUS,rec80,Tool wear,7,2,5,0.2857142857142857
24,RUS,rec80,No mechanism recorded,2,0,2,0.0
24,RUS,rec90,Heat dissipation,17,17,0,1.0
24,RUS,rec90,Power,14,13,1,0.9285714285714286
24,RUS,rec90,Overstrain,11,11,0,1.0
24,RUS,rec90,Tool wear,7,4,3,0.5714285714285714
24,RUS,rec90,No mechanism recorded,2,0,2,0.0
24,RUS,fpr1,Heat dissipation,17,17,0,1.0
24,RUS,fpr1,Power,14,5,9,0.35714285714285715
24,RUS,fpr1,Overstrain,11,6,5,0.5454545454545454
24,RUS,fpr1,Tool wear,7,0,7,0.0
24,RUS,fpr1,No mechanism recorded,2,0,2,0.0
24,RUS,fpr2,Heat dissipation,17,17,0,1.0
24,RUS,fpr2,Power,14,7,7,0.5
24,RUS,fpr2,Overstrain,11,6,5,0.5454545454545454
24,RUS,fpr2,Tool wear,7,0,7,0.0
24,RUS,fpr2,No mechanism recorded,2,0,2,0.0
24,SMOTE,t0.5,Heat dissipation,17,17,0,1.0
24,SMOTE,t0.5,Power,14,9,5,0.6428571428571429
24,SMOTE,t0.5,Overstrain,11,10,1,0.9090909090909091
24,SMOTE,t0.5,Tool wear,7,1,6,0.14285714285714285
24,SMOTE,t0.5,No mechanism recorded,2,0,2,0.0
24,SMOTE,F1opt,Heat dissipation,17,14,3,0.8235294117647058
24,SMOTE,F1opt,Power,14,5,9,0.35714285714285715
24,SMOTE,F1opt,Overstrain,11,7,4,0.6363636363636364
24,SMOTE,F1opt,Tool wear,7,0,7,0.0
24,SMOTE,F1opt,No mechanism recorded,2,0,2,0.0
24,SMOTE,rec80,Heat dissipation,17,17,0,1.0
24,SMOTE,rec80,Power,14,9,5,0.6428571428571429
24,SMOTE,rec80,Overstrain,11,10,1,0.9090909090909091
24,SMOTE,rec80,Tool wear,7,1,6,0.14285714285714285
24,SMOTE,rec80,No mechanism recorded,2,0,2,0.0
24,SMOTE,rec90,Heat dissipation,17,17,0,1.0
24,SMOTE,rec90,Power,14,11,3,0.7857142857142857
24,SMOTE,rec90,Overstrain,11,11,0,1.0
24,SMOTE,rec90,Tool wear,7,3,4,0.42857142857142855
24,SMOTE,rec90,No mechanism recorded,2,0,2,0.0
24,SMOTE,fpr1,Heat dissipation,17,17,0,1.0
24,SMOTE,fpr1,Power,14,9,5,0.6428571428571429
24,SMOTE,fpr1,Overstrain,11,10,1,0.9090909090909091
24,SMOTE,fpr1,Tool wear,7,1,6,0.14285714285714285
24,SMOTE,fpr1,No mechanism recorded,2,0,2,0.0
24,SMOTE,fpr2,Heat dissipation,17,17,0,1.0
24,SMOTE,fpr2,Power,14,9,5,0.6428571428571429
24,SMOTE,fpr2,Overstrain,11,10,1,0.9090909090909091
24,SMOTE,fpr2,Tool wear,7,1,6,0.14285714285714285
24,SMOTE,fpr2,No mechanism recorded,2,0,2,0.0
24,SMOTENC,t0.5,Heat dissipation,17,17,0,1.0
24,SMOTENC,t0.5,Power,14,10,4,0.7142857142857143
24,SMOTENC,t0.5,Overstrain,11,10,1,0.9090909090909091
24,SMOTENC,t0.5,Tool wear,7,1,6,0.14285714285714285
24,SMOTENC,t0.5,No mechanism recorded,2,0,2,0.0
24,SMOTENC,F1opt,Heat dissipation,17,17,0,1.0
24,SMOTENC,F1opt,Power,14,8,6,0.5714285714285714
24,SMOTENC,F1opt,Overstrain,11,10,1,0.9090909090909091
24,SMOTENC,F1opt,Tool wear,7,1,6,0.14285714285714285
24,SMOTENC,F1opt,No mechanism recorded,2,0,2,0.0
24,SMOTENC,rec80,Heat dissipation,17,17,0,1.0
24,SMOTENC,rec80,Power,14,8,6,0.5714285714285714
24,SMOTENC,rec80,Overstrain,11,10,1,0.9090909090909091
24,SMOTENC,rec80,Tool wear,7,1,6,0.14285714285714285
24,SMOTENC,rec80,No mechanism recorded,2,0,2,0.0
24,SMOTENC,rec90,Heat dissipation,17,17,0,1.0
24,SMOTENC,rec90,Power,14,10,4,0.7142857142857143
24,SMOTENC,rec90,Overstrain,11,10,1,0.9090909090909091
24,SMOTENC,rec90,Tool wear,7,1,6,0.14285714285714285
24,SMOTENC,rec90,No mechanism recorded,2,0,2,0.0
24,SMOTENC,fpr1,Heat dissipation,17,17,0,1.0
24,SMOTENC,fpr1,Power,14,8,6,0.5714285714285714
24,SMOTENC,fpr1,Overstrain,11,10,1,0.9090909090909091
24,SMOTENC,fpr1,Tool wear,7,1,6,0.14285714285714285
24,SMOTENC,fpr1,No mechanism recorded,2,0,2,0.0
24,SMOTENC,fpr2,Heat dissipation,17,17,0,1.0
24,SMOTENC,fpr2,Power,14,10,4,0.7142857142857143
24,SMOTENC,fpr2,Overstrain,11,10,1,0.9090909090909091
24,SMOTENC,fpr2,Tool wear,7,1,6,0.14285714285714285
24,SMOTENC,fpr2,No mechanism recorded,2,0,2,0.0
24,Single WGAN-GP,t0.5,Heat dissipation,17,16,1,0.9411764705882353
24,Single WGAN-GP,t0.5,Power,14,12,2,0.8571428571428571
24,Single WGAN-GP,t0.5,Overstrain,11,11,0,1.0
24,Single WGAN-GP,t0.5,Tool wear,7,4,3,0.5714285714285714
24,Single WGAN-GP,t0.5,No mechanism recorded,2,0,2,0.0
24,Single WGAN-GP,F1opt,Heat dissipation,17,15,2,0.8823529411764706
24,Single WGAN-GP,F1opt,Power,14,7,7,0.5
24,Single WGAN-GP,F1opt,Overstrain,11,10,1,0.9090909090909091
24,Single WGAN-GP,F1opt,Tool wear,7,2,5,0.2857142857142857
24,Single WGAN-GP,F1opt,No mechanism recorded,2,0,2,0.0
24,Single WGAN-GP,rec80,Heat dissipation,17,16,1,0.9411764705882353
24,Single WGAN-GP,rec80,Power,14,11,3,0.7857142857142857
24,Single WGAN-GP,rec80,Overstrain,11,11,0,1.0
24,Single WGAN-GP,rec80,Tool wear,7,3,4,0.42857142857142855
24,Single WGAN-GP,rec80,No mechanism recorded,2,0,2,0.0
24,Single WGAN-GP,rec90,Heat dissipation,17,17,0,1.0
24,Single WGAN-GP,rec90,Power,14,12,2,0.8571428571428571
24,Single WGAN-GP,rec90,Overstrain,11,11,0,1.0
24,Single WGAN-GP,rec90,Tool wear,7,4,3,0.5714285714285714
24,Single WGAN-GP,rec90,No mechanism recorded,2,0,2,0.0
24,Single WGAN-GP,fpr1,Heat dissipation,17,15,2,0.8823529411764706
24,Single WGAN-GP,fpr1,Power,14,7,7,0.5
24,Single WGAN-GP,fpr1,Overstrain,11,10,1,0.9090909090909091
24,Single WGAN-GP,fpr1,Tool wear,7,2,5,0.2857142857142857
24,Single WGAN-GP,fpr1,No mechanism recorded,2,0,2,0.0
24,Single WGAN-GP,fpr2,Heat dissipation,17,16,1,0.9411764705882353
24,Single WGAN-GP,fpr2,Power,14,9,5,0.6428571428571429
24,Single WGAN-GP,fpr2,Overstrain,11,10,1,0.9090909090909091
24,Single WGAN-GP,fpr2,Tool wear,7,2,5,0.2857142857142857
24,Single WGAN-GP,fpr2,No mechanism recorded,2,0,2,0.0
25,ADASYN,t0.5,Heat dissipation,17,17,0,1.0
25,ADASYN,t0.5,Power,14,12,2,0.8571428571428571
25,ADASYN,t0.5,Overstrain,11,10,1,0.9090909090909091
25,ADASYN,t0.5,Tool wear,7,0,7,0.0
25,ADASYN,t0.5,No mechanism recorded,2,0,2,0.0
25,ADASYN,F1opt,Heat dissipation,17,17,0,1.0
25,ADASYN,F1opt,Power,14,11,3,0.7857142857142857
25,ADASYN,F1opt,Overstrain,11,9,2,0.8181818181818182
25,ADASYN,F1opt,Tool wear,7,0,7,0.0
25,ADASYN,F1opt,No mechanism recorded,2,0,2,0.0
25,ADASYN,rec80,Heat dissipation,17,17,0,1.0
25,ADASYN,rec80,Power,14,12,2,0.8571428571428571
25,ADASYN,rec80,Overstrain,11,10,1,0.9090909090909091
25,ADASYN,rec80,Tool wear,7,1,6,0.14285714285714285
25,ADASYN,rec80,No mechanism recorded,2,0,2,0.0
25,ADASYN,rec90,Heat dissipation,17,17,0,1.0
25,ADASYN,rec90,Power,14,14,0,1.0
25,ADASYN,rec90,Overstrain,11,11,0,1.0
25,ADASYN,rec90,Tool wear,7,3,4,0.42857142857142855
25,ADASYN,rec90,No mechanism recorded,2,0,2,0.0
25,ADASYN,fpr1,Heat dissipation,17,17,0,1.0
25,ADASYN,fpr1,Power,14,11,3,0.7857142857142857
25,ADASYN,fpr1,Overstrain,11,7,4,0.6363636363636364
25,ADASYN,fpr1,Tool wear,7,0,7,0.0
25,ADASYN,fpr1,No mechanism recorded,2,0,2,0.0
25,ADASYN,fpr2,Heat dissipation,17,17,0,1.0
25,ADASYN,fpr2,Power,14,12,2,0.8571428571428571
25,ADASYN,fpr2,Overstrain,11,10,1,0.9090909090909091
25,ADASYN,fpr2,Tool wear,7,0,7,0.0
25,ADASYN,fpr2,No mechanism recorded,2,0,2,0.0
25,Baseline,t0.5,Heat dissipation,17,17,0,1.0
25,Baseline,t0.5,Power,14,12,2,0.8571428571428571
25,Baseline,t0.5,Overstrain,11,6,5,0.5454545454545454
25,Baseline,t0.5,Tool wear,7,0,7,0.0
25,Baseline,t0.5,No mechanism recorded,2,0,2,0.0
25,Baseline,F1opt,Heat dissipation,17,17,0,1.0
25,Baseline,F1opt,Power,14,12,2,0.8571428571428571
25,Baseline,F1opt,Overstrain,11,6,5,0.5454545454545454
25,Baseline,F1opt,Tool wear,7,0,7,0.0
25,Baseline,F1opt,No mechanism recorded,2,0,2,0.0
25,Baseline,rec80,Heat dissipation,17,17,0,1.0
25,Baseline,rec80,Power,14,12,2,0.8571428571428571
25,Baseline,rec80,Overstrain,11,11,0,1.0
25,Baseline,rec80,Tool wear,7,1,6,0.14285714285714285
25,Baseline,rec80,No mechanism recorded,2,0,2,0.0
25,Baseline,rec90,Heat dissipation,17,17,0,1.0
25,Baseline,rec90,Power,14,13,1,0.9285714285714286
25,Baseline,rec90,Overstrain,11,11,0,1.0
25,Baseline,rec90,Tool wear,7,3,4,0.42857142857142855
25,Baseline,rec90,No mechanism recorded,2,0,2,0.0
25,Baseline,fpr1,Heat dissipation,17,17,0,1.0
25,Baseline,fpr1,Power,14,12,2,0.8571428571428571
25,Baseline,fpr1,Overstrain,11,7,4,0.6363636363636364
25,Baseline,fpr1,Tool wear,7,0,7,0.0
25,Baseline,fpr1,No mechanism recorded,2,0,2,0.0
25,Baseline,fpr2,Heat dissipation,17,17,0,1.0
25,Baseline,fpr2,Power,14,12,2,0.8571428571428571
25,Baseline,fpr2,Overstrain,11,11,0,1.0
25,Baseline,fpr2,Tool wear,7,1,6,0.14285714285714285
25,Baseline,fpr2,No mechanism recorded,2,0,2,0.0
25,Borderline-SMOTE,t0.5,Heat dissipation,17,17,0,1.0
25,Borderline-SMOTE,t0.5,Power,14,12,2,0.8571428571428571
25,Borderline-SMOTE,t0.5,Overstrain,11,8,3,0.7272727272727273
25,Borderline-SMOTE,t0.5,Tool wear,7,0,7,0.0
25,Borderline-SMOTE,t0.5,No mechanism recorded,2,0,2,0.0
25,Borderline-SMOTE,F1opt,Heat dissipation,17,16,1,0.9411764705882353
25,Borderline-SMOTE,F1opt,Power,14,12,2,0.8571428571428571
25,Borderline-SMOTE,F1opt,Overstrain,11,6,5,0.5454545454545454
25,Borderline-SMOTE,F1opt,Tool wear,7,0,7,0.0
25,Borderline-SMOTE,F1opt,No mechanism recorded,2,0,2,0.0
25,Borderline-SMOTE,rec80,Heat dissipation,17,17,0,1.0
25,Borderline-SMOTE,rec80,Power,14,12,2,0.8571428571428571
25,Borderline-SMOTE,rec80,Overstrain,11,9,2,0.8181818181818182
25,Borderline-SMOTE,rec80,Tool wear,7,0,7,0.0
25,Borderline-SMOTE,rec80,No mechanism recorded,2,0,2,0.0
25,Borderline-SMOTE,rec90,Heat dissipation,17,17,0,1.0
25,Borderline-SMOTE,rec90,Power,14,14,0,1.0
25,Borderline-SMOTE,rec90,Overstrain,11,11,0,1.0
25,Borderline-SMOTE,rec90,Tool wear,7,2,5,0.2857142857142857
25,Borderline-SMOTE,rec90,No mechanism recorded,2,0,2,0.0
25,Borderline-SMOTE,fpr1,Heat dissipation,17,16,1,0.9411764705882353
25,Borderline-SMOTE,fpr1,Power,14,12,2,0.8571428571428571
25,Borderline-SMOTE,fpr1,Overstrain,11,6,5,0.5454545454545454
25,Borderline-SMOTE,fpr1,Tool wear,7,0,7,0.0
25,Borderline-SMOTE,fpr1,No mechanism recorded,2,0,2,0.0
25,Borderline-SMOTE,fpr2,Heat dissipation,17,17,0,1.0
25,Borderline-SMOTE,fpr2,Power,14,12,2,0.8571428571428571
25,Borderline-SMOTE,fpr2,Overstrain,11,9,2,0.8181818181818182
25,Borderline-SMOTE,fpr2,Tool wear,7,0,7,0.0
25,Borderline-SMOTE,fpr2,No mechanism recorded,2,0,2,0.0
25,Multi WGAN-GP,t0.5,Heat dissipation,17,17,0,1.0
25,Multi WGAN-GP,t0.5,Power,14,12,2,0.8571428571428571
25,Multi WGAN-GP,t0.5,Overstrain,11,11,0,1.0
25,Multi WGAN-GP,t0.5,Tool wear,7,2,5,0.2857142857142857
25,Multi WGAN-GP,t0.5,No mechanism recorded,2,0,2,0.0
25,Multi WGAN-GP,F1opt,Heat dissipation,17,15,2,0.8823529411764706
25,Multi WGAN-GP,F1opt,Power,14,12,2,0.8571428571428571
25,Multi WGAN-GP,F1opt,Overstrain,11,9,2,0.8181818181818182
25,Multi WGAN-GP,F1opt,Tool wear,7,0,7,0.0
25,Multi WGAN-GP,F1opt,No mechanism recorded,2,0,2,0.0
25,Multi WGAN-GP,rec80,Heat dissipation,17,15,2,0.8823529411764706
25,Multi WGAN-GP,rec80,Power,14,12,2,0.8571428571428571
25,Multi WGAN-GP,rec80,Overstrain,11,9,2,0.8181818181818182
25,Multi WGAN-GP,rec80,Tool wear,7,0,7,0.0
25,Multi WGAN-GP,rec80,No mechanism recorded,2,0,2,0.0
25,Multi WGAN-GP,rec90,Heat dissipation,17,17,0,1.0
25,Multi WGAN-GP,rec90,Power,14,14,0,1.0
25,Multi WGAN-GP,rec90,Overstrain,11,11,0,1.0
25,Multi WGAN-GP,rec90,Tool wear,7,5,2,0.7142857142857143
25,Multi WGAN-GP,rec90,No mechanism recorded,2,0,2,0.0
25,Multi WGAN-GP,fpr1,Heat dissipation,17,15,2,0.8823529411764706
25,Multi WGAN-GP,fpr1,Power,14,12,2,0.8571428571428571
25,Multi WGAN-GP,fpr1,Overstrain,11,8,3,0.7272727272727273
25,Multi WGAN-GP,fpr1,Tool wear,7,0,7,0.0
25,Multi WGAN-GP,fpr1,No mechanism recorded,2,0,2,0.0
25,Multi WGAN-GP,fpr2,Heat dissipation,17,17,0,1.0
25,Multi WGAN-GP,fpr2,Power,14,12,2,0.8571428571428571
25,Multi WGAN-GP,fpr2,Overstrain,11,11,0,1.0
25,Multi WGAN-GP,fpr2,Tool wear,7,1,6,0.14285714285714285
25,Multi WGAN-GP,fpr2,No mechanism recorded,2,0,2,0.0
25,RUS,t0.5,Heat dissipation,17,17,0,1.0
25,RUS,t0.5,Power,14,14,0,1.0
25,RUS,t0.5,Overstrain,11,11,0,1.0
25,RUS,t0.5,Tool wear,7,6,1,0.8571428571428571
25,RUS,t0.5,No mechanism recorded,2,0,2,0.0
25,RUS,F1opt,Heat dissipation,17,13,4,0.7647058823529411
25,RUS,F1opt,Power,14,6,8,0.42857142857142855
25,RUS,F1opt,Overstrain,11,5,6,0.45454545454545453
25,RUS,F1opt,Tool wear,7,0,7,0.0
25,RUS,F1opt,No mechanism recorded,2,0,2,0.0
25,RUS,rec80,Heat dissipation,17,17,0,1.0
25,RUS,rec80,Power,14,12,2,0.8571428571428571
25,RUS,rec80,Overstrain,11,9,2,0.8181818181818182
25,RUS,rec80,Tool wear,7,1,6,0.14285714285714285
25,RUS,rec80,No mechanism recorded,2,0,2,0.0
25,RUS,rec90,Heat dissipation,17,17,0,1.0
25,RUS,rec90,Power,14,14,0,1.0
25,RUS,rec90,Overstrain,11,11,0,1.0
25,RUS,rec90,Tool wear,7,5,2,0.7142857142857143
25,RUS,rec90,No mechanism recorded,2,0,2,0.0
25,RUS,fpr1,Heat dissipation,17,13,4,0.7647058823529411
25,RUS,fpr1,Power,14,6,8,0.42857142857142855
25,RUS,fpr1,Overstrain,11,5,6,0.45454545454545453
25,RUS,fpr1,Tool wear,7,0,7,0.0
25,RUS,fpr1,No mechanism recorded,2,0,2,0.0
25,RUS,fpr2,Heat dissipation,17,15,2,0.8823529411764706
25,RUS,fpr2,Power,14,10,4,0.7142857142857143
25,RUS,fpr2,Overstrain,11,5,6,0.45454545454545453
25,RUS,fpr2,Tool wear,7,0,7,0.0
25,RUS,fpr2,No mechanism recorded,2,0,2,0.0
25,SMOTE,t0.5,Heat dissipation,17,17,0,1.0
25,SMOTE,t0.5,Power,14,12,2,0.8571428571428571
25,SMOTE,t0.5,Overstrain,11,10,1,0.9090909090909091
25,SMOTE,t0.5,Tool wear,7,0,7,0.0
25,SMOTE,t0.5,No mechanism recorded,2,0,2,0.0
25,SMOTE,F1opt,Heat dissipation,17,16,1,0.9411764705882353
25,SMOTE,F1opt,Power,14,11,3,0.7857142857142857
25,SMOTE,F1opt,Overstrain,11,7,4,0.6363636363636364
25,SMOTE,F1opt,Tool wear,7,0,7,0.0
25,SMOTE,F1opt,No mechanism recorded,2,0,2,0.0
25,SMOTE,rec80,Heat dissipation,17,17,0,1.0
25,SMOTE,rec80,Power,14,12,2,0.8571428571428571
25,SMOTE,rec80,Overstrain,11,10,1,0.9090909090909091
25,SMOTE,rec80,Tool wear,7,2,5,0.2857142857142857
25,SMOTE,rec80,No mechanism recorded,2,0,2,0.0
25,SMOTE,rec90,Heat dissipation,17,17,0,1.0
25,SMOTE,rec90,Power,14,13,1,0.9285714285714286
25,SMOTE,rec90,Overstrain,11,11,0,1.0
25,SMOTE,rec90,Tool wear,7,3,4,0.42857142857142855
25,SMOTE,rec90,No mechanism recorded,2,0,2,0.0
25,SMOTE,fpr1,Heat dissipation,17,16,1,0.9411764705882353
25,SMOTE,fpr1,Power,14,11,3,0.7857142857142857
25,SMOTE,fpr1,Overstrain,11,7,4,0.6363636363636364
25,SMOTE,fpr1,Tool wear,7,0,7,0.0
25,SMOTE,fpr1,No mechanism recorded,2,0,2,0.0
25,SMOTE,fpr2,Heat dissipation,17,17,0,1.0
25,SMOTE,fpr2,Power,14,12,2,0.8571428571428571
25,SMOTE,fpr2,Overstrain,11,10,1,0.9090909090909091
25,SMOTE,fpr2,Tool wear,7,0,7,0.0
25,SMOTE,fpr2,No mechanism recorded,2,0,2,0.0
25,SMOTENC,t0.5,Heat dissipation,17,17,0,1.0
25,SMOTENC,t0.5,Power,14,12,2,0.8571428571428571
25,SMOTENC,t0.5,Overstrain,11,10,1,0.9090909090909091
25,SMOTENC,t0.5,Tool wear,7,0,7,0.0
25,SMOTENC,t0.5,No mechanism recorded,2,0,2,0.0
25,SMOTENC,F1opt,Heat dissipation,17,14,3,0.8235294117647058
25,SMOTENC,F1opt,Power,14,10,4,0.7142857142857143
25,SMOTENC,F1opt,Overstrain,11,5,6,0.45454545454545453
25,SMOTENC,F1opt,Tool wear,7,0,7,0.0
25,SMOTENC,F1opt,No mechanism recorded,2,0,2,0.0
25,SMOTENC,rec80,Heat dissipation,17,17,0,1.0
25,SMOTENC,rec80,Power,14,12,2,0.8571428571428571
25,SMOTENC,rec80,Overstrain,11,11,0,1.0
25,SMOTENC,rec80,Tool wear,7,0,7,0.0
25,SMOTENC,rec80,No mechanism recorded,2,0,2,0.0
25,SMOTENC,rec90,Heat dissipation,17,17,0,1.0
25,SMOTENC,rec90,Power,14,14,0,1.0
25,SMOTENC,rec90,Overstrain,11,11,0,1.0
25,SMOTENC,rec90,Tool wear,7,2,5,0.2857142857142857
25,SMOTENC,rec90,No mechanism recorded,2,0,2,0.0
25,SMOTENC,fpr1,Heat dissipation,17,16,1,0.9411764705882353
25,SMOTENC,fpr1,Power,14,11,3,0.7857142857142857
25,SMOTENC,fpr1,Overstrain,11,8,3,0.7272727272727273
25,SMOTENC,fpr1,Tool wear,7,0,7,0.0
25,SMOTENC,fpr1,No mechanism recorded,2,0,2,0.0
25,SMOTENC,fpr2,Heat dissipation,17,16,1,0.9411764705882353
25,SMOTENC,fpr2,Power,14,11,3,0.7857142857142857
25,SMOTENC,fpr2,Overstrain,11,9,2,0.8181818181818182
25,SMOTENC,fpr2,Tool wear,7,0,7,0.0
25,SMOTENC,fpr2,No mechanism recorded,2,0,2,0.0
25,Single WGAN-GP,t0.5,Heat dissipation,17,17,0,1.0
25,Single WGAN-GP,t0.5,Power,14,12,2,0.8571428571428571
25,Single WGAN-GP,t0.5,Overstrain,11,8,3,0.7272727272727273
25,Single WGAN-GP,t0.5,Tool wear,7,2,5,0.2857142857142857
25,Single WGAN-GP,t0.5,No mechanism recorded,2,0,2,0.0
25,Single WGAN-GP,F1opt,Heat dissipation,17,14,3,0.8235294117647058
25,Single WGAN-GP,F1opt,Power,14,10,4,0.7142857142857143
25,Single WGAN-GP,F1opt,Overstrain,11,3,8,0.2727272727272727
25,Single WGAN-GP,F1opt,Tool wear,7,2,5,0.2857142857142857
25,Single WGAN-GP,F1opt,No mechanism recorded,2,0,2,0.0
25,Single WGAN-GP,rec80,Heat dissipation,17,17,0,1.0
25,Single WGAN-GP,rec80,Power,14,12,2,0.8571428571428571
25,Single WGAN-GP,rec80,Overstrain,11,8,3,0.7272727272727273
25,Single WGAN-GP,rec80,Tool wear,7,2,5,0.2857142857142857
25,Single WGAN-GP,rec80,No mechanism recorded,2,0,2,0.0
25,Single WGAN-GP,rec90,Heat dissipation,17,17,0,1.0
25,Single WGAN-GP,rec90,Power,14,12,2,0.8571428571428571
25,Single WGAN-GP,rec90,Overstrain,11,11,0,1.0
25,Single WGAN-GP,rec90,Tool wear,7,7,0,1.0
25,Single WGAN-GP,rec90,No mechanism recorded,2,0,2,0.0
25,Single WGAN-GP,fpr1,Heat dissipation,17,14,3,0.8235294117647058
25,Single WGAN-GP,fpr1,Power,14,10,4,0.7142857142857143
25,Single WGAN-GP,fpr1,Overstrain,11,3,8,0.2727272727272727
25,Single WGAN-GP,fpr1,Tool wear,7,2,5,0.2857142857142857
25,Single WGAN-GP,fpr1,No mechanism recorded,2,0,2,0.0
25,Single WGAN-GP,fpr2,Heat dissipation,17,15,2,0.8823529411764706
25,Single WGAN-GP,fpr2,Power,14,12,2,0.8571428571428571
25,Single WGAN-GP,fpr2,Overstrain,11,5,6,0.45454545454545453
25,Single WGAN-GP,fpr2,Tool wear,7,2,5,0.2857142857142857
25,Single WGAN-GP,fpr2,No mechanism recorded,2,0,2,0.0
26,ADASYN,t0.5,Heat dissipation,17,17,0,1.0
26,ADASYN,t0.5,Power,14,13,1,0.9285714285714286
26,ADASYN,t0.5,Overstrain,11,10,1,0.9090909090909091
26,ADASYN,t0.5,Tool wear,7,3,4,0.42857142857142855
26,ADASYN,t0.5,No mechanism recorded,2,0,2,0.0
26,ADASYN,F1opt,Heat dissipation,17,15,2,0.8823529411764706
26,ADASYN,F1opt,Power,14,9,5,0.6428571428571429
26,ADASYN,F1opt,Overstrain,11,10,1,0.9090909090909091
26,ADASYN,F1opt,Tool wear,7,0,7,0.0
26,ADASYN,F1opt,No mechanism recorded,2,0,2,0.0
26,ADASYN,rec80,Heat dissipation,17,17,0,1.0
26,ADASYN,rec80,Power,14,13,1,0.9285714285714286
26,ADASYN,rec80,Overstrain,11,10,1,0.9090909090909091
26,ADASYN,rec80,Tool wear,7,0,7,0.0
26,ADASYN,rec80,No mechanism recorded,2,0,2,0.0
26,ADASYN,rec90,Heat dissipation,17,17,0,1.0
26,ADASYN,rec90,Power,14,13,1,0.9285714285714286
26,ADASYN,rec90,Overstrain,11,10,1,0.9090909090909091
26,ADASYN,rec90,Tool wear,7,4,3,0.5714285714285714
26,ADASYN,rec90,No mechanism recorded,2,1,1,0.5
26,ADASYN,fpr1,Heat dissipation,17,15,2,0.8823529411764706
26,ADASYN,fpr1,Power,14,10,4,0.7142857142857143
26,ADASYN,fpr1,Overstrain,11,10,1,0.9090909090909091
26,ADASYN,fpr1,Tool wear,7,0,7,0.0
26,ADASYN,fpr1,No mechanism recorded,2,0,2,0.0
26,ADASYN,fpr2,Heat dissipation,17,17,0,1.0
26,ADASYN,fpr2,Power,14,13,1,0.9285714285714286
26,ADASYN,fpr2,Overstrain,11,10,1,0.9090909090909091
26,ADASYN,fpr2,Tool wear,7,0,7,0.0
26,ADASYN,fpr2,No mechanism recorded,2,0,2,0.0
26,Baseline,t0.5,Heat dissipation,17,15,2,0.8823529411764706
26,Baseline,t0.5,Power,14,11,3,0.7857142857142857
26,Baseline,t0.5,Overstrain,11,6,5,0.5454545454545454
26,Baseline,t0.5,Tool wear,7,0,7,0.0
26,Baseline,t0.5,No mechanism recorded,2,0,2,0.0
26,Baseline,F1opt,Heat dissipation,17,16,1,0.9411764705882353
26,Baseline,F1opt,Power,14,13,1,0.9285714285714286
26,Baseline,F1opt,Overstrain,11,8,3,0.7272727272727273
26,Baseline,F1opt,Tool wear,7,2,5,0.2857142857142857
26,Baseline,F1opt,No mechanism recorded,2,0,2,0.0
26,Baseline,rec80,Heat dissipation,17,17,0,1.0
26,Baseline,rec80,Power,14,13,1,0.9285714285714286
26,Baseline,rec80,Overstrain,11,10,1,0.9090909090909091
26,Baseline,rec80,Tool wear,7,2,5,0.2857142857142857
26,Baseline,rec80,No mechanism recorded,2,0,2,0.0
26,Baseline,rec90,Heat dissipation,17,17,0,1.0
26,Baseline,rec90,Power,14,14,0,1.0
26,Baseline,rec90,Overstrain,11,11,0,1.0
26,Baseline,rec90,Tool wear,7,4,3,0.5714285714285714
26,Baseline,rec90,No mechanism recorded,2,1,1,0.5
26,Baseline,fpr1,Heat dissipation,17,17,0,1.0
26,Baseline,fpr1,Power,14,13,1,0.9285714285714286
26,Baseline,fpr1,Overstrain,11,8,3,0.7272727272727273
26,Baseline,fpr1,Tool wear,7,2,5,0.2857142857142857
26,Baseline,fpr1,No mechanism recorded,2,0,2,0.0
26,Baseline,fpr2,Heat dissipation,17,17,0,1.0
26,Baseline,fpr2,Power,14,13,1,0.9285714285714286
26,Baseline,fpr2,Overstrain,11,10,1,0.9090909090909091
26,Baseline,fpr2,Tool wear,7,2,5,0.2857142857142857
26,Baseline,fpr2,No mechanism recorded,2,0,2,0.0
26,Borderline-SMOTE,t0.5,Heat dissipation,17,16,1,0.9411764705882353
26,Borderline-SMOTE,t0.5,Power,14,13,1,0.9285714285714286
26,Borderline-SMOTE,t0.5,Overstrain,11,10,1,0.9090909090909091
26,Borderline-SMOTE,t0.5,Tool wear,7,1,6,0.14285714285714285
26,Borderline-SMOTE,t0.5,No mechanism recorded,2,0,2,0.0
26,Borderline-SMOTE,F1opt,Heat dissipation,17,16,1,0.9411764705882353
26,Borderline-SMOTE,F1opt,Power,14,11,3,0.7857142857142857
26,Borderline-SMOTE,F1opt,Overstrain,11,10,1,0.9090909090909091
26,Borderline-SMOTE,F1opt,Tool wear,7,1,6,0.14285714285714285
26,Borderline-SMOTE,F1opt,No mechanism recorded,2,0,2,0.0
26,Borderline-SMOTE,rec80,Heat dissipation,17,16,1,0.9411764705882353
26,Borderline-SMOTE,rec80,Power,14,13,1,0.9285714285714286
26,Borderline-SMOTE,rec80,Overstrain,11,10,1,0.9090909090909091
26,Borderline-SMOTE,rec80,Tool wear,7,1,6,0.14285714285714285
26,Borderline-SMOTE,rec80,No mechanism recorded,2,0,2,0.0
26,Borderline-SMOTE,rec90,Heat dissipation,17,17,0,1.0
26,Borderline-SMOTE,rec90,Power,14,13,1,0.9285714285714286
26,Borderline-SMOTE,rec90,Overstrain,11,11,0,1.0
26,Borderline-SMOTE,rec90,Tool wear,7,3,4,0.42857142857142855
26,Borderline-SMOTE,rec90,No mechanism recorded,2,0,2,0.0
26,Borderline-SMOTE,fpr1,Heat dissipation,17,16,1,0.9411764705882353
26,Borderline-SMOTE,fpr1,Power,14,11,3,0.7857142857142857
26,Borderline-SMOTE,fpr1,Overstrain,11,10,1,0.9090909090909091
26,Borderline-SMOTE,fpr1,Tool wear,7,1,6,0.14285714285714285
26,Borderline-SMOTE,fpr1,No mechanism recorded,2,0,2,0.0
26,Borderline-SMOTE,fpr2,Heat dissipation,17,16,1,0.9411764705882353
26,Borderline-SMOTE,fpr2,Power,14,13,1,0.9285714285714286
26,Borderline-SMOTE,fpr2,Overstrain,11,10,1,0.9090909090909091
26,Borderline-SMOTE,fpr2,Tool wear,7,1,6,0.14285714285714285
26,Borderline-SMOTE,fpr2,No mechanism recorded,2,0,2,0.0
26,Multi WGAN-GP,t0.5,Heat dissipation,17,17,0,1.0
26,Multi WGAN-GP,t0.5,Power,14,14,0,1.0
26,Multi WGAN-GP,t0.5,Overstrain,11,11,0,1.0
26,Multi WGAN-GP,t0.5,Tool wear,7,3,4,0.42857142857142855
26,Multi WGAN-GP,t0.5,No mechanism recorded,2,1,1,0.5
26,Multi WGAN-GP,F1opt,Heat dissipation,17,17,0,1.0
26,Multi WGAN-GP,F1opt,Power,14,11,3,0.7857142857142857
26,Multi WGAN-GP,F1opt,Overstrain,11,10,1,0.9090909090909091
26,Multi WGAN-GP,F1opt,Tool wear,7,1,6,0.14285714285714285
26,Multi WGAN-GP,F1opt,No mechanism recorded,2,0,2,0.0
26,Multi WGAN-GP,rec80,Heat dissipation,17,17,0,1.0
26,Multi WGAN-GP,rec80,Power,14,13,1,0.9285714285714286
26,Multi WGAN-GP,rec80,Overstrain,11,10,1,0.9090909090909091
26,Multi WGAN-GP,rec80,Tool wear,7,2,5,0.2857142857142857
26,Multi WGAN-GP,rec80,No mechanism recorded,2,0,2,0.0
26,Multi WGAN-GP,rec90,Heat dissipation,17,17,0,1.0
26,Multi WGAN-GP,rec90,Power,14,14,0,1.0
26,Multi WGAN-GP,rec90,Overstrain,11,11,0,1.0
26,Multi WGAN-GP,rec90,Tool wear,7,2,5,0.2857142857142857
26,Multi WGAN-GP,rec90,No mechanism recorded,2,0,2,0.0
26,Multi WGAN-GP,fpr1,Heat dissipation,17,17,0,1.0
26,Multi WGAN-GP,fpr1,Power,14,11,3,0.7857142857142857
26,Multi WGAN-GP,fpr1,Overstrain,11,10,1,0.9090909090909091
26,Multi WGAN-GP,fpr1,Tool wear,7,1,6,0.14285714285714285
26,Multi WGAN-GP,fpr1,No mechanism recorded,2,0,2,0.0
26,Multi WGAN-GP,fpr2,Heat dissipation,17,17,0,1.0
26,Multi WGAN-GP,fpr2,Power,14,13,1,0.9285714285714286
26,Multi WGAN-GP,fpr2,Overstrain,11,10,1,0.9090909090909091
26,Multi WGAN-GP,fpr2,Tool wear,7,2,5,0.2857142857142857
26,Multi WGAN-GP,fpr2,No mechanism recorded,2,0,2,0.0
26,RUS,t0.5,Heat dissipation,17,17,0,1.0
26,RUS,t0.5,Power,14,13,1,0.9285714285714286
26,RUS,t0.5,Overstrain,11,11,0,1.0
26,RUS,t0.5,Tool wear,7,5,2,0.7142857142857143
26,RUS,t0.5,No mechanism recorded,2,1,1,0.5
26,RUS,F1opt,Heat dissipation,17,16,1,0.9411764705882353
26,RUS,F1opt,Power,14,8,6,0.5714285714285714
26,RUS,F1opt,Overstrain,11,10,1,0.9090909090909091
26,RUS,F1opt,Tool wear,7,2,5,0.2857142857142857
26,RUS,F1opt,No mechanism recorded,2,0,2,0.0
26,RUS,rec80,Heat dissipation,17,17,0,1.0
26,RUS,rec80,Power,14,11,3,0.7857142857142857
26,RUS,rec80,Overstrain,11,10,1,0.9090909090909091
26,RUS,rec80,Tool wear,7,2,5,0.2857142857142857
26,RUS,rec80,No mechanism recorded,2,0,2,0.0
26,RUS,rec90,Heat dissipation,17,17,0,1.0
26,RUS,rec90,Power,14,13,1,0.9285714285714286
26,RUS,rec90,Overstrain,11,11,0,1.0
26,RUS,rec90,Tool wear,7,5,2,0.7142857142857143
26,RUS,rec90,No mechanism recorded,2,1,1,0.5
26,RUS,fpr1,Heat dissipation,17,16,1,0.9411764705882353
26,RUS,fpr1,Power,14,8,6,0.5714285714285714
26,RUS,fpr1,Overstrain,11,10,1,0.9090909090909091
26,RUS,fpr1,Tool wear,7,2,5,0.2857142857142857
26,RUS,fpr1,No mechanism recorded,2,0,2,0.0
26,RUS,fpr2,Heat dissipation,17,17,0,1.0
26,RUS,fpr2,Power,14,11,3,0.7857142857142857
26,RUS,fpr2,Overstrain,11,10,1,0.9090909090909091
26,RUS,fpr2,Tool wear,7,2,5,0.2857142857142857
26,RUS,fpr2,No mechanism recorded,2,0,2,0.0
26,SMOTE,t0.5,Heat dissipation,17,16,1,0.9411764705882353
26,SMOTE,t0.5,Power,14,13,1,0.9285714285714286
26,SMOTE,t0.5,Overstrain,11,10,1,0.9090909090909091
26,SMOTE,t0.5,Tool wear,7,2,5,0.2857142857142857
26,SMOTE,t0.5,No mechanism recorded,2,0,2,0.0
26,SMOTE,F1opt,Heat dissipation,17,15,2,0.8823529411764706
26,SMOTE,F1opt,Power,14,9,5,0.6428571428571429
26,SMOTE,F1opt,Overstrain,11,8,3,0.7272727272727273
26,SMOTE,F1opt,Tool wear,7,0,7,0.0
26,SMOTE,F1opt,No mechanism recorded,2,0,2,0.0
26,SMOTE,rec80,Heat dissipation,17,16,1,0.9411764705882353
26,SMOTE,rec80,Power,14,13,1,0.9285714285714286
26,SMOTE,rec80,Overstrain,11,10,1,0.9090909090909091
26,SMOTE,rec80,Tool wear,7,2,5,0.2857142857142857
26,SMOTE,rec80,No mechanism recorded,2,0,2,0.0
26,SMOTE,rec90,Heat dissipation,17,17,0,1.0
26,SMOTE,rec90,Power,14,14,0,1.0
26,SMOTE,rec90,Overstrain,11,10,1,0.9090909090909091
26,SMOTE,rec90,Tool wear,7,5,2,0.7142857142857143
26,SMOTE,rec90,No mechanism recorded,2,1,1,0.5
26,SMOTE,fpr1,Heat dissipation,17,15,2,0.8823529411764706
26,SMOTE,fpr1,Power,14,11,3,0.7857142857142857
26,SMOTE,fpr1,Overstrain,11,10,1,0.9090909090909091
26,SMOTE,fpr1,Tool wear,7,0,7,0.0
26,SMOTE,fpr1,No mechanism recorded,2,0,2,0.0
26,SMOTE,fpr2,Heat dissipation,17,16,1,0.9411764705882353
26,SMOTE,fpr2,Power,14,13,1,0.9285714285714286
26,SMOTE,fpr2,Overstrain,11,10,1,0.9090909090909091
26,SMOTE,fpr2,Tool wear,7,0,7,0.0
26,SMOTE,fpr2,No mechanism recorded,2,0,2,0.0
26,SMOTENC,t0.5,Heat dissipation,17,16,1,0.9411764705882353
26,SMOTENC,t0.5,Power,14,13,1,0.9285714285714286
26,SMOTENC,t0.5,Overstrain,11,10,1,0.9090909090909091
26,SMOTENC,t0.5,Tool wear,7,0,7,0.0
26,SMOTENC,t0.5,No mechanism recorded,2,0,2,0.0
26,SMOTENC,F1opt,Heat dissipation,17,15,2,0.8823529411764706
26,SMOTENC,F1opt,Power,14,8,6,0.5714285714285714
26,SMOTENC,F1opt,Overstrain,11,9,2,0.8181818181818182
26,SMOTENC,F1opt,Tool wear,7,0,7,0.0
26,SMOTENC,F1opt,No mechanism recorded,2,0,2,0.0
26,SMOTENC,rec80,Heat dissipation,17,16,1,0.9411764705882353
26,SMOTENC,rec80,Power,14,13,1,0.9285714285714286
26,SMOTENC,rec80,Overstrain,11,10,1,0.9090909090909091
26,SMOTENC,rec80,Tool wear,7,2,5,0.2857142857142857
26,SMOTENC,rec80,No mechanism recorded,2,0,2,0.0
26,SMOTENC,rec90,Heat dissipation,17,17,0,1.0
26,SMOTENC,rec90,Power,14,13,1,0.9285714285714286
26,SMOTENC,rec90,Overstrain,11,11,0,1.0
26,SMOTENC,rec90,Tool wear,7,4,3,0.5714285714285714
26,SMOTENC,rec90,No mechanism recorded,2,0,2,0.0
26,SMOTENC,fpr1,Heat dissipation,17,15,2,0.8823529411764706
26,SMOTENC,fpr1,Power,14,11,3,0.7857142857142857
26,SMOTENC,fpr1,Overstrain,11,10,1,0.9090909090909091
26,SMOTENC,fpr1,Tool wear,7,0,7,0.0
26,SMOTENC,fpr1,No mechanism recorded,2,0,2,0.0
26,SMOTENC,fpr2,Heat dissipation,17,16,1,0.9411764705882353
26,SMOTENC,fpr2,Power,14,13,1,0.9285714285714286
26,SMOTENC,fpr2,Overstrain,11,10,1,0.9090909090909091
26,SMOTENC,fpr2,Tool wear,7,0,7,0.0
26,SMOTENC,fpr2,No mechanism recorded,2,0,2,0.0
26,Single WGAN-GP,t0.5,Heat dissipation,17,17,0,1.0
26,Single WGAN-GP,t0.5,Power,14,14,0,1.0
26,Single WGAN-GP,t0.5,Overstrain,11,11,0,1.0
26,Single WGAN-GP,t0.5,Tool wear,7,2,5,0.2857142857142857
26,Single WGAN-GP,t0.5,No mechanism recorded,2,0,2,0.0
26,Single WGAN-GP,F1opt,Heat dissipation,17,16,1,0.9411764705882353
26,Single WGAN-GP,F1opt,Power,14,13,1,0.9285714285714286
26,Single WGAN-GP,F1opt,Overstrain,11,7,4,0.6363636363636364
26,Single WGAN-GP,F1opt,Tool wear,7,2,5,0.2857142857142857
26,Single WGAN-GP,F1opt,No mechanism recorded,2,0,2,0.0
26,Single WGAN-GP,rec80,Heat dissipation,17,17,0,1.0
26,Single WGAN-GP,rec80,Power,14,13,1,0.9285714285714286
26,Single WGAN-GP,rec80,Overstrain,11,10,1,0.9090909090909091
26,Single WGAN-GP,rec80,Tool wear,7,2,5,0.2857142857142857
26,Single WGAN-GP,rec80,No mechanism recorded,2,0,2,0.0
26,Single WGAN-GP,rec90,Heat dissipation,17,17,0,1.0
26,Single WGAN-GP,rec90,Power,14,14,0,1.0
26,Single WGAN-GP,rec90,Overstrain,11,11,0,1.0
26,Single WGAN-GP,rec90,Tool wear,7,2,5,0.2857142857142857
26,Single WGAN-GP,rec90,No mechanism recorded,2,0,2,0.0
26,Single WGAN-GP,fpr1,Heat dissipation,17,17,0,1.0
26,Single WGAN-GP,fpr1,Power,14,13,1,0.9285714285714286
26,Single WGAN-GP,fpr1,Overstrain,11,7,4,0.6363636363636364
26,Single WGAN-GP,fpr1,Tool wear,7,2,5,0.2857142857142857
26,Single WGAN-GP,fpr1,No mechanism recorded,2,0,2,0.0
26,Single WGAN-GP,fpr2,Heat dissipation,17,17,0,1.0
26,Single WGAN-GP,fpr2,Power,14,13,1,0.9285714285714286
26,Single WGAN-GP,fpr2,Overstrain,11,10,1,0.9090909090909091
26,Single WGAN-GP,fpr2,Tool wear,7,2,5,0.2857142857142857
26,Single WGAN-GP,fpr2,No mechanism recorded,2,0,2,0.0
27,ADASYN,t0.5,Heat dissipation,17,16,1,0.9411764705882353
27,ADASYN,t0.5,Power,14,9,5,0.6428571428571429
27,ADASYN,t0.5,Overstrain,12,7,5,0.5833333333333334
27,ADASYN,t0.5,Tool wear,7,1,6,0.14285714285714285
27,ADASYN,t0.5,No mechanism recorded,1,0,1,0.0
27,ADASYN,F1opt,Heat dissipation,17,14,3,0.8235294117647058
27,ADASYN,F1opt,Power,14,4,10,0.2857142857142857
27,ADASYN,F1opt,Overstrain,12,6,6,0.5
27,ADASYN,F1opt,Tool wear,7,0,7,0.0
27,ADASYN,F1opt,No mechanism recorded,1,0,1,0.0
27,ADASYN,rec80,Heat dissipation,17,17,0,1.0
27,ADASYN,rec80,Power,14,11,3,0.7857142857142857
27,ADASYN,rec80,Overstrain,12,8,4,0.6666666666666666
27,ADASYN,rec80,Tool wear,7,1,6,0.14285714285714285
27,ADASYN,rec80,No mechanism recorded,1,1,0,1.0
27,ADASYN,rec90,Heat dissipation,17,17,0,1.0
27,ADASYN,rec90,Power,14,13,1,0.9285714285714286
27,ADASYN,rec90,Overstrain,12,12,0,1.0
27,ADASYN,rec90,Tool wear,7,3,4,0.42857142857142855
27,ADASYN,rec90,No mechanism recorded,1,1,0,1.0
27,ADASYN,fpr1,Heat dissipation,17,15,2,0.8823529411764706
27,ADASYN,fpr1,Power,14,7,7,0.5
27,ADASYN,fpr1,Overstrain,12,7,5,0.5833333333333334
27,ADASYN,fpr1,Tool wear,7,0,7,0.0
27,ADASYN,fpr1,No mechanism recorded,1,0,1,0.0
27,ADASYN,fpr2,Heat dissipation,17,15,2,0.8823529411764706
27,ADASYN,fpr2,Power,14,7,7,0.5
27,ADASYN,fpr2,Overstrain,12,7,5,0.5833333333333334
27,ADASYN,fpr2,Tool wear,7,1,6,0.14285714285714285
27,ADASYN,fpr2,No mechanism recorded,1,0,1,0.0
27,Baseline,t0.5,Heat dissipation,17,17,0,1.0
27,Baseline,t0.5,Power,14,8,6,0.5714285714285714
27,Baseline,t0.5,Overstrain,12,9,3,0.75
27,Baseline,t0.5,Tool wear,7,1,6,0.14285714285714285
27,Baseline,t0.5,No mechanism recorded,1,0,1,0.0
27,Baseline,F1opt,Heat dissipation,17,16,1,0.9411764705882353
27,Baseline,F1opt,Power,14,7,7,0.5
27,Baseline,F1opt,Overstrain,12,9,3,0.75
27,Baseline,F1opt,Tool wear,7,0,7,0.0
27,Baseline,F1opt,No mechanism recorded,1,0,1,0.0
27,Baseline,rec80,Heat dissipation,17,17,0,1.0
27,Baseline,rec80,Power,14,12,2,0.8571428571428571
27,Baseline,rec80,Overstrain,12,11,1,0.9166666666666666
27,Baseline,rec80,Tool wear,7,2,5,0.2857142857142857
27,Baseline,rec80,No mechanism recorded,1,1,0,1.0
27,Baseline,rec90,Heat dissipation,17,17,0,1.0
27,Baseline,rec90,Power,14,12,2,0.8571428571428571
27,Baseline,rec90,Overstrain,12,12,0,1.0
27,Baseline,rec90,Tool wear,7,3,4,0.42857142857142855
27,Baseline,rec90,No mechanism recorded,1,1,0,1.0
27,Baseline,fpr1,Heat dissipation,17,17,0,1.0
27,Baseline,fpr1,Power,14,9,5,0.6428571428571429
27,Baseline,fpr1,Overstrain,12,9,3,0.75
27,Baseline,fpr1,Tool wear,7,1,6,0.14285714285714285
27,Baseline,fpr1,No mechanism recorded,1,0,1,0.0
27,Baseline,fpr2,Heat dissipation,17,17,0,1.0
27,Baseline,fpr2,Power,14,12,2,0.8571428571428571
27,Baseline,fpr2,Overstrain,12,11,1,0.9166666666666666
27,Baseline,fpr2,Tool wear,7,2,5,0.2857142857142857
27,Baseline,fpr2,No mechanism recorded,1,1,0,1.0
27,Borderline-SMOTE,t0.5,Heat dissipation,17,15,2,0.8823529411764706
27,Borderline-SMOTE,t0.5,Power,14,9,5,0.6428571428571429
27,Borderline-SMOTE,t0.5,Overstrain,12,7,5,0.5833333333333334
27,Borderline-SMOTE,t0.5,Tool wear,7,1,6,0.14285714285714285
27,Borderline-SMOTE,t0.5,No mechanism recorded,1,0,1,0.0
27,Borderline-SMOTE,F1opt,Heat dissipation,17,15,2,0.8823529411764706
27,Borderline-SMOTE,F1opt,Power,14,8,6,0.5714285714285714
27,Borderline-SMOTE,F1opt,Overstrain,12,6,6,0.5
27,Borderline-SMOTE,F1opt,Tool wear,7,1,6,0.14285714285714285
27,Borderline-SMOTE,F1opt,No mechanism recorded,1,0,1,0.0
27,Borderline-SMOTE,rec80,Heat dissipation,17,17,0,1.0
27,Borderline-SMOTE,rec80,Power,14,12,2,0.8571428571428571
27,Borderline-SMOTE,rec80,Overstrain,12,8,4,0.6666666666666666
27,Borderline-SMOTE,rec80,Tool wear,7,1,6,0.14285714285714285
27,Borderline-SMOTE,rec80,No mechanism recorded,1,0,1,0.0
27,Borderline-SMOTE,rec90,Heat dissipation,17,17,0,1.0
27,Borderline-SMOTE,rec90,Power,14,14,0,1.0
27,Borderline-SMOTE,rec90,Overstrain,12,12,0,1.0
27,Borderline-SMOTE,rec90,Tool wear,7,4,3,0.5714285714285714
27,Borderline-SMOTE,rec90,No mechanism recorded,1,1,0,1.0
27,Borderline-SMOTE,fpr1,Heat dissipation,17,17,0,1.0
27,Borderline-SMOTE,fpr1,Power,14,10,4,0.7142857142857143
27,Borderline-SMOTE,fpr1,Overstrain,12,7,5,0.5833333333333334
27,Borderline-SMOTE,fpr1,Tool wear,7,1,6,0.14285714285714285
27,Borderline-SMOTE,fpr1,No mechanism recorded,1,0,1,0.0
27,Borderline-SMOTE,fpr2,Heat dissipation,17,17,0,1.0
27,Borderline-SMOTE,fpr2,Power,14,12,2,0.8571428571428571
27,Borderline-SMOTE,fpr2,Overstrain,12,8,4,0.6666666666666666
27,Borderline-SMOTE,fpr2,Tool wear,7,1,6,0.14285714285714285
27,Borderline-SMOTE,fpr2,No mechanism recorded,1,0,1,0.0
27,Multi WGAN-GP,t0.5,Heat dissipation,17,17,0,1.0
27,Multi WGAN-GP,t0.5,Power,14,14,0,1.0
27,Multi WGAN-GP,t0.5,Overstrain,12,12,0,1.0
27,Multi WGAN-GP,t0.5,Tool wear,7,3,4,0.42857142857142855
27,Multi WGAN-GP,t0.5,No mechanism recorded,1,0,1,0.0
27,Multi WGAN-GP,F1opt,Heat dissipation,17,15,2,0.8823529411764706
27,Multi WGAN-GP,F1opt,Power,14,13,1,0.9285714285714286
27,Multi WGAN-GP,F1opt,Overstrain,12,11,1,0.9166666666666666
27,Multi WGAN-GP,F1opt,Tool wear,7,1,6,0.14285714285714285
27,Multi WGAN-GP,F1opt,No mechanism recorded,1,0,1,0.0
27,Multi WGAN-GP,rec80,Heat dissipation,17,17,0,1.0
27,Multi WGAN-GP,rec80,Power,14,13,1,0.9285714285714286
27,Multi WGAN-GP,rec80,Overstrain,12,12,0,1.0
27,Multi WGAN-GP,rec80,Tool wear,7,2,5,0.2857142857142857
27,Multi WGAN-GP,rec80,No mechanism recorded,1,0,1,0.0
27,Multi WGAN-GP,rec90,Heat dissipation,17,17,0,1.0
27,Multi WGAN-GP,rec90,Power,14,14,0,1.0
27,Multi WGAN-GP,rec90,Overstrain,12,12,0,1.0
27,Multi WGAN-GP,rec90,Tool wear,7,3,4,0.42857142857142855
27,Multi WGAN-GP,rec90,No mechanism recorded,1,1,0,1.0
27,Multi WGAN-GP,fpr1,Heat dissipation,17,14,3,0.8235294117647058
27,Multi WGAN-GP,fpr1,Power,14,6,8,0.42857142857142855
27,Multi WGAN-GP,fpr1,Overstrain,12,7,5,0.5833333333333334
27,Multi WGAN-GP,fpr1,Tool wear,7,0,7,0.0
27,Multi WGAN-GP,fpr1,No mechanism recorded,1,0,1,0.0
27,Multi WGAN-GP,fpr2,Heat dissipation,17,17,0,1.0
27,Multi WGAN-GP,fpr2,Power,14,13,1,0.9285714285714286
27,Multi WGAN-GP,fpr2,Overstrain,12,12,0,1.0
27,Multi WGAN-GP,fpr2,Tool wear,7,2,5,0.2857142857142857
27,Multi WGAN-GP,fpr2,No mechanism recorded,1,0,1,0.0
27,RUS,t0.5,Heat dissipation,17,17,0,1.0
27,RUS,t0.5,Power,14,14,0,1.0
27,RUS,t0.5,Overstrain,12,12,0,1.0
27,RUS,t0.5,Tool wear,7,3,4,0.42857142857142855
27,RUS,t0.5,No mechanism recorded,1,1,0,1.0
27,RUS,F1opt,Heat dissipation,17,17,0,1.0
27,RUS,F1opt,Power,14,6,8,0.42857142857142855
27,RUS,F1opt,Overstrain,12,7,5,0.5833333333333334
27,RUS,F1opt,Tool wear,7,0,7,0.0
27,RUS,F1opt,No mechanism recorded,1,0,1,0.0
27,RUS,rec80,Heat dissipation,17,17,0,1.0
27,RUS,rec80,Power,14,12,2,0.8571428571428571
27,RUS,rec80,Overstrain,12,11,1,0.9166666666666666
27,RUS,rec80,Tool wear,7,2,5,0.2857142857142857
27,RUS,rec80,No mechanism recorded,1,1,0,1.0
27,RUS,rec90,Heat dissipation,17,17,0,1.0
27,RUS,rec90,Power,14,14,0,1.0
27,RUS,rec90,Overstrain,12,12,0,1.0
27,RUS,rec90,Tool wear,7,4,3,0.5714285714285714
27,RUS,rec90,No mechanism recorded,1,1,0,1.0
27,RUS,fpr1,Heat dissipation,17,17,0,1.0
27,RUS,fpr1,Power,14,6,8,0.42857142857142855
27,RUS,fpr1,Overstrain,12,10,2,0.8333333333333334
27,RUS,fpr1,Tool wear,7,1,6,0.14285714285714285
27,RUS,fpr1,No mechanism recorded,1,1,0,1.0
27,RUS,fpr2,Heat dissipation,17,17,0,1.0
27,RUS,fpr2,Power,14,7,7,0.5
27,RUS,fpr2,Overstrain,12,10,2,0.8333333333333334
27,RUS,fpr2,Tool wear,7,1,6,0.14285714285714285
27,RUS,fpr2,No mechanism recorded,1,1,0,1.0
27,SMOTE,t0.5,Heat dissipation,17,16,1,0.9411764705882353
27,SMOTE,t0.5,Power,14,9,5,0.6428571428571429
27,SMOTE,t0.5,Overstrain,12,9,3,0.75
27,SMOTE,t0.5,Tool wear,7,1,6,0.14285714285714285
27,SMOTE,t0.5,No mechanism recorded,1,0,1,0.0
27,SMOTE,F1opt,Heat dissipation,17,15,2,0.8823529411764706
27,SMOTE,F1opt,Power,14,7,7,0.5
27,SMOTE,F1opt,Overstrain,12,8,4,0.6666666666666666
27,SMOTE,F1opt,Tool wear,7,0,7,0.0
27,SMOTE,F1opt,No mechanism recorded,1,0,1,0.0
27,SMOTE,rec80,Heat dissipation,17,17,0,1.0
27,SMOTE,rec80,Power,14,10,4,0.7142857142857143
27,SMOTE,rec80,Overstrain,12,9,3,0.75
27,SMOTE,rec80,Tool wear,7,1,6,0.14285714285714285
27,SMOTE,rec80,No mechanism recorded,1,1,0,1.0
27,SMOTE,rec90,Heat dissipation,17,17,0,1.0
27,SMOTE,rec90,Power,14,13,1,0.9285714285714286
27,SMOTE,rec90,Overstrain,12,12,0,1.0
27,SMOTE,rec90,Tool wear,7,2,5,0.2857142857142857
27,SMOTE,rec90,No mechanism recorded,1,1,0,1.0
27,SMOTE,fpr1,Heat dissipation,17,15,2,0.8823529411764706
27,SMOTE,fpr1,Power,14,7,7,0.5
27,SMOTE,fpr1,Overstrain,12,8,4,0.6666666666666666
27,SMOTE,fpr1,Tool wear,7,0,7,0.0
27,SMOTE,fpr1,No mechanism recorded,1,0,1,0.0
27,SMOTE,fpr2,Heat dissipation,17,15,2,0.8823529411764706
27,SMOTE,fpr2,Power,14,8,6,0.5714285714285714
27,SMOTE,fpr2,Overstrain,12,9,3,0.75
27,SMOTE,fpr2,Tool wear,7,1,6,0.14285714285714285
27,SMOTE,fpr2,No mechanism recorded,1,0,1,0.0
27,SMOTENC,t0.5,Heat dissipation,17,15,2,0.8823529411764706
27,SMOTENC,t0.5,Power,14,10,4,0.7142857142857143
27,SMOTENC,t0.5,Overstrain,12,8,4,0.6666666666666666
27,SMOTENC,t0.5,Tool wear,7,0,7,0.0
27,SMOTENC,t0.5,No mechanism recorded,1,0,1,0.0
27,SMOTENC,F1opt,Heat dissipation,17,15,2,0.8823529411764706
27,SMOTENC,F1opt,Power,14,5,9,0.35714285714285715
27,SMOTENC,F1opt,Overstrain,12,7,5,0.5833333333333334
27,SMOTENC,F1opt,Tool wear,7,0,7,0.0
27,SMOTENC,F1opt,No mechanism recorded,1,0,1,0.0
27,SMOTENC,rec80,Heat dissipation,17,16,1,0.9411764705882353
27,SMOTENC,rec80,Power,14,11,3,0.7857142857142857
27,SMOTENC,rec80,Overstrain,12,9,3,0.75
27,SMOTENC,rec80,Tool wear,7,1,6,0.14285714285714285
27,SMOTENC,rec80,No mechanism recorded,1,1,0,1.0
27,SMOTENC,rec90,Heat dissipation,17,17,0,1.0
27,SMOTENC,rec90,Power,14,14,0,1.0
27,SMOTENC,rec90,Overstrain,12,12,0,1.0
27,SMOTENC,rec90,Tool wear,7,5,2,0.7142857142857143
27,SMOTENC,rec90,No mechanism recorded,1,1,0,1.0
27,SMOTENC,fpr1,Heat dissipation,17,15,2,0.8823529411764706
27,SMOTENC,fpr1,Power,14,5,9,0.35714285714285715
27,SMOTENC,fpr1,Overstrain,12,7,5,0.5833333333333334
27,SMOTENC,fpr1,Tool wear,7,0,7,0.0
27,SMOTENC,fpr1,No mechanism recorded,1,0,1,0.0
27,SMOTENC,fpr2,Heat dissipation,17,15,2,0.8823529411764706
27,SMOTENC,fpr2,Power,14,11,3,0.7857142857142857
27,SMOTENC,fpr2,Overstrain,12,9,3,0.75
27,SMOTENC,fpr2,Tool wear,7,0,7,0.0
27,SMOTENC,fpr2,No mechanism recorded,1,0,1,0.0
27,Single WGAN-GP,t0.5,Heat dissipation,17,14,3,0.8235294117647058
27,Single WGAN-GP,t0.5,Power,14,12,2,0.8571428571428571
27,Single WGAN-GP,t0.5,Overstrain,12,11,1,0.9166666666666666
27,Single WGAN-GP,t0.5,Tool wear,7,2,5,0.2857142857142857
27,Single WGAN-GP,t0.5,No mechanism recorded,1,0,1,0.0
27,Single WGAN-GP,F1opt,Heat dissipation,17,14,3,0.8235294117647058
27,Single WGAN-GP,F1opt,Power,14,7,7,0.5
27,Single WGAN-GP,F1opt,Overstrain,12,7,5,0.5833333333333334
27,Single WGAN-GP,F1opt,Tool wear,7,0,7,0.0
27,Single WGAN-GP,F1opt,No mechanism recorded,1,0,1,0.0
27,Single WGAN-GP,rec80,Heat dissipation,17,14,3,0.8235294117647058
27,Single WGAN-GP,rec80,Power,14,11,3,0.7857142857142857
27,Single WGAN-GP,rec80,Overstrain,12,10,2,0.8333333333333334
27,Single WGAN-GP,rec80,Tool wear,7,1,6,0.14285714285714285
27,Single WGAN-GP,rec80,No mechanism recorded,1,0,1,0.0
27,Single WGAN-GP,rec90,Heat dissipation,17,17,0,1.0
27,Single WGAN-GP,rec90,Power,14,14,0,1.0
27,Single WGAN-GP,rec90,Overstrain,12,12,0,1.0
27,Single WGAN-GP,rec90,Tool wear,7,3,4,0.42857142857142855
27,Single WGAN-GP,rec90,No mechanism recorded,1,0,1,0.0
27,Single WGAN-GP,fpr1,Heat dissipation,17,14,3,0.8235294117647058
27,Single WGAN-GP,fpr1,Power,14,7,7,0.5
27,Single WGAN-GP,fpr1,Overstrain,12,7,5,0.5833333333333334
27,Single WGAN-GP,fpr1,Tool wear,7,0,7,0.0
27,Single WGAN-GP,fpr1,No mechanism recorded,1,0,1,0.0
27,Single WGAN-GP,fpr2,Heat dissipation,17,14,3,0.8235294117647058
27,Single WGAN-GP,fpr2,Power,14,11,3,0.7857142857142857
27,Single WGAN-GP,fpr2,Overstrain,12,10,2,0.8333333333333334
27,Single WGAN-GP,fpr2,Tool wear,7,1,6,0.14285714285714285
27,Single WGAN-GP,fpr2,No mechanism recorded,1,0,1,0.0
28,ADASYN,t0.5,Heat dissipation,17,17,0,1.0
28,ADASYN,t0.5,Power,14,7,7,0.5
28,ADASYN,t0.5,Overstrain,12,12,0,1.0
28,ADASYN,t0.5,Tool wear,7,4,3,0.5714285714285714
28,ADASYN,t0.5,No mechanism recorded,1,1,0,1.0
28,ADASYN,F1opt,Heat dissipation,17,17,0,1.0
28,ADASYN,F1opt,Power,14,4,10,0.2857142857142857
28,ADASYN,F1opt,Overstrain,12,9,3,0.75
28,ADASYN,F1opt,Tool wear,7,1,6,0.14285714285714285
28,ADASYN,F1opt,No mechanism recorded,1,0,1,0.0
28,ADASYN,rec80,Heat dissipation,17,17,0,1.0
28,ADASYN,rec80,Power,14,7,7,0.5
28,ADASYN,rec80,Overstrain,12,11,1,0.9166666666666666
28,ADASYN,rec80,Tool wear,7,3,4,0.42857142857142855
28,ADASYN,rec80,No mechanism recorded,1,1,0,1.0
28,ADASYN,rec90,Heat dissipation,17,17,0,1.0
28,ADASYN,rec90,Power,14,12,2,0.8571428571428571
28,ADASYN,rec90,Overstrain,12,12,0,1.0
28,ADASYN,rec90,Tool wear,7,6,1,0.8571428571428571
28,ADASYN,rec90,No mechanism recorded,1,1,0,1.0
28,ADASYN,fpr1,Heat dissipation,17,17,0,1.0
28,ADASYN,fpr1,Power,14,5,9,0.35714285714285715
28,ADASYN,fpr1,Overstrain,12,10,2,0.8333333333333334
28,ADASYN,fpr1,Tool wear,7,1,6,0.14285714285714285
28,ADASYN,fpr1,No mechanism recorded,1,0,1,0.0
28,ADASYN,fpr2,Heat dissipation,17,17,0,1.0
28,ADASYN,fpr2,Power,14,7,7,0.5
28,ADASYN,fpr2,Overstrain,12,11,1,0.9166666666666666
28,ADASYN,fpr2,Tool wear,7,3,4,0.42857142857142855
28,ADASYN,fpr2,No mechanism recorded,1,1,0,1.0
28,Baseline,t0.5,Heat dissipation,17,16,1,0.9411764705882353
28,Baseline,t0.5,Power,14,6,8,0.42857142857142855
28,Baseline,t0.5,Overstrain,12,11,1,0.9166666666666666
28,Baseline,t0.5,Tool wear,7,2,5,0.2857142857142857
28,Baseline,t0.5,No mechanism recorded,1,0,1,0.0
28,Baseline,F1opt,Heat dissipation,17,16,1,0.9411764705882353
28,Baseline,F1opt,Power,14,6,8,0.42857142857142855
28,Baseline,F1opt,Overstrain,12,11,1,0.9166666666666666
28,Baseline,F1opt,Tool wear,7,2,5,0.2857142857142857
28,Baseline,F1opt,No mechanism recorded,1,0,1,0.0
28,Baseline,rec80,Heat dissipation,17,16,1,0.9411764705882353
28,Baseline,rec80,Power,14,7,7,0.5
28,Baseline,rec80,Overstrain,12,12,0,1.0
28,Baseline,rec80,Tool wear,7,3,4,0.42857142857142855
28,Baseline,rec80,No mechanism recorded,1,0,1,0.0
28,Baseline,rec90,Heat dissipation,17,17,0,1.0
28,Baseline,rec90,Power,14,14,0,1.0
28,Baseline,rec90,Overstrain,12,12,0,1.0
28,Baseline,rec90,Tool wear,7,6,1,0.8571428571428571
28,Baseline,rec90,No mechanism recorded,1,1,0,1.0
28,Baseline,fpr1,Heat dissipation,17,16,1,0.9411764705882353
28,Baseline,fpr1,Power,14,7,7,0.5
28,Baseline,fpr1,Overstrain,12,12,0,1.0
28,Baseline,fpr1,Tool wear,7,3,4,0.42857142857142855
28,Baseline,fpr1,No mechanism recorded,1,0,1,0.0
28,Baseline,fpr2,Heat dissipation,17,17,0,1.0
28,Baseline,fpr2,Power,14,8,6,0.5714285714285714
28,Baseline,fpr2,Overstrain,12,12,0,1.0
28,Baseline,fpr2,Tool wear,7,3,4,0.42857142857142855
28,Baseline,fpr2,No mechanism recorded,1,0,1,0.0
28,Borderline-SMOTE,t0.5,Heat dissipation,17,17,0,1.0
28,Borderline-SMOTE,t0.5,Power,14,6,8,0.42857142857142855
28,Borderline-SMOTE,t0.5,Overstrain,12,12,0,1.0
28,Borderline-SMOTE,t0.5,Tool wear,7,3,4,0.42857142857142855
28,Borderline-SMOTE,t0.5,No mechanism recorded,1,0,1,0.0
28,Borderline-SMOTE,F1opt,Heat dissipation,17,17,0,1.0
28,Borderline-SMOTE,F1opt,Power,14,6,8,0.42857142857142855
28,Borderline-SMOTE,F1opt,Overstrain,12,12,0,1.0
28,Borderline-SMOTE,F1opt,Tool wear,7,1,6,0.14285714285714285
28,Borderline-SMOTE,F1opt,No mechanism recorded,1,0,1,0.0
28,Borderline-SMOTE,rec80,Heat dissipation,17,17,0,1.0
28,Borderline-SMOTE,rec80,Power,14,6,8,0.42857142857142855
28,Borderline-SMOTE,rec80,Overstrain,12,12,0,1.0
28,Borderline-SMOTE,rec80,Tool wear,7,3,4,0.42857142857142855
28,Borderline-SMOTE,rec80,No mechanism recorded,1,0,1,0.0
28,Borderline-SMOTE,rec90,Heat dissipation,17,17,0,1.0
28,Borderline-SMOTE,rec90,Power,14,14,0,1.0
28,Borderline-SMOTE,rec90,Overstrain,12,12,0,1.0
28,Borderline-SMOTE,rec90,Tool wear,7,4,3,0.5714285714285714
28,Borderline-SMOTE,rec90,No mechanism recorded,1,1,0,1.0
28,Borderline-SMOTE,fpr1,Heat dissipation,17,17,0,1.0
28,Borderline-SMOTE,fpr1,Power,14,6,8,0.42857142857142855
28,Borderline-SMOTE,fpr1,Overstrain,12,12,0,1.0
28,Borderline-SMOTE,fpr1,Tool wear,7,1,6,0.14285714285714285
28,Borderline-SMOTE,fpr1,No mechanism recorded,1,0,1,0.0
28,Borderline-SMOTE,fpr2,Heat dissipation,17,17,0,1.0
28,Borderline-SMOTE,fpr2,Power,14,8,6,0.5714285714285714
28,Borderline-SMOTE,fpr2,Overstrain,12,12,0,1.0
28,Borderline-SMOTE,fpr2,Tool wear,7,3,4,0.42857142857142855
28,Borderline-SMOTE,fpr2,No mechanism recorded,1,0,1,0.0
28,Multi WGAN-GP,t0.5,Heat dissipation,17,17,0,1.0
28,Multi WGAN-GP,t0.5,Power,14,12,2,0.8571428571428571
28,Multi WGAN-GP,t0.5,Overstrain,12,12,0,1.0
28,Multi WGAN-GP,t0.5,Tool wear,7,3,4,0.42857142857142855
28,Multi WGAN-GP,t0.5,No mechanism recorded,1,0,1,0.0
28,Multi WGAN-GP,F1opt,Heat dissipation,17,16,1,0.9411764705882353
28,Multi WGAN-GP,F1opt,Power,14,9,5,0.6428571428571429
28,Multi WGAN-GP,F1opt,Overstrain,12,12,0,1.0
28,Multi WGAN-GP,F1opt,Tool wear,7,2,5,0.2857142857142857
28,Multi WGAN-GP,F1opt,No mechanism recorded,1,0,1,0.0
28,Multi WGAN-GP,rec80,Heat dissipation,17,16,1,0.9411764705882353
28,Multi WGAN-GP,rec80,Power,14,9,5,0.6428571428571429
28,Multi WGAN-GP,rec80,Overstrain,12,12,0,1.0
28,Multi WGAN-GP,rec80,Tool wear,7,2,5,0.2857142857142857
28,Multi WGAN-GP,rec80,No mechanism recorded,1,0,1,0.0
28,Multi WGAN-GP,rec90,Heat dissipation,17,17,0,1.0
28,Multi WGAN-GP,rec90,Power,14,14,0,1.0
28,Multi WGAN-GP,rec90,Overstrain,12,12,0,1.0
28,Multi WGAN-GP,rec90,Tool wear,7,4,3,0.5714285714285714
28,Multi WGAN-GP,rec90,No mechanism recorded,1,0,1,0.0
28,Multi WGAN-GP,fpr1,Heat dissipation,17,17,0,1.0
28,Multi WGAN-GP,fpr1,Power,14,9,5,0.6428571428571429
28,Multi WGAN-GP,fpr1,Overstrain,12,12,0,1.0
28,Multi WGAN-GP,fpr1,Tool wear,7,2,5,0.2857142857142857
28,Multi WGAN-GP,fpr1,No mechanism recorded,1,0,1,0.0
28,Multi WGAN-GP,fpr2,Heat dissipation,17,17,0,1.0
28,Multi WGAN-GP,fpr2,Power,14,9,5,0.6428571428571429
28,Multi WGAN-GP,fpr2,Overstrain,12,12,0,1.0
28,Multi WGAN-GP,fpr2,Tool wear,7,2,5,0.2857142857142857
28,Multi WGAN-GP,fpr2,No mechanism recorded,1,0,1,0.0
28,RUS,t0.5,Heat dissipation,17,17,0,1.0
28,RUS,t0.5,Power,14,12,2,0.8571428571428571
28,RUS,t0.5,Overstrain,12,12,0,1.0
28,RUS,t0.5,Tool wear,7,5,2,0.7142857142857143
28,RUS,t0.5,No mechanism recorded,1,1,0,1.0
28,RUS,F1opt,Heat dissipation,17,17,0,1.0
28,RUS,F1opt,Power,14,5,9,0.35714285714285715
28,RUS,F1opt,Overstrain,12,10,2,0.8333333333333334
28,RUS,F1opt,Tool wear,7,1,6,0.14285714285714285
28,RUS,F1opt,No mechanism recorded,1,0,1,0.0
28,RUS,rec80,Heat dissipation,17,17,0,1.0
28,RUS,rec80,Power,14,8,6,0.5714285714285714
28,RUS,rec80,Overstrain,12,12,0,1.0
28,RUS,rec80,Tool wear,7,3,4,0.42857142857142855
28,RUS,rec80,No mechanism recorded,1,0,1,0.0
28,RUS,rec90,Heat dissipation,17,17,0,1.0
28,RUS,rec90,Power,14,10,4,0.7142857142857143
28,RUS,rec90,Overstrain,12,12,0,1.0
28,RUS,rec90,Tool wear,7,5,2,0.7142857142857143
28,RUS,rec90,No mechanism recorded,1,1,0,1.0
28,RUS,fpr1,Heat dissipation,17,17,0,1.0
28,RUS,fpr1,Power,14,4,10,0.2857142857142857
28,RUS,fpr1,Overstrain,12,6,6,0.5
28,RUS,fpr1,Tool wear,7,0,7,0.0
28,RUS,fpr1,No mechanism recorded,1,0,1,0.0
28,RUS,fpr2,Heat dissipation,17,17,0,1.0
28,RUS,fpr2,Power,14,5,9,0.35714285714285715
28,RUS,fpr2,Overstrain,12,10,2,0.8333333333333334
28,RUS,fpr2,Tool wear,7,0,7,0.0
28,RUS,fpr2,No mechanism recorded,1,0,1,0.0
28,SMOTE,t0.5,Heat dissipation,17,17,0,1.0
28,SMOTE,t0.5,Power,14,8,6,0.5714285714285714
28,SMOTE,t0.5,Overstrain,12,12,0,1.0
28,SMOTE,t0.5,Tool wear,7,3,4,0.42857142857142855
28,SMOTE,t0.5,No mechanism recorded,1,0,1,0.0
28,SMOTE,F1opt,Heat dissipation,17,16,1,0.9411764705882353
28,SMOTE,F1opt,Power,14,5,9,0.35714285714285715
28,SMOTE,F1opt,Overstrain,12,12,0,1.0
28,SMOTE,F1opt,Tool wear,7,2,5,0.2857142857142857
28,SMOTE,F1opt,No mechanism recorded,1,0,1,0.0
28,SMOTE,rec80,Heat dissipation,17,16,1,0.9411764705882353
28,SMOTE,rec80,Power,14,5,9,0.35714285714285715
28,SMOTE,rec80,Overstrain,12,12,0,1.0
28,SMOTE,rec80,Tool wear,7,2,5,0.2857142857142857
28,SMOTE,rec80,No mechanism recorded,1,0,1,0.0
28,SMOTE,rec90,Heat dissipation,17,17,0,1.0
28,SMOTE,rec90,Power,14,13,1,0.9285714285714286
28,SMOTE,rec90,Overstrain,12,12,0,1.0
28,SMOTE,rec90,Tool wear,7,4,3,0.5714285714285714
28,SMOTE,rec90,No mechanism recorded,1,1,0,1.0
28,SMOTE,fpr1,Heat dissipation,17,16,1,0.9411764705882353
28,SMOTE,fpr1,Power,14,5,9,0.35714285714285715
28,SMOTE,fpr1,Overstrain,12,12,0,1.0
28,SMOTE,fpr1,Tool wear,7,2,5,0.2857142857142857
28,SMOTE,fpr1,No mechanism recorded,1,0,1,0.0
28,SMOTE,fpr2,Heat dissipation,17,16,1,0.9411764705882353
28,SMOTE,fpr2,Power,14,5,9,0.35714285714285715
28,SMOTE,fpr2,Overstrain,12,12,0,1.0
28,SMOTE,fpr2,Tool wear,7,2,5,0.2857142857142857
28,SMOTE,fpr2,No mechanism recorded,1,0,1,0.0
28,SMOTENC,t0.5,Heat dissipation,17,16,1,0.9411764705882353
28,SMOTENC,t0.5,Power,14,7,7,0.5
28,SMOTENC,t0.5,Overstrain,12,12,0,1.0
28,SMOTENC,t0.5,Tool wear,7,4,3,0.5714285714285714
28,SMOTENC,t0.5,No mechanism recorded,1,0,1,0.0
28,SMOTENC,F1opt,Heat dissipation,17,16,1,0.9411764705882353
28,SMOTENC,F1opt,Power,14,6,8,0.42857142857142855
28,SMOTENC,F1opt,Overstrain,12,12,0,1.0
28,SMOTENC,F1opt,Tool wear,7,2,5,0.2857142857142857
28,SMOTENC,F1opt,No mechanism recorded,1,0,1,0.0
28,SMOTENC,rec80,Heat dissipation,17,15,2,0.8823529411764706
28,SMOTENC,rec80,Power,14,6,8,0.42857142857142855
28,SMOTENC,rec80,Overstrain,12,11,1,0.9166666666666666
28,SMOTENC,rec80,Tool wear,7,2,5,0.2857142857142857
28,SMOTENC,rec80,No mechanism recorded,1,0,1,0.0
28,SMOTENC,rec90,Heat dissipation,17,17,0,1.0
28,SMOTENC,rec90,Power,14,14,0,1.0
28,SMOTENC,rec90,Overstrain,12,12,0,1.0
28,SMOTENC,rec90,Tool wear,7,4,3,0.5714285714285714
28,SMOTENC,rec90,No mechanism recorded,1,1,0,1.0
28,SMOTENC,fpr1,Heat dissipation,17,15,2,0.8823529411764706
28,SMOTENC,fpr1,Power,14,5,9,0.35714285714285715
28,SMOTENC,fpr1,Overstrain,12,11,1,0.9166666666666666
28,SMOTENC,fpr1,Tool wear,7,0,7,0.0
28,SMOTENC,fpr1,No mechanism recorded,1,0,1,0.0
28,SMOTENC,fpr2,Heat dissipation,17,16,1,0.9411764705882353
28,SMOTENC,fpr2,Power,14,6,8,0.42857142857142855
28,SMOTENC,fpr2,Overstrain,12,12,0,1.0
28,SMOTENC,fpr2,Tool wear,7,2,5,0.2857142857142857
28,SMOTENC,fpr2,No mechanism recorded,1,0,1,0.0
28,Single WGAN-GP,t0.5,Heat dissipation,17,17,0,1.0
28,Single WGAN-GP,t0.5,Power,14,12,2,0.8571428571428571
28,Single WGAN-GP,t0.5,Overstrain,12,12,0,1.0
28,Single WGAN-GP,t0.5,Tool wear,7,4,3,0.5714285714285714
28,Single WGAN-GP,t0.5,No mechanism recorded,1,0,1,0.0
28,Single WGAN-GP,F1opt,Heat dissipation,17,17,0,1.0
28,Single WGAN-GP,F1opt,Power,14,4,10,0.2857142857142857
28,Single WGAN-GP,F1opt,Overstrain,12,7,5,0.5833333333333334
28,Single WGAN-GP,F1opt,Tool wear,7,3,4,0.42857142857142855
28,Single WGAN-GP,F1opt,No mechanism recorded,1,0,1,0.0
28,Single WGAN-GP,rec80,Heat dissipation,17,17,0,1.0
28,Single WGAN-GP,rec80,Power,14,10,4,0.7142857142857143
28,Single WGAN-GP,rec80,Overstrain,12,10,2,0.8333333333333334
28,Single WGAN-GP,rec80,Tool wear,7,4,3,0.5714285714285714
28,Single WGAN-GP,rec80,No mechanism recorded,1,0,1,0.0
28,Single WGAN-GP,rec90,Heat dissipation,17,17,0,1.0
28,Single WGAN-GP,rec90,Power,14,14,0,1.0
28,Single WGAN-GP,rec90,Overstrain,12,12,0,1.0
28,Single WGAN-GP,rec90,Tool wear,7,4,3,0.5714285714285714
28,Single WGAN-GP,rec90,No mechanism recorded,1,1,0,1.0
28,Single WGAN-GP,fpr1,Heat dissipation,17,17,0,1.0
28,Single WGAN-GP,fpr1,Power,14,4,10,0.2857142857142857
28,Single WGAN-GP,fpr1,Overstrain,12,7,5,0.5833333333333334
28,Single WGAN-GP,fpr1,Tool wear,7,3,4,0.42857142857142855
28,Single WGAN-GP,fpr1,No mechanism recorded,1,0,1,0.0
28,Single WGAN-GP,fpr2,Heat dissipation,17,17,0,1.0
28,Single WGAN-GP,fpr2,Power,14,10,4,0.7142857142857143
28,Single WGAN-GP,fpr2,Overstrain,12,10,2,0.8333333333333334
28,Single WGAN-GP,fpr2,Tool wear,7,4,3,0.5714285714285714
28,Single WGAN-GP,fpr2,No mechanism recorded,1,0,1,0.0
29,ADASYN,t0.5,Heat dissipation,17,17,0,1.0
29,ADASYN,t0.5,Power,14,12,2,0.8571428571428571
29,ADASYN,t0.5,Overstrain,11,10,1,0.9090909090909091
29,ADASYN,t0.5,Tool wear,7,0,7,0.0
29,ADASYN,t0.5,No mechanism recorded,1,0,1,0.0
29,ADASYN,F1opt,Heat dissipation,17,17,0,1.0
29,ADASYN,F1opt,Power,14,12,2,0.8571428571428571
29,ADASYN,F1opt,Overstrain,11,8,3,0.7272727272727273
29,ADASYN,F1opt,Tool wear,7,0,7,0.0
29,ADASYN,F1opt,No mechanism recorded,1,0,1,0.0
29,ADASYN,rec80,Heat dissipation,17,17,0,1.0
29,ADASYN,rec80,Power,14,13,1,0.9285714285714286
29,ADASYN,rec80,Overstrain,11,10,1,0.9090909090909091
29,ADASYN,rec80,Tool wear,7,0,7,0.0
29,ADASYN,rec80,No mechanism recorded,1,0,1,0.0
29,ADASYN,rec90,Heat dissipation,17,17,0,1.0
29,ADASYN,rec90,Power,14,14,0,1.0
29,ADASYN,rec90,Overstrain,11,11,0,1.0
29,ADASYN,rec90,Tool wear,7,1,6,0.14285714285714285
29,ADASYN,rec90,No mechanism recorded,1,0,1,0.0
29,ADASYN,fpr1,Heat dissipation,17,17,0,1.0
29,ADASYN,fpr1,Power,14,12,2,0.8571428571428571
29,ADASYN,fpr1,Overstrain,11,9,2,0.8181818181818182
29,ADASYN,fpr1,Tool wear,7,0,7,0.0
29,ADASYN,fpr1,No mechanism recorded,1,0,1,0.0
29,ADASYN,fpr2,Heat dissipation,17,17,0,1.0
29,ADASYN,fpr2,Power,14,13,1,0.9285714285714286
29,ADASYN,fpr2,Overstrain,11,10,1,0.9090909090909091
29,ADASYN,fpr2,Tool wear,7,0,7,0.0
29,ADASYN,fpr2,No mechanism recorded,1,0,1,0.0
29,Baseline,t0.5,Heat dissipation,17,17,0,1.0
29,Baseline,t0.5,Power,14,12,2,0.8571428571428571
29,Baseline,t0.5,Overstrain,11,8,3,0.7272727272727273
29,Baseline,t0.5,Tool wear,7,0,7,0.0
29,Baseline,t0.5,No mechanism recorded,1,0,1,0.0
29,Baseline,F1opt,Heat dissipation,17,17,0,1.0
29,Baseline,F1opt,Power,14,13,1,0.9285714285714286
29,Baseline,F1opt,Overstrain,11,8,3,0.7272727272727273
29,Baseline,F1opt,Tool wear,7,0,7,0.0
29,Baseline,F1opt,No mechanism recorded,1,0,1,0.0
29,Baseline,rec80,Heat dissipation,17,17,0,1.0
29,Baseline,rec80,Power,14,13,1,0.9285714285714286
29,Baseline,rec80,Overstrain,11,11,0,1.0
29,Baseline,rec80,Tool wear,7,0,7,0.0
29,Baseline,rec80,No mechanism recorded,1,0,1,0.0
29,Baseline,rec90,Heat dissipation,17,17,0,1.0
29,Baseline,rec90,Power,14,14,0,1.0
29,Baseline,rec90,Overstrain,11,11,0,1.0
29,Baseline,rec90,Tool wear,7,3,4,0.42857142857142855
29,Baseline,rec90,No mechanism recorded,1,0,1,0.0
29,Baseline,fpr1,Heat dissipation,17,17,0,1.0
29,Baseline,fpr1,Power,14,13,1,0.9285714285714286
29,Baseline,fpr1,Overstrain,11,10,1,0.9090909090909091
29,Baseline,fpr1,Tool wear,7,0,7,0.0
29,Baseline,fpr1,No mechanism recorded,1,0,1,0.0
29,Baseline,fpr2,Heat dissipation,17,17,0,1.0
29,Baseline,fpr2,Power,14,13,1,0.9285714285714286
29,Baseline,fpr2,Overstrain,11,11,0,1.0
29,Baseline,fpr2,Tool wear,7,1,6,0.14285714285714285
29,Baseline,fpr2,No mechanism recorded,1,0,1,0.0
29,Borderline-SMOTE,t0.5,Heat dissipation,17,17,0,1.0
29,Borderline-SMOTE,t0.5,Power,14,13,1,0.9285714285714286
29,Borderline-SMOTE,t0.5,Overstrain,11,11,0,1.0
29,Borderline-SMOTE,t0.5,Tool wear,7,0,7,0.0
29,Borderline-SMOTE,t0.5,No mechanism recorded,1,0,1,0.0
29,Borderline-SMOTE,F1opt,Heat dissipation,17,17,0,1.0
29,Borderline-SMOTE,F1opt,Power,14,13,1,0.9285714285714286
29,Borderline-SMOTE,F1opt,Overstrain,11,8,3,0.7272727272727273
29,Borderline-SMOTE,F1opt,Tool wear,7,0,7,0.0
29,Borderline-SMOTE,F1opt,No mechanism recorded,1,0,1,0.0
29,Borderline-SMOTE,rec80,Heat dissipation,17,17,0,1.0
29,Borderline-SMOTE,rec80,Power,14,13,1,0.9285714285714286
29,Borderline-SMOTE,rec80,Overstrain,11,11,0,1.0
29,Borderline-SMOTE,rec80,Tool wear,7,0,7,0.0
29,Borderline-SMOTE,rec80,No mechanism recorded,1,0,1,0.0
29,Borderline-SMOTE,rec90,Heat dissipation,17,17,0,1.0
29,Borderline-SMOTE,rec90,Power,14,13,1,0.9285714285714286
29,Borderline-SMOTE,rec90,Overstrain,11,11,0,1.0
29,Borderline-SMOTE,rec90,Tool wear,7,2,5,0.2857142857142857
29,Borderline-SMOTE,rec90,No mechanism recorded,1,0,1,0.0
29,Borderline-SMOTE,fpr1,Heat dissipation,17,17,0,1.0
29,Borderline-SMOTE,fpr1,Power,14,13,1,0.9285714285714286
29,Borderline-SMOTE,fpr1,Overstrain,11,10,1,0.9090909090909091
29,Borderline-SMOTE,fpr1,Tool wear,7,0,7,0.0
29,Borderline-SMOTE,fpr1,No mechanism recorded,1,0,1,0.0
29,Borderline-SMOTE,fpr2,Heat dissipation,17,17,0,1.0
29,Borderline-SMOTE,fpr2,Power,14,13,1,0.9285714285714286
29,Borderline-SMOTE,fpr2,Overstrain,11,11,0,1.0
29,Borderline-SMOTE,fpr2,Tool wear,7,0,7,0.0
29,Borderline-SMOTE,fpr2,No mechanism recorded,1,0,1,0.0
29,Multi WGAN-GP,t0.5,Heat dissipation,17,17,0,1.0
29,Multi WGAN-GP,t0.5,Power,14,14,0,1.0
29,Multi WGAN-GP,t0.5,Overstrain,11,11,0,1.0
29,Multi WGAN-GP,t0.5,Tool wear,7,2,5,0.2857142857142857
29,Multi WGAN-GP,t0.5,No mechanism recorded,1,0,1,0.0
29,Multi WGAN-GP,F1opt,Heat dissipation,17,16,1,0.9411764705882353
29,Multi WGAN-GP,F1opt,Power,14,12,2,0.8571428571428571
29,Multi WGAN-GP,F1opt,Overstrain,11,10,1,0.9090909090909091
29,Multi WGAN-GP,F1opt,Tool wear,7,1,6,0.14285714285714285
29,Multi WGAN-GP,F1opt,No mechanism recorded,1,0,1,0.0
29,Multi WGAN-GP,rec80,Heat dissipation,17,17,0,1.0
29,Multi WGAN-GP,rec80,Power,14,14,0,1.0
29,Multi WGAN-GP,rec80,Overstrain,11,11,0,1.0
29,Multi WGAN-GP,rec80,Tool wear,7,2,5,0.2857142857142857
29,Multi WGAN-GP,rec80,No mechanism recorded,1,0,1,0.0
29,Multi WGAN-GP,rec90,Heat dissipation,17,17,0,1.0
29,Multi WGAN-GP,rec90,Power,14,14,0,1.0
29,Multi WGAN-GP,rec90,Overstrain,11,11,0,1.0
29,Multi WGAN-GP,rec90,Tool wear,7,2,5,0.2857142857142857
29,Multi WGAN-GP,rec90,No mechanism recorded,1,0,1,0.0
29,Multi WGAN-GP,fpr1,Heat dissipation,17,16,1,0.9411764705882353
29,Multi WGAN-GP,fpr1,Power,14,12,2,0.8571428571428571
29,Multi WGAN-GP,fpr1,Overstrain,11,10,1,0.9090909090909091
29,Multi WGAN-GP,fpr1,Tool wear,7,1,6,0.14285714285714285
29,Multi WGAN-GP,fpr1,No mechanism recorded,1,0,1,0.0
29,Multi WGAN-GP,fpr2,Heat dissipation,17,17,0,1.0
29,Multi WGAN-GP,fpr2,Power,14,14,0,1.0
29,Multi WGAN-GP,fpr2,Overstrain,11,11,0,1.0
29,Multi WGAN-GP,fpr2,Tool wear,7,2,5,0.2857142857142857
29,Multi WGAN-GP,fpr2,No mechanism recorded,1,0,1,0.0
29,RUS,t0.5,Heat dissipation,17,17,0,1.0
29,RUS,t0.5,Power,14,14,0,1.0
29,RUS,t0.5,Overstrain,11,11,0,1.0
29,RUS,t0.5,Tool wear,7,5,2,0.7142857142857143
29,RUS,t0.5,No mechanism recorded,1,0,1,0.0
29,RUS,F1opt,Heat dissipation,17,13,4,0.7647058823529411
29,RUS,F1opt,Power,14,6,8,0.42857142857142855
29,RUS,F1opt,Overstrain,11,8,3,0.7272727272727273
29,RUS,F1opt,Tool wear,7,0,7,0.0
29,RUS,F1opt,No mechanism recorded,1,0,1,0.0
29,RUS,rec80,Heat dissipation,17,17,0,1.0
29,RUS,rec80,Power,14,12,2,0.8571428571428571
29,RUS,rec80,Overstrain,11,11,0,1.0
29,RUS,rec80,Tool wear,7,1,6,0.14285714285714285
29,RUS,rec80,No mechanism recorded,1,0,1,0.0
29,RUS,rec90,Heat dissipation,17,17,0,1.0
29,RUS,rec90,Power,14,14,0,1.0
29,RUS,rec90,Overstrain,11,11,0,1.0
29,RUS,rec90,Tool wear,7,5,2,0.7142857142857143
29,RUS,rec90,No mechanism recorded,1,0,1,0.0
29,RUS,fpr1,Heat dissipation,17,15,2,0.8823529411764706
29,RUS,fpr1,Power,14,6,8,0.42857142857142855
29,RUS,fpr1,Overstrain,11,8,3,0.7272727272727273
29,RUS,fpr1,Tool wear,7,0,7,0.0
29,RUS,fpr1,No mechanism recorded,1,0,1,0.0
29,RUS,fpr2,Heat dissipation,17,16,1,0.9411764705882353
29,RUS,fpr2,Power,14,11,3,0.7857142857142857
29,RUS,fpr2,Overstrain,11,8,3,0.7272727272727273
29,RUS,fpr2,Tool wear,7,0,7,0.0
29,RUS,fpr2,No mechanism recorded,1,0,1,0.0
29,SMOTE,t0.5,Heat dissipation,17,17,0,1.0
29,SMOTE,t0.5,Power,14,13,1,0.9285714285714286
29,SMOTE,t0.5,Overstrain,11,10,1,0.9090909090909091
29,SMOTE,t0.5,Tool wear,7,0,7,0.0
29,SMOTE,t0.5,No mechanism recorded,1,0,1,0.0
29,SMOTE,F1opt,Heat dissipation,17,17,0,1.0
29,SMOTE,F1opt,Power,14,12,2,0.8571428571428571
29,SMOTE,F1opt,Overstrain,11,9,2,0.8181818181818182
29,SMOTE,F1opt,Tool wear,7,0,7,0.0
29,SMOTE,F1opt,No mechanism recorded,1,0,1,0.0
29,SMOTE,rec80,Heat dissipation,17,17,0,1.0
29,SMOTE,rec80,Power,14,13,1,0.9285714285714286
29,SMOTE,rec80,Overstrain,11,10,1,0.9090909090909091
29,SMOTE,rec80,Tool wear,7,0,7,0.0
29,SMOTE,rec80,No mechanism recorded,1,0,1,0.0
29,SMOTE,rec90,Heat dissipation,17,17,0,1.0
29,SMOTE,rec90,Power,14,14,0,1.0
29,SMOTE,rec90,Overstrain,11,11,0,1.0
29,SMOTE,rec90,Tool wear,7,1,6,0.14285714285714285
29,SMOTE,rec90,No mechanism recorded,1,0,1,0.0
29,SMOTE,fpr1,Heat dissipation,17,17,0,1.0
29,SMOTE,fpr1,Power,14,12,2,0.8571428571428571
29,SMOTE,fpr1,Overstrain,11,10,1,0.9090909090909091
29,SMOTE,fpr1,Tool wear,7,0,7,0.0
29,SMOTE,fpr1,No mechanism recorded,1,0,1,0.0
29,SMOTE,fpr2,Heat dissipation,17,17,0,1.0
29,SMOTE,fpr2,Power,14,13,1,0.9285714285714286
29,SMOTE,fpr2,Overstrain,11,10,1,0.9090909090909091
29,SMOTE,fpr2,Tool wear,7,0,7,0.0
29,SMOTE,fpr2,No mechanism recorded,1,0,1,0.0
29,SMOTENC,t0.5,Heat dissipation,17,17,0,1.0
29,SMOTENC,t0.5,Power,14,13,1,0.9285714285714286
29,SMOTENC,t0.5,Overstrain,11,10,1,0.9090909090909091
29,SMOTENC,t0.5,Tool wear,7,0,7,0.0
29,SMOTENC,t0.5,No mechanism recorded,1,0,1,0.0
29,SMOTENC,F1opt,Heat dissipation,17,17,0,1.0
29,SMOTENC,F1opt,Power,14,13,1,0.9285714285714286
29,SMOTENC,F1opt,Overstrain,11,10,1,0.9090909090909091
29,SMOTENC,F1opt,Tool wear,7,0,7,0.0
29,SMOTENC,F1opt,No mechanism recorded,1,0,1,0.0
29,SMOTENC,rec80,Heat dissipation,17,17,0,1.0
29,SMOTENC,rec80,Power,14,13,1,0.9285714285714286
29,SMOTENC,rec80,Overstrain,11,10,1,0.9090909090909091
29,SMOTENC,rec80,Tool wear,7,0,7,0.0
29,SMOTENC,rec80,No mechanism recorded,1,0,1,0.0
29,SMOTENC,rec90,Heat dissipation,17,17,0,1.0
29,SMOTENC,rec90,Power,14,13,1,0.9285714285714286
29,SMOTENC,rec90,Overstrain,11,11,0,1.0
29,SMOTENC,rec90,Tool wear,7,1,6,0.14285714285714285
29,SMOTENC,rec90,No mechanism recorded,1,0,1,0.0
29,SMOTENC,fpr1,Heat dissipation,17,17,0,1.0
29,SMOTENC,fpr1,Power,14,13,1,0.9285714285714286
29,SMOTENC,fpr1,Overstrain,11,10,1,0.9090909090909091
29,SMOTENC,fpr1,Tool wear,7,0,7,0.0
29,SMOTENC,fpr1,No mechanism recorded,1,0,1,0.0
29,SMOTENC,fpr2,Heat dissipation,17,17,0,1.0
29,SMOTENC,fpr2,Power,14,13,1,0.9285714285714286
29,SMOTENC,fpr2,Overstrain,11,10,1,0.9090909090909091
29,SMOTENC,fpr2,Tool wear,7,0,7,0.0
29,SMOTENC,fpr2,No mechanism recorded,1,0,1,0.0
29,Single WGAN-GP,t0.5,Heat dissipation,17,17,0,1.0
29,Single WGAN-GP,t0.5,Power,14,13,1,0.9285714285714286
29,Single WGAN-GP,t0.5,Overstrain,11,11,0,1.0
29,Single WGAN-GP,t0.5,Tool wear,7,2,5,0.2857142857142857
29,Single WGAN-GP,t0.5,No mechanism recorded,1,0,1,0.0
29,Single WGAN-GP,F1opt,Heat dissipation,17,16,1,0.9411764705882353
29,Single WGAN-GP,F1opt,Power,14,13,1,0.9285714285714286
29,Single WGAN-GP,F1opt,Overstrain,11,9,2,0.8181818181818182
29,Single WGAN-GP,F1opt,Tool wear,7,1,6,0.14285714285714285
29,Single WGAN-GP,F1opt,No mechanism recorded,1,0,1,0.0
29,Single WGAN-GP,rec80,Heat dissipation,17,17,0,1.0
29,Single WGAN-GP,rec80,Power,14,13,1,0.9285714285714286
29,Single WGAN-GP,rec80,Overstrain,11,11,0,1.0
29,Single WGAN-GP,rec80,Tool wear,7,2,5,0.2857142857142857
29,Single WGAN-GP,rec80,No mechanism recorded,1,0,1,0.0
29,Single WGAN-GP,rec90,Heat dissipation,17,17,0,1.0
29,Single WGAN-GP,rec90,Power,14,14,0,1.0
29,Single WGAN-GP,rec90,Overstrain,11,11,0,1.0
29,Single WGAN-GP,rec90,Tool wear,7,3,4,0.42857142857142855
29,Single WGAN-GP,rec90,No mechanism recorded,1,0,1,0.0
29,Single WGAN-GP,fpr1,Heat dissipation,17,16,1,0.9411764705882353
29,Single WGAN-GP,fpr1,Power,14,13,1,0.9285714285714286
29,Single WGAN-GP,fpr1,Overstrain,11,9,2,0.8181818181818182
29,Single WGAN-GP,fpr1,Tool wear,7,1,6,0.14285714285714285
29,Single WGAN-GP,fpr1,No mechanism recorded,1,0,1,0.0
29,Single WGAN-GP,fpr2,Heat dissipation,17,17,0,1.0
29,Single WGAN-GP,fpr2,Power,14,13,1,0.9285714285714286
29,Single WGAN-GP,fpr2,Overstrain,11,10,1,0.9090909090909091
29,Single WGAN-GP,fpr2,Tool wear,7,2,5,0.2857142857142857
29,Single WGAN-GP,fpr2,No mechanism recorded,1,0,1,0.0
30,ADASYN,t0.5,Heat dissipation,17,17,0,1.0
30,ADASYN,t0.5,Power,14,14,0,1.0
30,ADASYN,t0.5,Overstrain,12,12,0,1.0
30,ADASYN,t0.5,Tool wear,7,3,4,0.42857142857142855
30,ADASYN,t0.5,No mechanism recorded,1,0,1,0.0
30,ADASYN,F1opt,Heat dissipation,17,17,0,1.0
30,ADASYN,F1opt,Power,14,11,3,0.7857142857142857
30,ADASYN,F1opt,Overstrain,12,10,2,0.8333333333333334
30,ADASYN,F1opt,Tool wear,7,1,6,0.14285714285714285
30,ADASYN,F1opt,No mechanism recorded,1,0,1,0.0
30,ADASYN,rec80,Heat dissipation,17,17,0,1.0
30,ADASYN,rec80,Power,14,14,0,1.0
30,ADASYN,rec80,Overstrain,12,12,0,1.0
30,ADASYN,rec80,Tool wear,7,3,4,0.42857142857142855
30,ADASYN,rec80,No mechanism recorded,1,0,1,0.0
30,ADASYN,rec90,Heat dissipation,17,17,0,1.0
30,ADASYN,rec90,Power,14,14,0,1.0
30,ADASYN,rec90,Overstrain,12,12,0,1.0
30,ADASYN,rec90,Tool wear,7,5,2,0.7142857142857143
30,ADASYN,rec90,No mechanism recorded,1,0,1,0.0
30,ADASYN,fpr1,Heat dissipation,17,17,0,1.0
30,ADASYN,fpr1,Power,14,11,3,0.7857142857142857
30,ADASYN,fpr1,Overstrain,12,10,2,0.8333333333333334
30,ADASYN,fpr1,Tool wear,7,1,6,0.14285714285714285
30,ADASYN,fpr1,No mechanism recorded,1,0,1,0.0
30,ADASYN,fpr2,Heat dissipation,17,17,0,1.0
30,ADASYN,fpr2,Power,14,13,1,0.9285714285714286
30,ADASYN,fpr2,Overstrain,12,10,2,0.8333333333333334
30,ADASYN,fpr2,Tool wear,7,2,5,0.2857142857142857
30,ADASYN,fpr2,No mechanism recorded,1,0,1,0.0
30,Baseline,t0.5,Heat dissipation,17,15,2,0.8823529411764706
30,Baseline,t0.5,Power,14,10,4,0.7142857142857143
30,Baseline,t0.5,Overstrain,12,3,9,0.25
30,Baseline,t0.5,Tool wear,7,0,7,0.0
30,Baseline,t0.5,No mechanism recorded,1,0,1,0.0
30,Baseline,F1opt,Heat dissipation,17,17,0,1.0
30,Baseline,F1opt,Power,14,13,1,0.9285714285714286
30,Baseline,F1opt,Overstrain,12,10,2,0.8333333333333334
30,Baseline,F1opt,Tool wear,7,2,5,0.2857142857142857
30,Baseline,F1opt,No mechanism recorded,1,0,1,0.0
30,Baseline,rec80,Heat dissipation,17,17,0,1.0
30,Baseline,rec80,Power,14,14,0,1.0
30,Baseline,rec80,Overstrain,12,12,0,1.0
30,Baseline,rec80,Tool wear,7,2,5,0.2857142857142857
30,Baseline,rec80,No mechanism recorded,1,0,1,0.0
30,Baseline,rec90,Heat dissipation,17,17,0,1.0
30,Baseline,rec90,Power,14,14,0,1.0
30,Baseline,rec90,Overstrain,12,12,0,1.0
30,Baseline,rec90,Tool wear,7,3,4,0.42857142857142855
30,Baseline,rec90,No mechanism recorded,1,0,1,0.0
30,Baseline,fpr1,Heat dissipation,17,17,0,1.0
30,Baseline,fpr1,Power,14,14,0,1.0
30,Baseline,fpr1,Overstrain,12,11,1,0.9166666666666666
30,Baseline,fpr1,Tool wear,7,2,5,0.2857142857142857
30,Baseline,fpr1,No mechanism recorded,1,0,1,0.0
30,Baseline,fpr2,Heat dissipation,17,17,0,1.0
30,Baseline,fpr2,Power,14,14,0,1.0
30,Baseline,fpr2,Overstrain,12,12,0,1.0
30,Baseline,fpr2,Tool wear,7,2,5,0.2857142857142857
30,Baseline,fpr2,No mechanism recorded,1,0,1,0.0
30,Borderline-SMOTE,t0.5,Heat dissipation,17,17,0,1.0
30,Borderline-SMOTE,t0.5,Power,14,13,1,0.9285714285714286
30,Borderline-SMOTE,t0.5,Overstrain,12,10,2,0.8333333333333334
30,Borderline-SMOTE,t0.5,Tool wear,7,1,6,0.14285714285714285
30,Borderline-SMOTE,t0.5,No mechanism recorded,1,0,1,0.0
30,Borderline-SMOTE,F1opt,Heat dissipation,17,17,0,1.0
30,Borderline-SMOTE,F1opt,Power,14,13,1,0.9285714285714286
30,Borderline-SMOTE,F1opt,Overstrain,12,9,3,0.75
30,Borderline-SMOTE,F1opt,Tool wear,7,1,6,0.14285714285714285
30,Borderline-SMOTE,F1opt,No mechanism recorded,1,0,1,0.0
30,Borderline-SMOTE,rec80,Heat dissipation,17,17,0,1.0
30,Borderline-SMOTE,rec80,Power,14,14,0,1.0
30,Borderline-SMOTE,rec80,Overstrain,12,12,0,1.0
30,Borderline-SMOTE,rec80,Tool wear,7,2,5,0.2857142857142857
30,Borderline-SMOTE,rec80,No mechanism recorded,1,0,1,0.0
30,Borderline-SMOTE,rec90,Heat dissipation,17,17,0,1.0
30,Borderline-SMOTE,rec90,Power,14,14,0,1.0
30,Borderline-SMOTE,rec90,Overstrain,12,12,0,1.0
30,Borderline-SMOTE,rec90,Tool wear,7,4,3,0.5714285714285714
30,Borderline-SMOTE,rec90,No mechanism recorded,1,0,1,0.0
30,Borderline-SMOTE,fpr1,Heat dissipation,17,17,0,1.0
30,Borderline-SMOTE,fpr1,Power,14,13,1,0.9285714285714286
30,Borderline-SMOTE,fpr1,Overstrain,12,9,3,0.75
30,Borderline-SMOTE,fpr1,Tool wear,7,1,6,0.14285714285714285
30,Borderline-SMOTE,fpr1,No mechanism recorded,1,0,1,0.0
30,Borderline-SMOTE,fpr2,Heat dissipation,17,17,0,1.0
30,Borderline-SMOTE,fpr2,Power,14,14,0,1.0
30,Borderline-SMOTE,fpr2,Overstrain,12,12,0,1.0
30,Borderline-SMOTE,fpr2,Tool wear,7,2,5,0.2857142857142857
30,Borderline-SMOTE,fpr2,No mechanism recorded,1,0,1,0.0
30,Multi WGAN-GP,t0.5,Heat dissipation,17,17,0,1.0
30,Multi WGAN-GP,t0.5,Power,14,14,0,1.0
30,Multi WGAN-GP,t0.5,Overstrain,12,12,0,1.0
30,Multi WGAN-GP,t0.5,Tool wear,7,3,4,0.42857142857142855
30,Multi WGAN-GP,t0.5,No mechanism recorded,1,0,1,0.0
30,Multi WGAN-GP,F1opt,Heat dissipation,17,16,1,0.9411764705882353
30,Multi WGAN-GP,F1opt,Power,14,13,1,0.9285714285714286
30,Multi WGAN-GP,F1opt,Overstrain,12,9,3,0.75
30,Multi WGAN-GP,F1opt,Tool wear,7,1,6,0.14285714285714285
30,Multi WGAN-GP,F1opt,No mechanism recorded,1,0,1,0.0
30,Multi WGAN-GP,rec80,Heat dissipation,17,16,1,0.9411764705882353
30,Multi WGAN-GP,rec80,Power,14,13,1,0.9285714285714286
30,Multi WGAN-GP,rec80,Overstrain,12,9,3,0.75
30,Multi WGAN-GP,rec80,Tool wear,7,1,6,0.14285714285714285
30,Multi WGAN-GP,rec80,No mechanism recorded,1,0,1,0.0
30,Multi WGAN-GP,rec90,Heat dissipation,17,17,0,1.0
30,Multi WGAN-GP,rec90,Power,14,14,0,1.0
30,Multi WGAN-GP,rec90,Overstrain,12,12,0,1.0
30,Multi WGAN-GP,rec90,Tool wear,7,3,4,0.42857142857142855
30,Multi WGAN-GP,rec90,No mechanism recorded,1,0,1,0.0
30,Multi WGAN-GP,fpr1,Heat dissipation,17,16,1,0.9411764705882353
30,Multi WGAN-GP,fpr1,Power,14,13,1,0.9285714285714286
30,Multi WGAN-GP,fpr1,Overstrain,12,9,3,0.75
30,Multi WGAN-GP,fpr1,Tool wear,7,1,6,0.14285714285714285
30,Multi WGAN-GP,fpr1,No mechanism recorded,1,0,1,0.0
30,Multi WGAN-GP,fpr2,Heat dissipation,17,17,0,1.0
30,Multi WGAN-GP,fpr2,Power,14,13,1,0.9285714285714286
30,Multi WGAN-GP,fpr2,Overstrain,12,10,2,0.8333333333333334
30,Multi WGAN-GP,fpr2,Tool wear,7,2,5,0.2857142857142857
30,Multi WGAN-GP,fpr2,No mechanism recorded,1,0,1,0.0
30,RUS,t0.5,Heat dissipation,17,17,0,1.0
30,RUS,t0.5,Power,14,14,0,1.0
30,RUS,t0.5,Overstrain,12,12,0,1.0
30,RUS,t0.5,Tool wear,7,4,3,0.5714285714285714
30,RUS,t0.5,No mechanism recorded,1,0,1,0.0
30,RUS,F1opt,Heat dissipation,17,17,0,1.0
30,RUS,F1opt,Power,14,12,2,0.8571428571428571
30,RUS,F1opt,Overstrain,12,8,4,0.6666666666666666
30,RUS,F1opt,Tool wear,7,0,7,0.0
30,RUS,F1opt,No mechanism recorded,1,0,1,0.0
30,RUS,rec80,Heat dissipation,17,17,0,1.0
30,RUS,rec80,Power,14,13,1,0.9285714285714286
30,RUS,rec80,Overstrain,12,12,0,1.0
30,RUS,rec80,Tool wear,7,1,6,0.14285714285714285
30,RUS,rec80,No mechanism recorded,1,0,1,0.0
30,RUS,rec90,Heat dissipation,17,17,0,1.0
30,RUS,rec90,Power,14,13,1,0.9285714285714286
30,RUS,rec90,Overstrain,12,12,0,1.0
30,RUS,rec90,Tool wear,7,4,3,0.5714285714285714
30,RUS,rec90,No mechanism recorded,1,0,1,0.0
30,RUS,fpr1,Heat dissipation,17,17,0,1.0
30,RUS,fpr1,Power,14,13,1,0.9285714285714286
30,RUS,fpr1,Overstrain,12,10,2,0.8333333333333334
30,RUS,fpr1,Tool wear,7,0,7,0.0
30,RUS,fpr1,No mechanism recorded,1,0,1,0.0
30,RUS,fpr2,Heat dissipation,17,17,0,1.0
30,RUS,fpr2,Power,14,13,1,0.9285714285714286
30,RUS,fpr2,Overstrain,12,11,1,0.9166666666666666
30,RUS,fpr2,Tool wear,7,1,6,0.14285714285714285
30,RUS,fpr2,No mechanism recorded,1,0,1,0.0
30,SMOTE,t0.5,Heat dissipation,17,17,0,1.0
30,SMOTE,t0.5,Power,14,14,0,1.0
30,SMOTE,t0.5,Overstrain,12,12,0,1.0
30,SMOTE,t0.5,Tool wear,7,3,4,0.42857142857142855
30,SMOTE,t0.5,No mechanism recorded,1,0,1,0.0
30,SMOTE,F1opt,Heat dissipation,17,17,0,1.0
30,SMOTE,F1opt,Power,14,12,2,0.8571428571428571
30,SMOTE,F1opt,Overstrain,12,10,2,0.8333333333333334
30,SMOTE,F1opt,Tool wear,7,1,6,0.14285714285714285
30,SMOTE,F1opt,No mechanism recorded,1,0,1,0.0
30,SMOTE,rec80,Heat dissipation,17,17,0,1.0
30,SMOTE,rec80,Power,14,14,0,1.0
30,SMOTE,rec80,Overstrain,12,12,0,1.0
30,SMOTE,rec80,Tool wear,7,3,4,0.42857142857142855
30,SMOTE,rec80,No mechanism recorded,1,0,1,0.0
30,SMOTE,rec90,Heat dissipation,17,17,0,1.0
30,SMOTE,rec90,Power,14,14,0,1.0
30,SMOTE,rec90,Overstrain,12,12,0,1.0
30,SMOTE,rec90,Tool wear,7,5,2,0.7142857142857143
30,SMOTE,rec90,No mechanism recorded,1,0,1,0.0
30,SMOTE,fpr1,Heat dissipation,17,17,0,1.0
30,SMOTE,fpr1,Power,14,12,2,0.8571428571428571
30,SMOTE,fpr1,Overstrain,12,10,2,0.8333333333333334
30,SMOTE,fpr1,Tool wear,7,1,6,0.14285714285714285
30,SMOTE,fpr1,No mechanism recorded,1,0,1,0.0
30,SMOTE,fpr2,Heat dissipation,17,17,0,1.0
30,SMOTE,fpr2,Power,14,14,0,1.0
30,SMOTE,fpr2,Overstrain,12,12,0,1.0
30,SMOTE,fpr2,Tool wear,7,3,4,0.42857142857142855
30,SMOTE,fpr2,No mechanism recorded,1,0,1,0.0
30,SMOTENC,t0.5,Heat dissipation,17,17,0,1.0
30,SMOTENC,t0.5,Power,14,13,1,0.9285714285714286
30,SMOTENC,t0.5,Overstrain,12,12,0,1.0
30,SMOTENC,t0.5,Tool wear,7,2,5,0.2857142857142857
30,SMOTENC,t0.5,No mechanism recorded,1,0,1,0.0
30,SMOTENC,F1opt,Heat dissipation,17,15,2,0.8823529411764706
30,SMOTENC,F1opt,Power,14,12,2,0.8571428571428571
30,SMOTENC,F1opt,Overstrain,12,9,3,0.75
30,SMOTENC,F1opt,Tool wear,7,1,6,0.14285714285714285
30,SMOTENC,F1opt,No mechanism recorded,1,0,1,0.0
30,SMOTENC,rec80,Heat dissipation,17,17,0,1.0
30,SMOTENC,rec80,Power,14,14,0,1.0
30,SMOTENC,rec80,Overstrain,12,12,0,1.0
30,SMOTENC,rec80,Tool wear,7,2,5,0.2857142857142857
30,SMOTENC,rec80,No mechanism recorded,1,0,1,0.0
30,SMOTENC,rec90,Heat dissipation,17,17,0,1.0
30,SMOTENC,rec90,Power,14,14,0,1.0
30,SMOTENC,rec90,Overstrain,12,12,0,1.0
30,SMOTENC,rec90,Tool wear,7,6,1,0.8571428571428571
30,SMOTENC,rec90,No mechanism recorded,1,0,1,0.0
30,SMOTENC,fpr1,Heat dissipation,17,15,2,0.8823529411764706
30,SMOTENC,fpr1,Power,14,12,2,0.8571428571428571
30,SMOTENC,fpr1,Overstrain,12,9,3,0.75
30,SMOTENC,fpr1,Tool wear,7,1,6,0.14285714285714285
30,SMOTENC,fpr1,No mechanism recorded,1,0,1,0.0
30,SMOTENC,fpr2,Heat dissipation,17,17,0,1.0
30,SMOTENC,fpr2,Power,14,13,1,0.9285714285714286
30,SMOTENC,fpr2,Overstrain,12,11,1,0.9166666666666666
30,SMOTENC,fpr2,Tool wear,7,1,6,0.14285714285714285
30,SMOTENC,fpr2,No mechanism recorded,1,0,1,0.0
30,Single WGAN-GP,t0.5,Heat dissipation,17,17,0,1.0
30,Single WGAN-GP,t0.5,Power,14,14,0,1.0
30,Single WGAN-GP,t0.5,Overstrain,12,12,0,1.0
30,Single WGAN-GP,t0.5,Tool wear,7,2,5,0.2857142857142857
30,Single WGAN-GP,t0.5,No mechanism recorded,1,0,1,0.0
30,Single WGAN-GP,F1opt,Heat dissipation,17,17,0,1.0
30,Single WGAN-GP,F1opt,Power,14,12,2,0.8571428571428571
30,Single WGAN-GP,F1opt,Overstrain,12,11,1,0.9166666666666666
30,Single WGAN-GP,F1opt,Tool wear,7,1,6,0.14285714285714285
30,Single WGAN-GP,F1opt,No mechanism recorded,1,0,1,0.0
30,Single WGAN-GP,rec80,Heat dissipation,17,17,0,1.0
30,Single WGAN-GP,rec80,Power,14,12,2,0.8571428571428571
30,Single WGAN-GP,rec80,Overstrain,12,9,3,0.75
30,Single WGAN-GP,rec80,Tool wear,7,1,6,0.14285714285714285
30,Single WGAN-GP,rec80,No mechanism recorded,1,0,1,0.0
30,Single WGAN-GP,rec90,Heat dissipation,17,17,0,1.0
30,Single WGAN-GP,rec90,Power,14,14,0,1.0
30,Single WGAN-GP,rec90,Overstrain,12,12,0,1.0
30,Single WGAN-GP,rec90,Tool wear,7,3,4,0.42857142857142855
30,Single WGAN-GP,rec90,No mechanism recorded,1,0,1,0.0
30,Single WGAN-GP,fpr1,Heat dissipation,17,17,0,1.0
30,Single WGAN-GP,fpr1,Power,14,11,3,0.7857142857142857
30,Single WGAN-GP,fpr1,Overstrain,12,8,4,0.6666666666666666
30,Single WGAN-GP,fpr1,Tool wear,7,1,6,0.14285714285714285
30,Single WGAN-GP,fpr1,No mechanism recorded,1,0,1,0.0
30,Single WGAN-GP,fpr2,Heat dissipation,17,17,0,1.0
30,Single WGAN-GP,fpr2,Power,14,12,2,0.8571428571428571
30,Single WGAN-GP,fpr2,Overstrain,12,11,1,0.9166666666666666
30,Single WGAN-GP,fpr2,Tool wear,7,1,6,0.14285714285714285
30,Single WGAN-GP,fpr2,No mechanism recorded,1,0,1,0.0
